NODE_1_length_1199232_cov_34.6.g1.t1	XP_662397.1	100	363	363	363	2.16e-265	718
NODE_1_length_1199232_cov_34.6.g2.t1	XP_662396.1	86.9	573	553	534	0.0	927
NODE_1_length_1199232_cov_34.6.g3.t1	XP_662395.1	96.6	1049	1049	1013	0.0	1692
NODE_1_length_1199232_cov_34.6.g4.t1	XP_662394.2	92.2	683	687	869	0.0	1226
NODE_1_length_1199232_cov_34.6.g5.t1	XP_662393.1	100	1681	1681	1681	0.0	3336
NODE_1_length_1199232_cov_34.6.g6.t1	XP_662392.1	100	466	466	466	0.0	907
NODE_1_length_1199232_cov_34.6.g8.t1	XP_050467631.1	95.1	347	330	347	3.27e-227	619
NODE_1_length_1199232_cov_34.6.g9.t1	XP_050467632.1	100	687	687	687	0.0	1390
NODE_1_length_1199232_cov_34.6.g10.t1	XP_050467633.1	98.5	455	455	509	3.85e-282	770
NODE_1_length_1199232_cov_34.6.g11.t1	XP_050467634.1	100	506	506	506	0.0	986
NODE_1_length_1199232_cov_34.6.g12.t1	XP_050467635.1	94.4	161	197	161	1.18e-105	299
NODE_1_length_1199232_cov_34.6.g13.t1	XP_662385.1	99.7	288	289	289	8.41e-203	553
NODE_1_length_1199232_cov_34.6.g14.t1	XP_662384.2	100	241	241	258	4.13e-174	478
NODE_1_length_1199232_cov_34.6.g15.t1	XP_050467636.1	92.7	399	396	388	3.59e-249	679
NODE_1_length_1199232_cov_34.6.g16.t1	XP_662382.1	100	404	491	412	8.49e-306	828
NODE_1_length_1199232_cov_34.6.g17.t1	XP_662380.1	98.9	185	288	243	1.32e-128	364
NODE_1_length_1199232_cov_34.6.g18.t1	XP_662379.1	100	487	487	487	0.0	926
NODE_1_length_1199232_cov_34.6.g19.t1	XP_662378.1	100	560	560	560	0.0	1121
NODE_1_length_1199232_cov_34.6.g21.t1	XP_662376.1	94.7	525	525	544	0.0	942
NODE_1_length_1199232_cov_34.6.g22.t1	XP_662375.1	100	573	573	573	0.0	1081
NODE_1_length_1199232_cov_34.6.g23.t1	XP_868867.1	94.9	554	554	642	0.0	994
NODE_1_length_1199232_cov_34.6.g24.t1	XP_868868.1	100	413	413	413	9.16e-306	824
NODE_1_length_1199232_cov_34.6.g25.t1	XP_050467637.1	100	279	469	288	1.09e-200	556
NODE_1_length_1199232_cov_34.6.g26.t1	XP_050467638.1	100	324	324	324	1.64e-238	647
NODE_1_length_1199232_cov_34.6.g27.t1	XP_662373.1	100	574	574	574	0.0	1143
NODE_1_length_1199232_cov_34.6.g28.t1	XP_050467639.1	100	588	588	588	0.0	1171
NODE_1_length_1199232_cov_34.6.g29.t1	XP_662371.1	100	808	808	808	0.0	1524
NODE_1_length_1199232_cov_34.6.g30.t1	XP_662370.1	100	268	268	316	4.29e-174	481
NODE_1_length_1199232_cov_34.6.g31.t1	XP_050467641.1	100	756	932	756	0.0	1099
NODE_1_length_1199232_cov_34.6.g32.t1	XP_662368.2	98.9	821	821	812	0.0	1462
NODE_1_length_1199232_cov_34.6.g33.t1	XP_662367.1	93.5	601	601	565	0.0	1113
NODE_1_length_1199232_cov_34.6.g34.t1	XP_662366.1	100	144	144	144	1.43e-102	288
NODE_1_length_1199232_cov_34.6.g35.t1	XP_662365.1	98.2	935	935	918	0.0	1789
NODE_1_length_1199232_cov_34.6.g36.t1	XP_662364.1	98.9	530	530	524	0.0	967
NODE_1_length_1199232_cov_34.6.g37.t1	XP_662363.1	100	605	605	605	0.0	1112
NODE_1_length_1199232_cov_34.6.g38.t1	XP_662362.1	100	78	148	143	1.70e-44	141
NODE_1_length_1199232_cov_34.6.g39.t1	XP_662361.1	100	285	285	316	3.65e-207	565
NODE_1_length_1199232_cov_34.6.g40.t1	XP_662360.2	89.1	368	407	329	6.63e-238	649
NODE_1_length_1199232_cov_34.6.g41.t1	XP_050467642.1	94.0	451	451	424	3.55e-302	817
NODE_1_length_1199232_cov_34.6.g42.t1	XP_050467643.1	100	243	243	243	1.27e-126	357
NODE_1_length_1199232_cov_34.6.g43.t1	XP_662359.1	100	170	170	170	2.32e-91	262
NODE_1_length_1199232_cov_34.6.g44.t1	XP_050467644.1	95.4	457	472	447	9.00e-291	790
NODE_1_length_1199232_cov_34.6.g45.t1	XP_050467645.1	100	324	324	324	1.59e-245	664
NODE_1_length_1199232_cov_34.6.g46.t1	XP_662356.1	100	445	445	445	5.66e-298	807
NODE_1_length_1199232_cov_34.6.g47.t1	XP_662355.1	100	298	298	298	2.38e-163	454
NODE_1_length_1199232_cov_34.6.g49.t1	XP_050467646.1	100	1498	1498	1498	0.0	2977
NODE_1_length_1199232_cov_34.6.g50.t1	XP_662352.1	100	339	339	339	1.21e-148	421
NODE_1_length_1199232_cov_34.6.g51.t1	XP_662351.1	99.0	210	230	211	1.97e-149	413
NODE_1_length_1199232_cov_34.6.g52.t1	XP_662350.1	98.8	403	403	398	9.22e-286	773
NODE_1_length_1199232_cov_34.6.g53.t1	XP_662349.1	100	665	665	665	0.0	1157
NODE_1_length_1199232_cov_34.6.g54.t1	XP_662348.1	96.6	612	612	592	0.0	1080
NODE_1_length_1199232_cov_34.6.g55.t1	XP_662347.1	89.1	202	198	199	1.23e-125	351
NODE_1_length_1199232_cov_34.6.g56.t1	XP_050467647.1	100	114	114	114	1.86e-77	222
NODE_1_length_1199232_cov_34.6.g58.t1	XP_662345.1	89.5	1594	1594	1428	0.0	2680
NODE_1_length_1199232_cov_34.6.g59.t1	XP_662344.2	95.3	317	401	393	1.35e-214	592
NODE_1_length_1199232_cov_34.6.g60.t1	XP_662343.1	100	300	300	300	3.36e-219	596
NODE_1_length_1199232_cov_34.6.g62.t1	XP_050467649.1	100	511	511	566	0.0	1032
NODE_1_length_1199232_cov_34.6.g63.t1	XP_050467650.1	100	117	134	134	7.56e-82	235
NODE_1_length_1199232_cov_34.6.g64.t1	XP_050467651.1	88.8	439	390	612	6.79e-279	763
NODE_1_length_1199232_cov_34.6.g65.t1	XP_662339.1	90.6	775	775	715	0.0	1321
NODE_1_length_1199232_cov_34.6.g66.t1	XP_050467652.1	100	318	318	318	1.18e-228	621
NODE_1_length_1199232_cov_34.6.g67.t1	XP_050467653.1	91.2	1006	933	995	0.0	1709
NODE_1_length_1199232_cov_34.6.g68.t1	XP_662336.1	100	253	253	253	3.24e-173	476
NODE_1_length_1199232_cov_34.6.g69.t1	XP_662335.1	100	166	166	166	2.55e-118	330
NODE_1_length_1199232_cov_34.6.g70.t1	XP_662334.2	100	96	188	96	1.28e-65	195
NODE_1_length_1199232_cov_34.6.g71.t1	XP_662333.1	100	476	476	476	0.0	970
NODE_1_length_1199232_cov_34.6.g72.t1	XP_662332.1	96.3	922	922	889	0.0	1722
NODE_1_length_1199232_cov_34.6.g73.t1	XP_050467654.1	98.7	376	376	371	4.29e-275	743
NODE_1_length_1199232_cov_34.6.g74.t1	XP_662330.1	100	453	453	453	9.06e-315	850
NODE_1_length_1199232_cov_34.6.g75.t1	XP_662329.1	100	248	248	248	2.03e-169	466
NODE_1_length_1199232_cov_34.6.g76.t1	XP_050467655.1	100	687	687	687	0.0	1326
NODE_1_length_1199232_cov_34.6.g77.t1	XP_050467656.1	100	753	753	832	0.0	1377
NODE_1_length_1199232_cov_34.6.g79.t1	XP_662325.1	99.8	1241	1241	1241	0.0	2321
NODE_1_length_1199232_cov_34.6.g80.t1	XP_662324.1	100	313	313	313	9.46e-237	641
NODE_1_length_1199232_cov_34.6.g81.t1	XP_662323.1	100	1199	1199	1199	0.0	2373
NODE_1_length_1199232_cov_34.6.g82.t1	XP_662322.1	95.4	237	230	237	2.77e-146	406
NODE_1_length_1199232_cov_34.6.g83.t1	XP_662321.1	100	396	396	396	1.38e-296	800
NODE_1_length_1199232_cov_34.6.g84.t1	XP_662320.1	100	362	362	362	3.70e-261	707
NODE_1_length_1199232_cov_34.6.g85.t1	XP_662318.1	100	515	515	515	0.0	983
NODE_1_length_1199232_cov_34.6.g86.t1	XP_050467657.1	99.6	243	440	259	1.43e-172	482
NODE_1_length_1199232_cov_34.6.g87.t1	XP_050467658.1	100	660	660	660	0.0	1335
NODE_1_length_1199232_cov_34.6.g88.t1	XP_050467659.1	100	159	159	159	4.47e-120	333
NODE_1_length_1199232_cov_34.6.g89.t1	XP_662315.1	100	269	269	269	1.31e-205	559
NODE_1_length_1199232_cov_34.6.g90.t1	XP_662314.2	100	400	400	439	1.63e-286	776
NODE_1_length_1199232_cov_34.6.g91.t1	XP_662313.1	100	897	897	897	0.0	1783
NODE_1_length_1199232_cov_34.6.g92.t1	XP_662312.1	100	322	322	354	7.68e-237	644
NODE_1_length_1199232_cov_34.6.g93.t1	XP_662311.1	100	256	256	256	3.54e-183	501
NODE_1_length_1199232_cov_34.6.g94.t1	XP_662310.1	100	2404	2404	2404	0.0	3920
NODE_1_length_1199232_cov_34.6.g95.t1	XP_662309.1	97.8	1248	1244	1253	0.0	2147
NODE_1_length_1199232_cov_34.6.g96.t1	XP_664690.1	40.1	289	225	471	1.62e-50	169
NODE_1_length_1199232_cov_34.6.g98.t1	XP_662306.1	100	244	244	244	2.71e-181	495
NODE_1_length_1199232_cov_34.6.g99.t1	XP_662305.1	100	322	322	322	2.52e-216	590
NODE_1_length_1199232_cov_34.6.g100.t1	XP_662304.1	96.7	630	609	649	0.0	1150
NODE_1_length_1199232_cov_34.6.g101.t1	XP_662303.1	100	608	608	650	0.0	1189
NODE_1_length_1199232_cov_34.6.g102.t1	XP_050467660.1	100	599	599	615	0.0	1125
NODE_1_length_1199232_cov_34.6.g103.t1	XP_050467662.1	94.1	426	444	486	5.02e-281	766
NODE_1_length_1199232_cov_34.6.g104.t1	XP_662300.1	100	1244	1305	1305	0.0	2244
NODE_1_length_1199232_cov_34.6.g106.t1	XP_662298.1	100	606	606	606	0.0	976
NODE_1_length_1199232_cov_34.6.g107.t1	XP_662297.2	100	563	899	574	0.0	1025
NODE_1_length_1199232_cov_34.6.g108.t1	XP_662296.1	100	684	684	684	0.0	1236
NODE_1_length_1199232_cov_34.6.g109.t1	XP_662295.1	94.3	369	369	358	2.57e-246	670
NODE_1_length_1199232_cov_34.6.g110.t1	XP_662294.1	100	712	712	712	0.0	1406
NODE_1_length_1199232_cov_34.6.g111.t1	XP_662293.1	100	337	337	337	1.76e-235	640
NODE_1_length_1199232_cov_34.6.g112.t1	XP_662292.1	100	431	431	431	5.80e-309	834
NODE_1_length_1199232_cov_34.6.g113.t1	XP_662291.2	100	504	504	588	0.0	997
NODE_1_length_1199232_cov_34.6.g114.t1	XP_662290.1	100	320	320	320	8.69e-232	629
NODE_1_length_1199232_cov_34.6.g115.t1	XP_050467665.1	92.9	154	176	202	3.72e-92	265
NODE_1_length_1199232_cov_34.6.g116.t1	XP_662288.1	100	465	465	465	0.0	945
NODE_1_length_1199232_cov_34.6.g117.t1	XP_662287.1	100	460	461	460	0.0	914
NODE_1_length_1199232_cov_34.6.g118.t1	XP_662286.1	100	76	76	76	7.48e-55	162
NODE_1_length_1199232_cov_34.6.g119.t1	XP_662285.1	100	479	479	479	0.0	971
NODE_1_length_1199232_cov_34.6.g120.t1	XP_050467666.1	97.4	270	263	270	2.58e-172	474
NODE_1_length_1199232_cov_34.6.g121.t1	XP_662282.1	100	674	674	674	0.0	1334
NODE_1_length_1199232_cov_34.6.g123.t1	XP_662280.1	100	559	582	662	0.0	991
NODE_1_length_1199232_cov_34.6.g124.t1	XP_662278.1	100	304	304	304	3.84e-179	495
NODE_1_length_1199232_cov_34.6.g125.t1	XP_662277.1	100	489	489	489	0.0	1009
NODE_1_length_1199232_cov_34.6.g126.t1	XP_050467669.1	100	250	250	250	1.50e-181	496
NODE_1_length_1199232_cov_34.6.g127.t1	XP_662275.1	100	338	338	338	6.28e-250	677
NODE_1_length_1199232_cov_34.6.g128.t1	XP_662274.1	100	643	643	643	0.0	1197
NODE_1_length_1199232_cov_34.6.g129.t1	XP_662273.1	99.4	320	615	530	2.16e-223	629
NODE_1_length_1199232_cov_34.6.g130.t1	XP_662272.1	90.7	345	415	347	1.48e-229	629
NODE_1_length_1199232_cov_34.6.g131.t1	XP_050467670.1	97.6	380	380	379	3.78e-240	655
NODE_1_length_1199232_cov_34.6.g132.t1	XP_662270.1	100	317	363	317	6.21e-231	629
NODE_1_length_1199232_cov_34.6.g133.t1	XP_662269.1	100	204	269	279	1.07e-140	395
NODE_1_length_1199232_cov_34.6.g134.t1	XP_050467671.1	100	505	505	505	0.0	984
NODE_1_length_1199232_cov_34.6.g135.t1	XP_662267.1	100	558	558	558	0.0	1109
NODE_1_length_1199232_cov_34.6.g136.t1	XP_662266.1	100	184	208	214	4.52e-134	373
NODE_1_length_1199232_cov_34.6.g137.t1	XP_662263.1	96.6	619	619	598	0.0	1167
NODE_1_length_1199232_cov_34.6.g138.t1	XP_662262.1	100	319	398	323	3.88e-240	654
NODE_1_length_1199232_cov_34.6.g140.t1	XP_662261.1	86.2	429	429	371	1.19e-256	699
NODE_1_length_1199232_cov_34.6.g141.t1	XP_662259.1	100	173	173	173	3.05e-118	330
NODE_1_length_1199232_cov_34.6.g142.t1	XP_662258.1	100	488	833	580	1.51e-313	868
NODE_1_length_1199232_cov_34.6.g143.t1	XP_050467672.1	100	353	353	356	1.05e-254	690
NODE_1_length_1199232_cov_34.6.g144.t1	XP_050467673.1	100	1290	1290	1290	0.0	2449
NODE_1_length_1199232_cov_34.6.g145.t1	XP_050467674.1	100	116	116	206	9.77e-82	236
NODE_1_length_1199232_cov_34.6.g147.t1	XP_050467675.1	100	811	811	811	0.0	1558
NODE_1_length_1199232_cov_34.6.g148.t1	XP_662253.1	98.2	563	563	553	0.0	1082
NODE_1_length_1199232_cov_34.6.g149.t1	XP_662252.1	100	541	541	541	0.0	1023
NODE_1_length_1199232_cov_34.6.g150.t1	XP_662251.1	100	313	313	313	7.46e-234	634
NODE_1_length_1199232_cov_34.6.g151.t1	XP_662250.1	100	99	99	99	3.07e-51	155
NODE_1_length_1199232_cov_34.6.g152.t1	XP_050467676.1	99.7	328	433	349	1.07e-227	625
NODE_1_length_1199232_cov_34.6.g153.t1	XP_662248.1	98.9	189	308	197	1.36e-136	383
NODE_1_length_1199232_cov_34.6.g154.t1	XP_050467677.1	94.5	547	547	518	0.0	1027
NODE_1_length_1199232_cov_34.6.g155.t1	XP_662246.1	100	427	427	427	2.27e-265	723
NODE_1_length_1199232_cov_34.6.g156.t1	XP_050467679.1	100	1699	2198	1704	0.0	3369
NODE_1_length_1199232_cov_34.6.g157.t1	XP_662244.1	97.6	423	423	413	3.31e-297	803
NODE_1_length_1199232_cov_34.6.g158.t1	XP_662243.1	100	1394	1437	1431	0.0	2732
NODE_1_length_1199232_cov_34.6.g159.t1	XP_050467680.1	100	589	700	656	0.0	1163
NODE_1_length_1199232_cov_34.6.g160.t1	XP_662241.1	100	812	812	812	0.0	1561
NODE_1_length_1199232_cov_34.6.g161.t1	XP_050467681.1	89.2	260	280	270	1.01e-155	433
NODE_1_length_1199232_cov_34.6.g162.t1	XP_662239.2	100	543	543	543	0.0	977
NODE_1_length_1199232_cov_34.6.g163.t1	XP_050467682.1	100	113	113	113	4.59e-48	148
NODE_1_length_1199232_cov_34.6.g164.t1	XP_662238.1	94.1	273	273	357	1.44e-183	507
NODE_1_length_1199232_cov_34.6.g165.t1	XP_662237.1	89.3	121	121	108	1.28e-71	207
NODE_1_length_1199232_cov_34.6.g166.t1	XP_662236.1	100	746	746	746	0.0	1362
NODE_1_length_1199232_cov_34.6.g167.t1	XP_662235.1	96.9	290	294	328	7.96e-175	484
NODE_1_length_1199232_cov_34.6.g168.t1	XP_662234.1	100	499	499	499	0.0	988
NODE_1_length_1199232_cov_34.6.g169.t1	XP_662233.1	74.2	217	217	179	7.94e-104	296
NODE_1_length_1199232_cov_34.6.g170.t1	XP_662232.1	96.9	318	350	378	1.28e-216	595
NODE_1_length_1199232_cov_34.6.g171.t1	XP_662231.1	100	108	195	165	7.08e-75	221
NODE_1_length_1199232_cov_34.6.g172.t1	XP_662230.1	100	467	467	467	0.0	942
NODE_1_length_1199232_cov_34.6.g173.t1	XP_662229.1	100	282	282	282	4.02e-202	551
NODE_1_length_1199232_cov_34.6.g175.t1	XP_662227.1	100	1483	1483	1483	0.0	2915
NODE_1_length_1199232_cov_34.6.g176.t1	XP_662226.1	100	433	433	433	2.81e-317	855
NODE_1_length_1199232_cov_34.6.g177.t1	XP_662225.1	100	447	447	447	4.98e-309	835
NODE_1_length_1199232_cov_34.6.g178.t1	XP_662224.1	95.1	474	451	487	0.0	885
NODE_1_length_1199232_cov_34.6.g179.t1	XP_662223.1	98.7	231	244	244	6.79e-166	456
NODE_1_length_1199232_cov_34.6.g180.t1	XP_662222.1	100	706	993	724	0.0	1103
NODE_1_length_1199232_cov_34.6.g181.t1	XP_662220.1	100	563	563	563	0.0	1009
NODE_1_length_1199232_cov_34.6.g182.t1	XP_662219.2	100	244	244	244	5.89e-176	482
NODE_1_length_1199232_cov_34.6.g183.t1	XP_662218.1	100	310	310	310	8.29e-225	611
NODE_1_length_1199232_cov_34.6.g184.t1	XP_662217.1	100	855	855	855	0.0	1683
NODE_1_length_1199232_cov_34.6.g185.t1	XP_662216.2	100	165	165	165	2.53e-104	294
NODE_1_length_1199232_cov_34.6.g187.t1	XP_662213.1	100	1557	1557	1557	0.0	2982
NODE_1_length_1199232_cov_34.6.g188.t1	XP_662212.1	100	309	309	309	5.40e-225	611
NODE_1_length_1199232_cov_34.6.g189.t1	XP_662211.1	100	146	146	146	1.27e-106	298
NODE_1_length_1199232_cov_34.6.g190.t1	XP_662209.1	100	205	205	205	9.16e-147	405
NODE_1_length_1199232_cov_34.6.g191.t1	XP_662208.1	100	323	323	323	1.30e-239	649
NODE_1_length_1199232_cov_34.6.g192.t1	XP_662207.1	100	506	506	506	0.0	1023
NODE_1_length_1199232_cov_34.6.g194.t1	XP_662206.1	100	193	193	193	1.94e-133	370
NODE_1_length_1199232_cov_34.6.g195.t1	XP_662205.1	100	1369	1369	1396	0.0	2649
NODE_1_length_1199232_cov_34.6.g196.t1	XP_662204.1	100	262	318	318	3.87e-151	425
NODE_1_length_1199232_cov_34.6.g197.t1	XP_662203.1	97.6	835	899	816	0.0	1489
NODE_1_length_1199232_cov_34.6.g198.t1	XP_050467686.1	100	434	438	457	7.02e-316	853
NODE_1_length_1199232_cov_34.6.g199.t1	XP_662201.1	98.8	1443	1449	1476	0.0	2006
NODE_1_length_1199232_cov_34.6.g200.t1	XP_662200.1	100	317	317	317	8.38e-233	632
NODE_1_length_1199232_cov_34.6.g201.t1	XP_662199.1	100	512	512	512	0.0	899
NODE_1_length_1199232_cov_34.6.g202.t1	XP_662198.1	100	115	115	115	8.16e-77	221
NODE_1_length_1199232_cov_34.6.g203.t1	XP_662197.1	100	686	686	686	0.0	1268
NODE_1_length_1199232_cov_34.6.g204.t1	XP_662196.2	100	545	545	545	0.0	1128
NODE_1_length_1199232_cov_34.6.g205.t1	XP_050467687.1	98.4	618	612	614	0.0	1219
NODE_1_length_1199232_cov_34.6.g207.t1	XP_662194.1	94.8	556	552	554	0.0	1050
NODE_1_length_1199232_cov_34.6.g208.t1	XP_662193.1	100	70	70	70	5.81e-45	137
NODE_1_length_1199232_cov_34.6.g209.t1	XP_662191.1	100	134	155	167	4.67e-91	260
NODE_1_length_1199232_cov_34.6.g210.t1	XP_662190.1	100	226	226	226	2.71e-163	448
NODE_1_length_1199232_cov_34.6.g211.t1	XP_050467688.1	100	616	616	616	0.0	1058
NODE_1_length_1199232_cov_34.6.g212.t1	XP_662188.1	100	126	137	150	1.16e-87	250
NODE_1_length_1199232_cov_34.6.g213.t1	XP_662187.1	100	372	372	372	8.56e-272	735
NODE_1_length_1199232_cov_34.6.g214.t1	XP_662186.1	100	468	468	468	0.0	894
NODE_1_length_1199232_cov_34.6.g215.t1	XP_662185.1	100	844	844	844	0.0	1457
NODE_1_length_1199232_cov_34.6.g216.t1	XP_662184.1	89.6	134	134	120	5.74e-74	214
NODE_1_length_1199232_cov_34.6.g217.t1	XP_662183.1	100	510	510	510	0.0	992
NODE_1_length_1199232_cov_34.6.g218.t1	XP_662182.1	100	362	362	362	4.51e-262	709
NODE_1_length_1199232_cov_34.6.g219.t1	XP_662181.1	100	411	411	411	0.0	861
NODE_1_length_1199232_cov_34.6.g220.t1	XP_662180.1	100	459	792	459	0.0	904
NODE_1_length_1199232_cov_34.6.g221.t1	XP_662178.1	100	511	511	511	0.0	1058
NODE_1_length_1199232_cov_34.6.g222.t1	XP_662177.1	99.6	255	268	266	1.05e-185	508
NODE_1_length_1199232_cov_34.6.g223.t1	XP_662176.1	99.3	307	312	327	5.42e-221	602
NODE_1_length_1199232_cov_34.6.g224.t1	XP_662175.1	100	1180	1316	1230	0.0	1970
NODE_1_length_1199232_cov_34.6.g225.t1	XP_662174.1	100	600	600	600	0.0	1042
NODE_1_length_1199232_cov_34.6.g226.t1	XP_050467689.1	100	240	240	240	2.92e-174	477
NODE_1_length_1199232_cov_34.6.g227.t1	XP_050467690.1	100	180	180	252	3.13e-124	348
NODE_1_length_1199232_cov_34.6.g228.t1	XP_662172.2	100	307	307	307	5.79e-219	596
NODE_1_length_1199232_cov_34.6.g229.t1	XP_662171.1	98.9	443	443	438	0.0	874
NODE_1_length_1199232_cov_34.6.g230.t1	XP_050467691.1	99.9	898	898	918	0.0	1817
NODE_1_length_1199232_cov_34.6.g231.t1	XP_662169.1	100	205	205	205	8.44e-143	395
NODE_1_length_1199232_cov_34.6.g232.t1	XP_662168.1	99.9	1474	1474	1474	0.0	2615
NODE_1_length_1199232_cov_34.6.g233.t1	XP_050467692.1	99.7	367	367	370	1.59e-272	736
NODE_1_length_1199232_cov_34.6.g234.t1	XP_662166.1	100	317	317	317	1.55e-228	621
NODE_1_length_1199232_cov_34.6.g235.t1	XP_662165.1	100	248	248	248	4.09e-169	465
NODE_1_length_1199232_cov_34.6.g236.t1	XP_662164.1	100	170	170	190	2.05e-110	311
NODE_1_length_1199232_cov_34.6.g237.t1	XP_662163.1	100	105	105	105	1.17e-69	202
NODE_1_length_1199232_cov_34.6.g238.t1	XP_662162.1	96.4	886	886	854	0.0	1634
NODE_1_length_1199232_cov_34.6.g239.t1	XP_662161.1	100	883	883	883	0.0	1647
NODE_1_length_1199232_cov_34.6.g240.t1	XP_662160.1	100	359	359	359	8.76e-263	711
NODE_1_length_1199232_cov_34.6.g241.t1	XP_662159.1	100	629	629	629	0.0	1273
NODE_1_length_1199232_cov_34.6.g242.t1	XP_662158.1	100	309	309	309	3.16e-208	569
NODE_1_length_1199232_cov_34.6.g243.t1	XP_662157.1	90.8	173	173	163	4.44e-102	289
NODE_1_length_1199232_cov_34.6.g244.t1	XP_662156.1	99.2	725	719	725	0.0	1392
NODE_1_length_1199232_cov_34.6.g245.t1	XP_662155.1	98.1	833	1419	833	0.0	1492
NODE_1_length_1199232_cov_34.6.g246.t1	XP_662153.1	100	407	407	407	4.38e-310	835
NODE_1_length_1199232_cov_34.6.g247.t1	XP_662152.1	100	301	378	302	2.85e-218	597
NODE_1_length_1199232_cov_34.6.g248.t1	XP_050467693.1	100	917	917	917	0.0	1726
NODE_1_length_1199232_cov_34.6.g249.t1	XP_662150.1	100	358	358	542	8.16e-250	686
NODE_1_length_1199232_cov_34.6.g250.t1	XP_662149.1	100	950	950	950	0.0	1713
NODE_1_length_1199232_cov_34.6.g251.t1	XP_662148.1	100	702	702	702	0.0	1320
NODE_1_length_1199232_cov_34.6.g252.t1	XP_662147.2	95.5	332	332	327	2.45e-220	601
NODE_1_length_1199232_cov_34.6.g253.t1	XP_662146.1	100	460	460	460	2.03e-310	840
NODE_1_length_1199232_cov_34.6.g254.t1	XP_662145.1	100	350	350	350	1.82e-255	692
NODE_1_length_1199232_cov_34.6.g255.t1	XP_050467694.1	100	355	355	355	5.72e-266	719
NODE_1_length_1199232_cov_34.6.g256.t1	XP_050467695.1	100	110	110	110	2.90e-79	226
NODE_1_length_1199232_cov_34.6.g257.t1	XP_662142.1	100	466	466	466	0.0	907
NODE_1_length_1199232_cov_34.6.g258.t1	XP_662141.1	97.7	569	569	684	0.0	1058
NODE_1_length_1199232_cov_34.6.g259.t1	XP_050467696.1	98.4	1047	1047	1121	0.0	1994
NODE_1_length_1199232_cov_34.6.g260.t1	XP_662139.1	100	723	723	723	0.0	1289
NODE_1_length_1199232_cov_34.6.g261.t1	XP_662138.1	100	300	300	300	1.30e-191	526
NODE_1_length_1199232_cov_34.6.g262.t1	XP_050467697.1	99.9	955	1361	967	0.0	1918
NODE_1_length_1199232_cov_34.6.g263.t1	XP_662136.1	100	295	295	295	2.03e-222	603
NODE_1_length_1199232_cov_34.6.g264.t1	XP_050467699.1	89.8	265	238	510	1.25e-163	461
NODE_1_length_1199232_cov_34.6.g266.t1	XP_662134.1	100	403	403	403	1.36e-286	775
NODE_1_length_1199232_cov_34.6.g267.t1	XP_662133.1	100	340	340	340	6.80e-230	626
NODE_1_length_1199232_cov_34.6.g268.t1	XP_662132.1	100	309	309	309	3.21e-217	592
NODE_1_length_1199232_cov_34.6.g269.t1	XP_050467701.1	97.3	110	112	188	3.79e-74	216
NODE_1_length_1199232_cov_34.6.g270.t1	XP_050467702.1	100	538	538	538	0.0	1069
NODE_1_length_1199232_cov_34.6.g271.t1	XP_662129.1	100	194	194	194	1.37e-138	383
NODE_1_length_1199232_cov_34.6.g272.t1	XP_662128.1	100	332	332	332	1.72e-244	662
NODE_1_length_1199232_cov_34.6.g273.t1	XP_662127.1	99.5	2959	2959	2945	0.0	5871
NODE_1_length_1199232_cov_34.6.g274.t1	XP_662126.1	100	116	116	116	9.49e-81	231
NODE_1_length_1199232_cov_34.6.g275.t1	XP_662125.1	95.9	487	493	633	0.0	894
NODE_1_length_1199232_cov_34.6.g276.t1	XP_662124.1	98.0	553	553	544	0.0	1016
NODE_1_length_1199232_cov_34.6.g277.t1	XP_662123.1	97.3	624	624	607	0.0	1020
NODE_1_length_1199232_cov_34.6.g278.t1	XP_662122.1	93.4	1357	1357	1289	0.0	2434
NODE_1_length_1199232_cov_34.6.g279.t1	XP_662121.1	100	920	920	920	0.0	1740
NODE_1_length_1199232_cov_34.6.g280.t1	XP_050467704.1	100	606	869	606	0.0	1209
NODE_1_length_1199232_cov_34.6.g281.t1	XP_662119.1	100	435	435	435	1.32e-291	790
NODE_1_length_1199232_cov_34.6.g282.t1	XP_050467706.1	100	338	421	338	1.05e-249	680
NODE_1_length_1199232_cov_34.6.g283.t1	XP_662118.2	100	213	213	213	3.07e-158	434
NODE_1_length_1199232_cov_34.6.g284.t1	XP_662117.1	100	989	989	989	0.0	1855
NODE_1_length_1199232_cov_34.6.g285.t1	XP_662116.1	100	151	175	151	2.09e-107	302
NODE_1_length_1199232_cov_34.6.g286.t1	XP_662115.1	100	203	203	203	1.65e-148	409
NODE_1_length_1199232_cov_34.6.g287.t1	XP_662114.2	100	923	923	923	0.0	1634
NODE_1_length_1199232_cov_34.6.g289.t1	XP_662113.1	99.1	870	1037	870	0.0	1598
NODE_1_length_1199232_cov_34.6.g290.t1	XP_662112.1	100	335	335	335	1.26e-243	660
NODE_1_length_1199232_cov_34.6.g291.t1	XP_662111.1	100	481	481	521	0.0	988
NODE_1_length_1199232_cov_34.6.g292.t1	XP_662110.1	100	240	243	308	2.93e-168	465
NODE_1_length_1199232_cov_34.6.g293.t1	XP_662109.1	100	158	158	158	5.00e-103	290
NODE_1_length_1199232_cov_34.6.g294.t1	XP_050467707.1	100	632	632	632	0.0	1217
NODE_1_length_1199232_cov_34.6.g295.t1	XP_662106.2	100	140	140	166	2.25e-87	250
NODE_1_length_1199232_cov_34.6.g296.t1	XP_662105.1	100	261	261	261	2.09e-173	477
NODE_1_length_1199232_cov_34.6.g297.t1	XP_050467708.1	100	98	98	98	3.62e-63	185
NODE_1_length_1199232_cov_34.6.g298.t1	XP_662103.1	100	624	624	624	4.62e-226	640
NODE_1_length_1199232_cov_34.6.g299.t1	XP_662102.1	100	543	543	543	0.0	972
NODE_1_length_1199232_cov_34.6.g300.t1	XP_662101.1	100	1117	1117	1117	0.0	2073
NODE_1_length_1199232_cov_34.6.g301.t1	XP_662100.1	100	996	996	996	0.0	1855
NODE_1_length_1199232_cov_34.6.g302.t1	XP_662099.1	100	568	568	568	0.0	1159
NODE_1_length_1199232_cov_34.6.g303.t1	XP_662098.2	100	140	140	140	4.86e-99	279
NODE_1_length_1199232_cov_34.6.g304.t1	XP_662097.1	100	687	687	687	0.0	1311
NODE_1_length_1199232_cov_34.6.g305.t1	XP_050467710.1	100	338	338	338	3.34e-245	665
NODE_1_length_1199232_cov_34.6.g306.t1	XP_662095.1	100	304	304	304	1.09e-226	615
NODE_1_length_1199232_cov_34.6.g307.t1	XP_662094.1	100	532	532	532	0.0	982
NODE_1_length_1199232_cov_34.6.g308.t1	XP_662093.1	99.9	730	730	730	0.0	1466
NODE_1_length_1199232_cov_34.6.g309.t1	XP_662092.1	100	977	977	977	0.0	1877
NODE_1_length_1199232_cov_34.6.g310.t1	XP_662091.1	100	679	694	785	0.0	1400
NODE_1_length_1199232_cov_34.6.g311.t1	XP_662090.1	93.8	731	686	731	0.0	1293
NODE_1_length_1199232_cov_34.6.g313.t1	XP_662088.1	100	869	869	869	0.0	1609
NODE_1_length_1199232_cov_34.6.g314.t1	XP_050467711.1	97.3	627	610	627	0.0	1190
NODE_1_length_1199232_cov_34.6.g315.t1	XP_662086.1	100	579	579	579	0.0	1167
NODE_1_length_1199232_cov_34.6.g316.t1	XP_662085.1	100	440	460	510	6.89e-319	863
NODE_1_length_1199232_cov_34.6.g317.t1	XP_662084.1	100	617	617	617	1.28e-196	564
NODE_1_length_1199232_cov_34.6.g318.t1	XP_662083.2	100	1294	1302	1297	0.0	2385
NODE_1_length_1199232_cov_34.6.g319.t1	XP_662082.1	100	1174	1174	1174	0.0	2187
NODE_1_length_1199232_cov_34.6.g320.t1	XP_662081.1	100	654	704	739	0.0	1270
NODE_1_length_1199232_cov_34.6.g321.t1	XP_050467713.1	98.5	196	388	196	2.59e-93	276
NODE_1_length_1199232_cov_34.6.g322.t1	XP_662079.1	100	174	176	175	5.08e-125	347
NODE_1_length_1199232_cov_34.6.g323.t1	XP_662077.1	100	553	553	553	0.0	1150
NODE_1_length_1199232_cov_34.6.g324.t1	XP_662076.1	100	1443	1477	1447	0.0	2509
NODE_1_length_1199232_cov_34.6.g325.t1	XP_662075.1	100	496	496	496	0.0	959
NODE_1_length_1199232_cov_34.6.g326.t1	XP_662074.2	99.8	514	514	514	0.0	1003
NODE_1_length_1199232_cov_34.6.g327.t1	XP_050467714.1	100	456	456	456	0.0	901
NODE_1_length_1199232_cov_34.6.g328.t1	XP_868815.2	100	182	182	182	2.87e-100	285
NODE_1_length_1199232_cov_34.6.g329.t1	XP_050467716.1	100	1023	1057	1057	0.0	1996
NODE_1_length_1199232_cov_34.6.g330.t1	XP_050467717.1	97.9	766	821	769	0.0	1362
NODE_1_length_1199232_cov_34.6.g331.t1	XP_662073.1	100	485	485	485	0.0	924
NODE_1_length_1199232_cov_34.6.g332.t1	XP_050467718.1	100	86	86	119	2.56e-55	165
NODE_1_length_1199232_cov_34.6.g333.t1	XP_662071.1	100	214	214	214	3.72e-155	427
NODE_1_length_1199232_cov_34.6.g334.t1	XP_050467719.1	100	668	668	668	0.0	1204
NODE_1_length_1199232_cov_34.6.g335.t1	XP_662070.2	100	780	780	780	0.0	1390
NODE_1_length_1199232_cov_34.6.g336.t1	XP_662069.1	100	353	353	353	1.38e-256	695
NODE_1_length_1199232_cov_34.6.g337.t1	XP_050467720.1	100	595	595	595	0.0	1172
NODE_1_length_1199232_cov_34.6.g338.t1	XP_662067.1	100	1676	1676	1676	0.0	3302
NODE_1_length_1199232_cov_34.6.g339.t1	XP_662066.1	100	1196	1196	1196	0.0	2370
NODE_1_length_1199232_cov_34.6.g340.t1	XP_662065.1	100	523	523	523	8.39e-305	831
NODE_1_length_1199232_cov_34.6.g341.t1	XP_662064.1	100	977	977	977	0.0	1910
NODE_1_length_1199232_cov_34.6.g342.t1	XP_662063.1	100	720	798	720	0.0	1372
NODE_1_length_1199232_cov_34.6.g343.t1	XP_050467721.1	97.0	635	664	616	0.0	1182
NODE_1_length_1199232_cov_34.6.g344.t1	XP_662061.2	100	203	223	203	2.15e-147	407
NODE_1_length_1199232_cov_34.6.g345.t1	XP_662060.1	100	625	625	625	0.0	1136
NODE_1_length_1199232_cov_34.6.g346.t1	XP_662059.1	91.8	489	489	449	4.16e-257	706
NODE_1_length_1199232_cov_34.6.g347.t1	XP_662057.1	96.4	938	938	905	0.0	1758
NODE_1_length_1199232_cov_34.6.g348.t1	XP_662056.1	85.8	530	510	512	2.12e-308	839
NODE_1_length_1199232_cov_34.6.g349.t1	XP_050467722.1	100	515	515	515	0.0	967
NODE_1_length_1199232_cov_34.6.g350.t1	XP_662053.1	100	192	206	192	1.52e-140	389
NODE_1_length_1199232_cov_34.6.g351.t1	XP_662051.1	100	940	940	940	0.0	1830
NODE_1_length_1199232_cov_34.6.g352.t1	XP_662050.1	100	232	232	232	2.22e-165	454
NODE_1_length_1199232_cov_34.6.g353.t1	XP_662049.1	98.5	594	594	586	0.0	989
NODE_1_length_1199232_cov_34.6.g354.t1	XP_662048.1	97.7	530	534	518	0.0	1003
NODE_1_length_1199232_cov_34.6.g355.t1	XP_662047.2	100	763	763	774	0.0	1501
NODE_1_length_1199232_cov_34.6.g356.t1	XP_050467723.1	94.5	418	434	402	1.84e-285	773
NODE_1_length_1199232_cov_34.6.g357.t1	XP_050467724.1	97.3	1095	1065	1095	0.0	2049
NODE_1_length_1199232_cov_34.6.g358.t1	XP_662045.1	97.1	349	349	339	4.17e-233	635
NODE_1_length_1199232_cov_34.6.g359.t1	XP_662044.1	100	134	134	134	2.02e-95	269
NODE_1_length_1199232_cov_34.6.g360.t1	XP_662043.1	100	285	285	285	1.84e-204	557
NODE_1_length_1199232_cov_34.6.g361.t1	XP_662042.1	100	565	565	565	3.27e-148	437
NODE_1_length_1199232_cov_34.6.g362.t1	XP_050467725.1	100	490	490	490	0.0	909
NODE_1_length_1199232_cov_34.6.g363.t1	XP_662041.2	100	615	615	615	0.0	1234
NODE_1_length_1199232_cov_34.6.g365.t1	XP_662039.1	100	967	967	980	0.0	1722
NODE_1_length_1199232_cov_34.6.g366.t1	XP_662038.1	100	243	243	243	8.67e-173	474
NODE_1_length_1199232_cov_34.6.g367.t1	XP_662037.1	100	816	816	816	0.0	1593
NODE_1_length_1199232_cov_34.6.g368.t1	XP_050467727.1	100	534	561	541	0.0	1064
NODE_1_length_1199232_cov_34.6.g369.t1	XP_050467728.1	100	408	466	466	1.83e-263	722
NODE_1_length_1199232_cov_34.6.g370.t1	XP_662034.1	100	326	355	326	2.63e-223	610
NODE_1_length_1199232_cov_34.6.g371.t1	XP_662033.1	89.4	814	812	736	0.0	1280
NODE_1_length_1199232_cov_34.6.g372.t1	XP_662032.1	100	555	555	555	0.0	1063
NODE_1_length_1199232_cov_34.6.g373.t1	XP_662031.1	100	537	537	537	0.0	1085
NODE_1_length_1199232_cov_34.6.g374.t1	XP_662030.1	100	232	232	232	5.49e-175	478
NODE_1_length_1199232_cov_34.6.g375.t1	XP_662029.1	95.3	320	315	311	1.13e-219	598
NODE_1_length_1199232_cov_34.6.g376.t1	XP_662028.1	100	494	494	494	0.0	1003
NODE_1_length_1199232_cov_34.6.g377.t1	XP_662027.1	100	250	250	250	5.19e-173	475
NODE_1_length_1199232_cov_34.6.g378.t1	XP_662026.2	100	498	498	498	0.0	903
NODE_1_length_1199232_cov_34.6.g379.t1	XP_662025.1	100	421	421	458	0.0	871
NODE_1_length_1199232_cov_34.6.g380.t1	XP_050467729.1	99.8	463	623	463	0.0	894
NODE_1_length_1199232_cov_34.6.g381.t1	XP_662023.1	98.0	351	345	351	9.69e-259	700
NODE_1_length_1199232_cov_34.6.g382.t1	XP_662022.1	100	613	613	613	0.0	1210
NODE_1_length_1199232_cov_34.6.g383.t1	XP_050467732.1	100	650	650	650	0.0	1271
NODE_1_length_1199232_cov_34.6.g384.t1	XP_662020.1	100	273	273	273	6.80e-169	466
NODE_1_length_1199232_cov_34.6.g385.t1	XP_662019.1	100	288	288	288	1.96e-196	537
NODE_1_length_1199232_cov_34.6.g386.t1	XP_662018.1	100	404	404	404	9.89e-285	770
NODE_1_length_1199232_cov_34.6.g387.t1	XP_050467733.1	98.9	1319	1398	1338	0.0	2519
NODE_1_length_1199232_cov_34.6.g388.t1	XP_662016.1	100	1073	1073	1073	0.0	2054
NODE_1_length_1199232_cov_34.6.g389.t1	XP_662015.1	100	315	315	315	5.05e-233	632
NODE_1_length_1199232_cov_34.6.g390.t1	XP_662014.2	100	278	431	278	5.70e-191	529
NODE_1_length_1199232_cov_34.6.g391.t1	XP_662013.1	100	359	359	397	1.12e-256	697
NODE_1_length_1199232_cov_34.6.g392.t1	XP_662012.1	93.0	886	824	886	0.0	1577
NODE_1_length_1199232_cov_34.6.g393.t1	XP_662011.1	100	582	598	582	0.0	1148
NODE_1_length_1199232_cov_34.6.g395.t1	XP_662010.1	100	259	280	263	1.11e-178	491
NODE_1_length_1199232_cov_34.6.g396.t1	XP_662009.1	100	418	418	418	8.64e-318	855
NODE_1_length_1199232_cov_34.6.g397.t1	XP_662008.1	99.3	448	445	448	9.83e-302	817
NODE_1_length_1199232_cov_34.6.g398.t1	XP_662007.1	100	257	330	260	3.48e-155	434
NODE_1_length_1199232_cov_34.6.g399.t1	XP_662006.1	100	284	284	284	4.50e-200	546
NODE_1_length_1199232_cov_34.6.g400.t1	XP_662005.1	100	571	571	571	0.0	1179
NODE_1_length_1199232_cov_34.6.g401.t1	XP_050467735.1	100	157	157	157	4.49e-119	331
NODE_1_length_1199232_cov_34.6.g402.t1	XP_662002.1	100	523	523	523	0.0	991
NODE_1_length_1199232_cov_34.6.g403.t1	XP_662001.1	99.0	511	511	506	0.0	994
NODE_1_length_1199232_cov_34.6.g404.t1	XP_050467736.1	100	106	106	106	2.34e-74	214
NODE_1_length_1199232_cov_34.6.g405.t1	XP_661999.2	100	342	342	410	1.92e-258	701
NODE_1_length_1199232_cov_34.6.g406.t1	XP_661998.1	100	371	371	371	4.82e-257	697
NODE_2_length_797339_cov_33.63.g407.t1	XP_680786.1	99.5	444	442	444	0.0	874
NODE_2_length_797339_cov_33.63.g408.t1	XP_680787.1	92.8	611	611	567	0.0	1106
NODE_2_length_797339_cov_33.63.g409.t1	XP_680788.1	100	383	387	500	3.83e-285	775
NODE_2_length_797339_cov_33.63.g410.t1	XP_680789.1	100	140	204	237	2.11e-97	281
NODE_2_length_797339_cov_33.63.g411.t1	XP_680790.1	100	560	560	560	0.0	1157
NODE_2_length_797339_cov_33.63.g412.t1	XP_680791.1	99.6	488	503	501	0.0	986
NODE_2_length_797339_cov_33.63.g413.t1	XP_050467977.1	89.4	367	367	328	6.19e-221	604
NODE_2_length_797339_cov_33.63.g414.t1	XP_050467978.1	92.6	890	890	824	0.0	1594
NODE_2_length_797339_cov_33.63.g415.t1	XP_680794.1	100	331	331	331	2.26e-244	662
NODE_2_length_797339_cov_33.63.g416.t1	XP_680795.1	100	576	576	576	4.50e-301	826
NODE_2_length_797339_cov_33.63.g417.t1	XP_680796.2	100	345	345	357	2.86e-257	696
NODE_2_length_797339_cov_33.63.g418.t1	XP_050467979.1	100	395	395	395	1.02e-302	815
NODE_2_length_797339_cov_33.63.g419.t1	XP_680797.1	99.6	237	249	253	1.03e-152	424
NODE_2_length_797339_cov_33.63.g420.t1	XP_680798.1	100	439	439	439	0.0	872
NODE_2_length_797339_cov_33.63.g421.t1	XP_050467980.1	100	78	78	78	1.60e-59	174
NODE_2_length_797339_cov_33.63.g422.t1	XP_680799.1	100	219	219	219	1.22e-142	395
NODE_2_length_797339_cov_33.63.g423.t1	XP_680801.1	100	169	169	169	4.64e-102	289
NODE_2_length_797339_cov_33.63.g424.t1	XP_680802.1	100	790	831	831	0.0	1321
NODE_2_length_797339_cov_33.63.g425.t1	XP_680803.1	100	379	379	379	2.81e-260	706
NODE_2_length_797339_cov_33.63.g426.t1	XP_680804.1	100	479	479	479	0.0	986
NODE_2_length_797339_cov_33.63.g427.t1	XP_680805.1	100	204	283	216	7.83e-106	305
NODE_2_length_797339_cov_33.63.g428.t1	XP_680806.1	89.0	707	707	629	0.0	1179
NODE_2_length_797339_cov_33.63.g429.t1	XP_680807.1	100	1132	1132	1132	0.0	2018
NODE_2_length_797339_cov_33.63.g430.t1	XP_680808.1	100	109	109	109	1.76e-75	217
NODE_2_length_797339_cov_33.63.g431.t1	XP_680809.1	100	586	586	586	0.0	1127
NODE_2_length_797339_cov_33.63.g432.t1	XP_680810.1	98.8	257	255	257	1.07e-168	464
NODE_2_length_797339_cov_33.63.g434.t1	XP_680811.2	100	426	426	426	1.71e-303	820
NODE_2_length_797339_cov_33.63.g435.t1	XP_680812.2	100	416	416	416	5.90e-299	807
NODE_2_length_797339_cov_33.63.g436.t1	XP_680813.1	100	746	911	748	0.0	1457
NODE_2_length_797339_cov_33.63.g437.t1	XP_050467982.1	100	349	349	369	9.48e-205	564
NODE_2_length_797339_cov_33.63.g438.t1	XP_680816.1	100	1630	1630	1630	0.0	3121
NODE_2_length_797339_cov_33.63.g439.t1	XP_680817.1	100	462	462	462	0.0	947
NODE_2_length_797339_cov_33.63.g440.t1	XP_680818.1	100	650	650	650	0.0	1276
NODE_2_length_797339_cov_33.63.g441.t1	XP_680819.1	100	713	713	713	0.0	1269
NODE_2_length_797339_cov_33.63.g442.t1	XP_680820.1	100	312	312	312	2.84e-94	280
NODE_2_length_797339_cov_33.63.g443.t1	XP_680821.1	98.6	1302	1304	1325	0.0	2402
NODE_2_length_797339_cov_33.63.g444.t1	XP_680822.1	95.7	326	493	313	1.13e-212	588
NODE_2_length_797339_cov_33.63.g446.t1	XP_680823.1	100	663	663	663	0.0	1164
NODE_2_length_797339_cov_33.63.g447.t1	XP_680824.1	99.6	233	301	234	1.35e-122	349
NODE_2_length_797339_cov_33.63.g448.t1	XP_680825.1	92.9	367	347	367	6.45e-241	655
NODE_2_length_797339_cov_33.63.g449.t1	XP_680826.1	99.9	691	711	692	0.0	1320
NODE_2_length_797339_cov_33.63.g450.t1	XP_680827.1	100	197	197	197	1.90e-126	353
NODE_2_length_797339_cov_33.63.g451.t1	XP_680828.1	100	495	495	495	4.66e-297	809
NODE_2_length_797339_cov_33.63.g453.t1	XP_680829.1	100	507	507	507	0.0	952
NODE_2_length_797339_cov_33.63.g454.t1	XP_680831.1	100	379	549	461	1.03e-294	804
NODE_2_length_797339_cov_33.63.g455.t1	XP_680832.1	100	1007	1007	1007	0.0	2021
NODE_2_length_797339_cov_33.63.g456.t1	XP_680833.2	100	411	411	411	3.72e-304	820
NODE_2_length_797339_cov_33.63.g457.t1	XP_680834.1	100	544	544	544	0.0	1016
NODE_2_length_797339_cov_33.63.g458.t1	XP_680835.1	100	723	723	723	0.0	1431
NODE_2_length_797339_cov_33.63.g459.t1	XP_680836.1	100	275	275	275	1.82e-190	521
NODE_2_length_797339_cov_33.63.g460.t1	XP_680837.1	97.4	570	570	555	0.0	1105
NODE_2_length_797339_cov_33.63.g461.t1	XP_680838.1	100	328	328	328	1.58e-238	647
NODE_2_length_797339_cov_33.63.g462.t1	XP_680839.1	100	451	451	451	0.0	909
NODE_2_length_797339_cov_33.63.g463.t1	XP_680840.1	100	944	944	944	0.0	1781
NODE_2_length_797339_cov_33.63.g464.t1	XP_680841.1	100	2043	2043	2104	0.0	3766
NODE_2_length_797339_cov_33.63.g465.t1	XP_050467983.1	91.7	542	910	556	0.0	970
NODE_2_length_797339_cov_33.63.g467.t1	XP_680844.1	100	410	410	410	7.87e-310	834
NODE_2_length_797339_cov_33.63.g468.t1	XP_680845.1	99.3	1201	1192	1201	0.0	2352
NODE_2_length_797339_cov_33.63.g469.t1	XP_050467984.1	99.1	445	441	449	0.0	874
NODE_2_length_797339_cov_33.63.g470.t1	XP_680847.1	100	365	365	376	1.62e-204	565
NODE_2_length_797339_cov_33.63.g471.t1	XP_680848.1	100	238	278	238	1.51e-142	399
NODE_2_length_797339_cov_33.63.g473.t1	XP_680849.1	100	437	437	437	0.0	892
NODE_2_length_797339_cov_33.63.g474.t1	XP_050467985.1	100	516	516	516	0.0	999
NODE_2_length_797339_cov_33.63.g475.t1	XP_050467986.1	100	1501	1501	1501	0.0	2979
NODE_2_length_797339_cov_33.63.g476.t1	XP_680852.1	100	635	635	635	0.0	1183
NODE_2_length_797339_cov_33.63.g477.t1	XP_680853.1	100	500	500	542	0.0	1013
NODE_2_length_797339_cov_33.63.g478.t1	XP_680854.1	100	339	399	374	1.14e-247	675
NODE_2_length_797339_cov_33.63.g479.t1	XP_680856.1	100	302	302	302	3.22e-156	437
NODE_2_length_797339_cov_33.63.g480.t1	XP_680857.1	100	252	252	252	4.01e-187	511
NODE_2_length_797339_cov_33.63.g481.t1	XP_050467987.1	100	979	980	979	0.0	1947
NODE_2_length_797339_cov_33.63.g482.t1	XP_050467988.1	100	98	98	98	3.10e-64	187
NODE_2_length_797339_cov_33.63.g483.t1	XP_680858.2	100	832	832	832	0.0	1635
NODE_2_length_797339_cov_33.63.g484.t1	XP_050467989.1	100	521	521	521	0.0	1052
NODE_2_length_797339_cov_33.63.g485.t1	XP_680859.1	100	266	266	266	5.94e-196	534
NODE_2_length_797339_cov_33.63.g486.t1	XP_680860.1	100	593	593	593	0.0	1140
NODE_2_length_797339_cov_33.63.g487.t1	XP_050467991.1	100	218	218	218	1.16e-169	464
NODE_2_length_797339_cov_33.63.g489.t1	XP_050467990.1	98.8	506	510	913	0.0	995
NODE_2_length_797339_cov_33.63.g491.t1	XP_680863.1	100	136	136	136	9.54e-104	290
NODE_2_length_797339_cov_33.63.g492.t1	XP_680864.1	98.1	159	200	169	1.18e-103	294
NODE_2_length_797339_cov_33.63.g493.t1	XP_050467993.1	98.2	679	679	667	0.0	1332
NODE_2_length_797339_cov_33.63.g494.t1	XP_680866.1	100	794	794	794	0.0	1634
NODE_2_length_797339_cov_33.63.g495.t1	XP_680867.1	100	256	256	256	6.65e-188	513
NODE_2_length_797339_cov_33.63.g496.t1	XP_680869.1	100	1528	1528	1528	0.0	3001
NODE_2_length_797339_cov_33.63.g497.t1	XP_680870.1	100	324	324	343	2.75e-221	604
NODE_2_length_797339_cov_33.63.g498.t1	XP_050467994.1	98.9	180	209	184	1.87e-124	348
NODE_2_length_797339_cov_33.63.g499.t1	XP_680872.1	100	200	200	200	3.20e-140	388
NODE_2_length_797339_cov_33.63.g501.t1	XP_680873.2	100	960	1368	960	0.0	1896
NODE_2_length_797339_cov_33.63.g502.t1	XP_050467995.1	100	636	636	636	0.0	1302
NODE_2_length_797339_cov_33.63.g503.t1	XP_050467996.1	94.5	164	237	161	1.00e-114	323
NODE_2_length_797339_cov_33.63.g504.t1	XP_661591.1	56.6	549	559	580	1.07e-243	680
NODE_2_length_797339_cov_33.63.g505.t1	XP_680876.1	100	465	465	465	0.0	889
NODE_2_length_797339_cov_33.63.g506.t1	XP_680877.1	98.0	345	345	338	7.71e-230	626
NODE_2_length_797339_cov_33.63.g507.t1	XP_680878.1	100	1391	1391	1391	0.0	2730
NODE_2_length_797339_cov_33.63.g508.t1	XP_680879.1	100	875	900	875	0.0	1713
NODE_2_length_797339_cov_33.63.g509.t1	XP_050467998.1	100	373	373	373	4.46e-279	753
NODE_2_length_797339_cov_33.63.g511.t1	XP_680882.1	100	823	823	823	0.0	1717
NODE_2_length_797339_cov_33.63.g512.t1	XP_680883.1	89.0	438	438	390	2.77e-285	773
NODE_2_length_797339_cov_33.63.g513.t1	XP_680884.1	100	365	365	365	2.77e-253	687
NODE_2_length_797339_cov_33.63.g514.t1	XP_680885.1	94.7	529	533	560	0.0	980
NODE_2_length_797339_cov_33.63.g515.t1	XP_680887.1	100	589	589	612	0.0	1107
NODE_2_length_797339_cov_33.63.g516.t1	XP_680888.1	100	171	171	171	2.84e-122	340
NODE_2_length_797339_cov_33.63.g517.t1	XP_680889.2	100	508	834	512	0.0	1067
NODE_2_length_797339_cov_33.63.g518.t1	XP_680890.1	100	459	459	459	0.0	910
NODE_2_length_797339_cov_33.63.g519.t1	XP_680891.1	100	494	494	494	0.0	974
NODE_2_length_797339_cov_33.63.g520.t1	XP_680892.2	100	289	289	289	1.82e-197	540
NODE_2_length_797339_cov_33.63.g521.t1	XP_050468000.1	100	217	217	217	1.06e-151	418
NODE_2_length_797339_cov_33.63.g522.t1	XP_680893.1	96.8	469	455	469	0.0	940
NODE_2_length_797339_cov_33.63.g523.t1	XP_050468001.1	100	375	534	382	4.71e-272	743
NODE_2_length_797339_cov_33.63.g524.t1	XP_680895.1	100	798	798	798	0.0	1382
NODE_2_length_797339_cov_33.63.g525.t1	XP_050468002.1	100	715	837	715	0.0	1441
NODE_2_length_797339_cov_33.63.g526.t1	XP_050468003.1	94.5	493	493	466	1.88e-316	857
NODE_2_length_797339_cov_33.63.g527.t1	XP_680898.1	100	84	84	84	1.59e-64	187
NODE_2_length_797339_cov_33.63.g528.t1	XP_680899.1	100	525	525	525	0.0	986
NODE_2_length_797339_cov_33.63.g529.t1	XP_680900.1	97.2	577	577	561	0.0	1102
NODE_2_length_797339_cov_33.63.g530.t1	XP_680901.1	100	379	379	379	4.01e-285	769
NODE_2_length_797339_cov_33.63.g531.t1	XP_680902.1	100	355	357	361	3.55e-262	709
NODE_2_length_797339_cov_33.63.g532.t1	XP_680903.1	98.7	547	583	562	0.0	1139
NODE_2_length_797339_cov_33.63.g533.t1	XP_680904.2	100	144	191	144	1.73e-104	295
NODE_2_length_797339_cov_33.63.g534.t1	XP_680905.1	100	353	353	353	6.13e-260	703
NODE_2_length_797339_cov_33.63.g535.t1	XP_680906.1	99.9	3147	3147	3147	0.0	6302
NODE_2_length_797339_cov_33.63.g537.t1	XP_680908.1	100	381	381	381	9.98e-296	796
NODE_2_length_797339_cov_33.63.g538.t1	XP_680909.1	100	486	486	486	0.0	988
NODE_2_length_797339_cov_33.63.g539.t1	XP_680910.1	100	683	685	683	0.0	1415
NODE_2_length_797339_cov_33.63.g540.t1	XP_680911.1	100	273	289	326	4.56e-193	530
NODE_2_length_797339_cov_33.63.g541.t1	XP_680913.1	100	206	206	323	5.72e-148	412
NODE_2_length_797339_cov_33.63.g542.t1	XP_680915.1	100	327	327	327	6.10e-231	628
NODE_2_length_797339_cov_33.63.g543.t1	XP_680916.2	100	470	506	470	0.0	914
NODE_2_length_797339_cov_33.63.g544.t1	XP_050468004.1	100	126	126	126	5.08e-92	260
NODE_2_length_797339_cov_33.63.g545.t1	XP_680917.1	98.8	499	506	513	0.0	952
NODE_2_length_797339_cov_33.63.g546.t1	XP_680918.2	100	90	90	90	2.77e-61	179
NODE_2_length_797339_cov_33.63.g547.t1	XP_680919.1	100	861	861	1236	0.0	1513
NODE_2_length_797339_cov_33.63.g549.t1	XP_680920.1	100	559	559	559	0.0	1039
NODE_2_length_797339_cov_33.63.g550.t1	XP_680921.1	100	674	722	686	0.0	1292
NODE_2_length_797339_cov_33.63.g551.t1	XP_050468006.1	100	323	323	534	3.48e-242	664
NODE_2_length_797339_cov_33.63.g552.t1	XP_680922.2	96.8	438	438	429	2.43e-284	772
NODE_2_length_797339_cov_33.63.g553.t1	XP_050468007.1	100	160	160	160	5.64e-119	331
NODE_2_length_797339_cov_33.63.g554.t1	XP_680923.1	100	294	294	294	3.58e-106	309
NODE_2_length_797339_cov_33.63.g555.t1	XP_680924.2	99.5	634	891	673	0.0	1255
NODE_2_length_797339_cov_33.63.g556.t1	XP_680925.1	100	452	452	452	0.0	900
NODE_2_length_797339_cov_33.63.g557.t1	XP_680926.1	100	455	455	455	0.0	885
NODE_2_length_797339_cov_33.63.g558.t1	XP_050468009.1	100	482	743	482	0.0	898
NODE_2_length_797339_cov_33.63.g559.t1	XP_680928.1	100	477	477	477	0.0	925
NODE_2_length_797339_cov_33.63.g560.t1	XP_050468011.1	99.6	447	781	446	0.0	896
NODE_2_length_797339_cov_33.63.g561.t1	XP_680930.1	100	1015	1700	1015	0.0	1946
NODE_2_length_797339_cov_33.63.g562.t1	XP_680932.1	100	348	348	348	3.27e-257	696
NODE_2_length_797339_cov_33.63.g563.t1	XP_050468014.1	93.9	1107	1446	1073	0.0	1951
NODE_2_length_797339_cov_33.63.g564.t1	XP_680934.1	100	248	248	248	4.45e-173	475
NODE_2_length_797339_cov_33.63.g565.t1	XP_680935.1	100	644	644	644	0.0	1267
NODE_2_length_797339_cov_33.63.g566.t1	XP_680936.1	100	512	512	512	0.0	1002
NODE_2_length_797339_cov_33.63.g567.t1	XP_050468015.1	96.4	197	197	190	1.56e-137	380
NODE_2_length_797339_cov_33.63.g568.t1	XP_680938.1	94.6	387	366	387	1.92e-261	709
NODE_2_length_797339_cov_33.63.g569.t1	XP_680939.1	100	322	322	322	5.87e-231	627
NODE_2_length_797339_cov_33.63.g570.t1	XP_680940.1	97.9	339	332	339	2.05e-240	652
NODE_2_length_797339_cov_33.63.g571.t1	XP_680941.1	100	359	359	379	1.42e-266	721
NODE_2_length_797339_cov_33.63.g572.t1	XP_680942.1	100	424	424	424	1.71e-286	776
NODE_2_length_797339_cov_33.63.g573.t1	XP_680943.1	99.6	229	232	248	3.89e-140	391
NODE_2_length_797339_cov_33.63.g574.t1	XP_680945.1	98.9	1182	1191	1463	0.0	2239
NODE_2_length_797339_cov_33.63.g575.t1	XP_680946.1	100	517	517	517	0.0	1021
NODE_2_length_797339_cov_33.63.g576.t1	XP_680947.1	100	1414	1417	1452	0.0	2633
NODE_2_length_797339_cov_33.63.g577.t1	XP_680948.1	100	394	394	394	1.95e-295	796
NODE_2_length_797339_cov_33.63.g578.t1	XP_680949.1	100	690	690	690	0.0	998
NODE_2_length_797339_cov_33.63.g579.t1	XP_680950.1	100	312	555	314	8.02e-224	619
NODE_2_length_797339_cov_33.63.g580.t1	XP_680952.1	100	174	174	174	2.62e-124	345
NODE_2_length_797339_cov_33.63.g581.t1	XP_680953.1	96.2	474	474	506	0.0	907
NODE_2_length_797339_cov_33.63.g582.t1	XP_050468018.1	95.9	812	1144	847	0.0	1458
NODE_2_length_797339_cov_33.63.g583.t1	XP_680955.1	100	695	695	695	0.0	1267
NODE_2_length_797339_cov_33.63.g584.t1	XP_680956.1	99.7	636	635	636	0.0	1088
NODE_2_length_797339_cov_33.63.g586.t1	XP_680958.1	100	471	475	514	0.0	941
NODE_2_length_797339_cov_33.63.g587.t1	XP_680959.1	100	269	269	269	2.84e-200	545
NODE_2_length_797339_cov_33.63.g588.t1	XP_680960.1	100	454	454	455	0.0	938
NODE_2_length_797339_cov_33.63.g589.t1	XP_050468021.1	96.3	380	741	383	2.75e-264	732
NODE_2_length_797339_cov_33.63.g590.t1	XP_050468024.1	100	239	414	245	7.48e-158	443
NODE_2_length_797339_cov_33.63.g591.t1	XP_050468025.1	100	606	781	616	0.0	1147
NODE_2_length_797339_cov_33.63.g592.t1	XP_680965.1	98.6	638	762	878	0.0	1222
NODE_2_length_797339_cov_33.63.g594.t1	XP_680966.1	100	838	838	838	0.0	1576
NODE_2_length_797339_cov_33.63.g595.t1	XP_680967.1	100	287	287	287	1.58e-206	563
NODE_2_length_797339_cov_33.63.g596.t1	XP_680968.1	100	333	333	395	1.44e-231	632
NODE_2_length_797339_cov_33.63.g597.t1	XP_680969.1	100	628	628	628	0.0	1207
NODE_2_length_797339_cov_33.63.g598.t1	XP_680970.1	100	105	105	105	1.26e-73	212
NODE_2_length_797339_cov_33.63.g599.t1	XP_680971.1	90.9	673	681	695	0.0	1199
NODE_2_length_797339_cov_33.63.g600.t1	XP_050468026.1	100	539	775	564	0.0	1082
NODE_2_length_797339_cov_33.63.g601.t1	XP_050468027.1	100	785	785	811	0.0	1534
NODE_2_length_797339_cov_33.63.g602.t1	XP_680974.1	100	340	340	340	2.70e-261	706
NODE_2_length_797339_cov_33.63.g603.t1	XP_680975.1	100	328	328	328	1.02e-202	556
NODE_2_length_797339_cov_33.63.g604.t1	XP_680976.1	100	690	690	690	0.0	1363
NODE_2_length_797339_cov_33.63.g605.t1	XP_680977.2	100	283	283	283	3.32e-206	561
NODE_2_length_797339_cov_33.63.g606.t1	XP_680978.2	96.4	475	458	475	0.0	906
NODE_2_length_797339_cov_33.63.g607.t1	XP_680979.1	100	251	251	251	3.52e-176	483
NODE_2_length_797339_cov_33.63.g608.t1	XP_050468028.1	100	203	203	207	8.09e-150	412
NODE_2_length_797339_cov_33.63.g610.t1	XP_050468029.1	90.0	449	405	449	2.22e-274	746
NODE_2_length_797339_cov_33.63.g611.t1	XP_680983.1	97.8	787	770	787	0.0	1523
NODE_2_length_797339_cov_33.63.g612.t1	XP_680984.1	100	405	405	405	2.60e-301	812
NODE_2_length_797339_cov_33.63.g613.t1	XP_680985.1	100	245	245	245	1.40e-124	352
NODE_2_length_797339_cov_33.63.g614.t1	XP_680986.1	100	411	411	411	7.49e-256	698
NODE_2_length_797339_cov_33.63.g615.t1	XP_680987.2	100	365	632	365	4.35e-246	681
NODE_2_length_797339_cov_33.63.g616.t1	XP_680988.1	100	299	299	339	7.77e-209	571
NODE_2_length_797339_cov_33.63.g617.t1	XP_680989.1	100	443	515	443	1.09e-285	779
NODE_2_length_797339_cov_33.63.g618.t1	XP_680990.1	100	478	478	478	0.0	923
NODE_2_length_797339_cov_33.63.g619.t1	XP_680991.1	99.5	437	454	464	5.94e-307	831
NODE_2_length_797339_cov_33.63.g620.t1	XP_680992.1	100	553	553	553	0.0	1074
NODE_2_length_797339_cov_33.63.g621.t1	XP_680993.1	100	164	164	164	1.21e-106	300
NODE_2_length_797339_cov_33.63.g622.t1	XP_680994.1	100	304	304	304	4.71e-212	578
NODE_2_length_797339_cov_33.63.g623.t1	XP_680995.1	100	1237	1237	1237	0.0	2083
NODE_2_length_797339_cov_33.63.g624.t1	XP_680996.1	98.5	532	524	632	0.0	1046
NODE_2_length_797339_cov_33.63.g625.t1	XP_680998.1	100	1535	1535	1535	0.0	2957
NODE_2_length_797339_cov_33.63.g626.t1	XP_050468031.1	95.6	1166	1706	1166	0.0	2082
NODE_2_length_797339_cov_33.63.g627.t1	XP_681000.1	98.0	995	996	1037	0.0	1929
NODE_2_length_797339_cov_33.63.g628.t1	XP_681001.2	100	302	400	302	1.22e-220	604
NODE_2_length_797339_cov_33.63.g629.t1	XP_681002.1	97.9	388	390	435	2.92e-274	744
NODE_2_length_797339_cov_33.63.g630.t1	XP_050468033.1	94.9	292	277	292	1.53e-182	502
NODE_2_length_797339_cov_33.63.g631.t1	XP_681004.1	100	366	366	366	1.59e-195	541
NODE_2_length_797339_cov_33.63.g632.t1	XP_681005.1	100	637	637	637	0.0	1188
NODE_2_length_797339_cov_33.63.g633.t1	XP_681006.1	93.2	530	603	510	0.0	959
NODE_2_length_797339_cov_33.63.g634.t1	XP_681007.1	100	173	173	173	2.52e-126	350
NODE_2_length_797339_cov_33.63.g635.t1	XP_681008.1	100	262	290	288	5.13e-188	516
NODE_2_length_797339_cov_33.63.g637.t1	XP_050468035.1	95.4	1110	1089	1090	0.0	1894
NODE_2_length_797339_cov_33.63.g638.t1	XP_681011.1	100	126	144	155	1.87e-80	233
NODE_2_length_797339_cov_33.63.g639.t1	XP_681012.1	88.2	483	483	426	1.74e-304	825
NODE_2_length_797339_cov_33.63.g640.t1	XP_681013.1	100	419	452	425	1.01e-297	806
NODE_2_length_797339_cov_33.63.g641.t1	XP_681014.2	100	1047	1047	1047	0.0	2037
NODE_2_length_797339_cov_33.63.g642.t1	XP_681015.2	100	270	313	270	3.43e-190	522
NODE_2_length_797339_cov_33.63.g643.t1	XP_681016.1	100	330	377	443	1.77e-239	656
NODE_2_length_797339_cov_33.63.g644.t1	XP_681017.1	100	999	1079	999	0.0	1929
NODE_2_length_797339_cov_33.63.g645.t1	XP_681018.1	95.6	427	408	427	5.95e-279	757
NODE_2_length_797339_cov_33.63.g646.t1	XP_681019.1	100	858	891	878	0.0	1603
NODE_2_length_797339_cov_33.63.g647.t1	XP_681020.2	100	946	1473	975	0.0	1872
NODE_2_length_797339_cov_33.63.g648.t1	XP_681021.1	100	419	419	419	1.81e-315	849
NODE_2_length_797339_cov_33.63.g649.t1	XP_050468037.1	100	612	650	612	0.0	1215
NODE_2_length_797339_cov_33.63.g650.t1	XP_681023.1	92.6	350	350	328	1.14e-239	651
NODE_2_length_797339_cov_33.63.g651.t1	XP_681024.1	100	332	332	332	1.88e-200	551
NODE_3_length_783237_cov_34.09.g652.t1	XP_661152.1	100	223	223	223	7.96e-150	414
NODE_3_length_783237_cov_34.09.g653.t1	XP_661155.1	99.8	948	1114	1124	0.0	1651
NODE_3_length_783237_cov_34.09.g654.t1	XP_661156.1	100	486	486	486	0.0	996
NODE_3_length_783237_cov_34.09.g655.t1	XP_661157.1	100	417	417	417	1.73e-312	842
NODE_3_length_783237_cov_34.09.g656.t1	XP_661158.1	100	841	847	896	0.0	1663
NODE_3_length_783237_cov_34.09.g657.t1	XP_661159.1	100	180	180	180	1.50e-126	352
NODE_3_length_783237_cov_34.09.g658.t1	XP_661160.1	72.3	458	467	390	4.67e-222	614
NODE_3_length_783237_cov_34.09.g659.t1	XP_661161.1	99.5	368	369	374	5.59e-279	753
NODE_3_length_783237_cov_34.09.g661.t1	XP_661163.1	97.2	432	432	420	1.45e-311	840
NODE_3_length_783237_cov_34.09.g663.t1	XP_661164.1	77.1	584	590	525	2.02e-302	828
NODE_3_length_783237_cov_34.09.g664.t1	XP_661165.1	89.1	423	443	473	3.21e-255	700
NODE_3_length_783237_cov_34.09.g665.t1	XP_661166.1	100	465	465	465	0.0	946
NODE_3_length_783237_cov_34.09.g666.t1	XP_661167.1	100	407	407	407	1.31e-311	838
NODE_3_length_783237_cov_34.09.g667.t1	XP_661168.1	92.7	300	297	300	1.03e-194	534
NODE_3_length_783237_cov_34.09.g668.t1	XP_661169.1	100	302	302	302	1.44e-230	625
NODE_3_length_783237_cov_34.09.g669.t1	XP_661170.1	100	586	586	586	0.0	1190
NODE_3_length_783237_cov_34.09.g670.t1	XP_050467533.1	95.2	479	461	474	0.0	914
NODE_3_length_783237_cov_34.09.g672.t1	XP_661173.1	94.6	688	1031	711	0.0	1295
NODE_3_length_783237_cov_34.09.g673.t1	XP_050467532.1	94.9	683	1086	683	0.0	1278
NODE_3_length_783237_cov_34.09.g674.t1	XP_050467529.1	93.5	477	477	446	0.0	872
NODE_3_length_783237_cov_34.09.g677.t1	XP_661179.1	99.2	372	372	382	3.07e-272	736
NODE_3_length_783237_cov_34.09.g678.t1	XP_050467528.1	100	198	219	245	6.93e-139	387
NODE_3_length_783237_cov_34.09.g679.t1	XP_661181.1	100	323	323	323	7.60e-223	607
NODE_3_length_783237_cov_34.09.g680.t1	XP_661182.1	100	734	734	734	0.0	1371
NODE_3_length_783237_cov_34.09.g681.t1	XP_661183.1	100	410	410	410	5.86e-296	799
NODE_3_length_783237_cov_34.09.g682.t1	XP_661184.1	100	1274	1274	1274	0.0	2402
NODE_3_length_783237_cov_34.09.g683.t1	XP_661185.2	100	339	339	339	5.58e-249	674
NODE_3_length_783237_cov_34.09.g685.t1	XP_661186.1	97.3	1262	1262	1229	0.0	2352
NODE_3_length_783237_cov_34.09.g686.t1	XP_661187.1	100	819	819	819	0.0	1564
NODE_3_length_783237_cov_34.09.g687.t1	XP_661188.1	100	487	487	487	0.0	944
NODE_3_length_783237_cov_34.09.g688.t1	XP_050467527.1	100	513	513	513	0.0	1019
NODE_3_length_783237_cov_34.09.g689.t1	XP_661191.1	100	766	766	766	0.0	1347
NODE_3_length_783237_cov_34.09.g691.t1	XP_050467526.1	99.7	584	587	601	0.0	1139
NODE_3_length_783237_cov_34.09.g692.t1	XP_050467525.1	100	467	467	467	1.70e-257	707
NODE_3_length_783237_cov_34.09.g693.t1	XP_661194.1	100	230	230	230	6.68e-175	478
NODE_3_length_783237_cov_34.09.g694.t1	XP_661195.1	100	536	596	536	0.0	1042
NODE_3_length_783237_cov_34.09.g695.t1	XP_050467524.1	100	561	561	561	2.64e-311	851
NODE_3_length_783237_cov_34.09.g696.t1	XP_661197.1	100	240	240	240	1.07e-185	506
NODE_3_length_783237_cov_34.09.g697.t1	XP_661198.1	98.2	570	570	561	0.0	1069
NODE_3_length_783237_cov_34.09.g698.t1	XP_661199.1	100	161	161	161	2.41e-91	261
NODE_3_length_783237_cov_34.09.g699.t1	XP_661200.1	100	235	235	319	1.66e-163	453
NODE_3_length_783237_cov_34.09.g700.t1	XP_050467523.1	95.4	1015	1015	996	0.0	1756
NODE_3_length_783237_cov_34.09.g701.t1	XP_050467522.1	97.3	111	111	108	1.30e-75	217
NODE_3_length_783237_cov_34.09.g702.t1	XP_050467521.1	98.6	294	290	294	4.17e-209	570
NODE_3_length_783237_cov_34.09.g703.t1	XP_661204.2	100	405	405	405	5.10e-308	829
NODE_3_length_783237_cov_34.09.g704.t1	XP_661205.2	100	367	367	367	1.66e-271	734
NODE_3_length_783237_cov_34.09.g705.t1	XP_661206.1	99.9	676	741	675	0.0	1201
NODE_3_length_783237_cov_34.09.g706.t1	XP_661207.1	100	335	452	335	6.89e-230	631
NODE_3_length_783237_cov_34.09.g707.t1	XP_050467519.1	99.6	546	799	548	0.0	1095
NODE_3_length_783237_cov_34.09.g708.t1	XP_661209.1	100	348	399	349	4.17e-253	688
NODE_3_length_783237_cov_34.09.g709.t1	XP_661210.1	82.4	324	324	271	2.74e-146	411
NODE_3_length_783237_cov_34.09.g710.t1	XP_661211.1	99.3	406	435	417	1.83e-289	784
NODE_3_length_783237_cov_34.09.g711.t1	XP_661212.1	98.2	1288	1288	1266	0.0	2401
NODE_3_length_783237_cov_34.09.g712.t1	XP_661213.1	100	517	517	517	0.0	1055
NODE_3_length_783237_cov_34.09.g713.t1	XP_050467517.1	85.9	1897	2775	1648	0.0	3087
NODE_3_length_783237_cov_34.09.g714.t1	XP_661215.1	100	342	342	342	2.02e-248	673
NODE_3_length_783237_cov_34.09.g715.t1	XP_661216.1	99.2	2472	2451	2472	0.0	4846
NODE_3_length_783237_cov_34.09.g716.t1	XP_661217.1	100	213	234	225	3.88e-158	436
NODE_3_length_783237_cov_34.09.g718.t1	XP_661218.1	80.3	635	635	510	0.0	942
NODE_3_length_783237_cov_34.09.g719.t1	XP_661219.1	100	1044	1044	1049	0.0	2086
NODE_3_length_783237_cov_34.09.g720.t1	XP_661220.1	100	102	102	102	5.86e-73	210
NODE_3_length_783237_cov_34.09.g722.t1	XP_050467514.1	93.5	139	182	235	2.06e-79	234
NODE_3_length_783237_cov_34.09.g723.t1	XP_661223.1	99.3	1302	1855	1319	0.0	2288
NODE_3_length_783237_cov_34.09.g724.t1	XP_661224.1	100	396	396	396	9.80e-281	759
NODE_3_length_783237_cov_34.09.g725.t1	XP_050467513.1	100	340	406	414	6.17e-259	706
NODE_3_length_783237_cov_34.09.g726.t1	XP_661226.1	100	371	371	371	8.49e-267	722
NODE_3_length_783237_cov_34.09.g727.t1	XP_661227.1	100	327	327	327	4.09e-197	542
NODE_3_length_783237_cov_34.09.g728.t1	XP_661228.1	100	1160	1160	1182	0.0	2181
NODE_3_length_783237_cov_34.09.g729.t1	XP_050467512.1	88.9	380	380	338	8.65e-220	602
NODE_3_length_783237_cov_34.09.g730.t1	XP_661230.2	98.3	572	572	564	0.0	1081
NODE_3_length_783237_cov_34.09.g731.t1	XP_661231.1	100	892	892	892	0.0	1697
NODE_3_length_783237_cov_34.09.g732.t1	XP_661232.1	100	833	833	833	0.0	1600
NODE_3_length_783237_cov_34.09.g734.t1	XP_661233.1	100	363	363	363	3.20e-267	723
NODE_3_length_783237_cov_34.09.g736.t1	XP_661234.2	100	277	277	342	1.51e-194	534
NODE_3_length_783237_cov_34.09.g737.t1	XP_661235.1	83.4	386	386	352	2.61e-141	404
NODE_3_length_783237_cov_34.09.g738.t1	XP_050467511.1	100	590	590	590	0.0	1166
NODE_3_length_783237_cov_34.09.g739.t1	XP_661237.1	100	233	311	247	5.54e-174	480
NODE_3_length_783237_cov_34.09.g740.t1	XP_050467510.1	100	75	75	75	6.72e-53	157
NODE_3_length_783237_cov_34.09.g741.t1	XP_661238.1	100	426	426	426	1.31e-307	830
NODE_3_length_783237_cov_34.09.g742.t1	XP_661239.1	100	353	353	353	2.36e-248	674
NODE_3_length_783237_cov_34.09.g743.t1	XP_661240.1	100	485	485	485	0.0	993
NODE_3_length_783237_cov_34.09.g744.t1	XP_661241.1	100	504	504	625	0.0	975
NODE_3_length_783237_cov_34.09.g745.t1	XP_050467509.1	98.4	248	310	257	2.63e-181	499
NODE_3_length_783237_cov_34.09.g746.t1	XP_050467508.1	100	411	419	471	1.97e-293	796
NODE_3_length_783237_cov_34.09.g747.t1	XP_661244.1	100	534	534	534	0.0	1097
NODE_3_length_783237_cov_34.09.g748.t1	XP_661245.1	100	251	251	251	4.47e-179	490
NODE_3_length_783237_cov_34.09.g749.t1	XP_661246.1	89.9	386	386	347	1.66e-246	671
NODE_3_length_783237_cov_34.09.g750.t1	XP_050467507.1	94.8	1667	1715	1608	0.0	2985
NODE_3_length_783237_cov_34.09.g751.t1	XP_050467506.1	92.9	312	406	313	1.17e-171	481
NODE_3_length_783237_cov_34.09.g752.t1	XP_661250.1	100	236	236	236	5.51e-152	421
NODE_3_length_783237_cov_34.09.g753.t1	XP_050467505.1	90.5	401	400	383	8.33e-241	658
NODE_3_length_783237_cov_34.09.g754.t1	XP_050467504.1	100	489	505	489	0.0	957
NODE_3_length_783237_cov_34.09.g755.t1	XP_050467503.1	98.3	460	463	499	0.0	910
NODE_3_length_783237_cov_34.09.g757.t1	XP_661252.2	100	490	490	490	0.0	923
NODE_3_length_783237_cov_34.09.g758.t1	XP_661253.1	100	405	405	405	1.18e-297	803
NODE_3_length_783237_cov_34.09.g759.t1	XP_661254.1	89.4	900	900	815	0.0	1504
NODE_3_length_783237_cov_34.09.g760.t1	XP_661255.1	100	364	364	364	1.67e-274	741
NODE_3_length_783237_cov_34.09.g761.t1	XP_661256.1	94.6	407	385	407	1.21e-283	767
NODE_3_length_783237_cov_34.09.g762.t1	XP_661257.1	100	1048	1647	1048	0.0	2092
NODE_3_length_783237_cov_34.09.g763.t1	XP_661259.1	100	113	113	113	3.91e-83	236
NODE_3_length_783237_cov_34.09.g764.t1	XP_050467501.1	83.9	274	230	274	7.52e-155	429
NODE_3_length_783237_cov_34.09.g765.t1	XP_661261.1	96.6	1047	1049	1015	0.0	1944
NODE_3_length_783237_cov_34.09.g766.t1	XP_661262.1	96.4	503	503	485	0.0	927
NODE_3_length_783237_cov_34.09.g767.t1	XP_661263.2	100	776	776	776	0.0	1533
NODE_3_length_783237_cov_34.09.g768.t1	XP_050467500.1	94.4	376	422	355	2.62e-229	629
NODE_3_length_783237_cov_34.09.g770.t1	XP_661264.2	100	841	841	841	0.0	1665
NODE_3_length_783237_cov_34.09.g771.t1	XP_661265.1	100	444	444	444	0.0	912
NODE_3_length_783237_cov_34.09.g772.t1	XP_661266.2	100	322	322	322	2.45e-248	671
NODE_3_length_783237_cov_34.09.g773.t1	XP_050467499.1	100	432	432	432	0.0	863
NODE_3_length_783237_cov_34.09.g774.t1	XP_661267.1	100	309	326	412	3.12e-212	584
NODE_3_length_783237_cov_34.09.g775.t1	XP_661268.1	100	516	516	516	3.00e-278	763
NODE_3_length_783237_cov_34.09.g776.t1	XP_050467498.1	100	1053	1060	1053	0.0	2050
NODE_3_length_783237_cov_34.09.g777.t1	XP_661270.1	100	223	223	223	2.93e-161	443
NODE_3_length_783237_cov_34.09.g778.t1	XP_661271.1	95.8	499	478	499	0.0	964
NODE_3_length_783237_cov_34.09.g779.t1	XP_661272.1	100	827	827	827	0.0	1499
NODE_3_length_783237_cov_34.09.g780.t1	XP_661273.1	100	396	396	396	4.54e-254	692
NODE_3_length_783237_cov_34.09.g781.t1	XP_661274.1	100	375	375	375	2.30e-257	699
NODE_3_length_783237_cov_34.09.g782.t1	XP_661275.1	100	244	244	244	6.59e-173	474
NODE_3_length_783237_cov_34.09.g783.t1	XP_661276.1	100	259	267	335	2.44e-198	543
NODE_3_length_783237_cov_34.09.g784.t1	XP_661277.1	100	120	120	120	1.43e-77	223
NODE_3_length_783237_cov_34.09.g785.t1	XP_661278.1	100	556	556	556	2.62e-259	719
NODE_3_length_783237_cov_34.09.g787.t1	XP_661281.1	100	592	592	592	0.0	1193
NODE_3_length_783237_cov_34.09.g788.t1	XP_050467495.1	96.4	744	731	767	0.0	1278
NODE_3_length_783237_cov_34.09.g789.t1	XP_050467494.1	98.1	308	308	302	1.13e-215	587
NODE_3_length_783237_cov_34.09.g790.t1	XP_050467493.1	100	92	92	92	9.97e-56	166
NODE_3_length_783237_cov_34.09.g791.t1	XP_661285.2	100	291	315	300	2.51e-186	513
NODE_3_length_783237_cov_34.09.g792.t1	XP_050467492.1	100	201	201	201	1.78e-142	394
NODE_3_length_783237_cov_34.09.g793.t1	XP_050467491.1	98.5	458	458	452	7.37e-283	770
NODE_3_length_783237_cov_34.09.g794.t1	XP_661287.1	100	830	830	830	0.0	1652
NODE_3_length_783237_cov_34.09.g795.t1	XP_050467490.1	100	571	589	624	0.0	1135
NODE_3_length_783237_cov_34.09.g796.t1	XP_050467489.1	100	476	811	476	0.0	901
NODE_3_length_783237_cov_34.09.g797.t1	XP_661290.2	100	92	92	131	3.99e-63	186
NODE_3_length_783237_cov_34.09.g798.t1	XP_661291.2	100	184	184	184	1.33e-131	365
NODE_3_length_783237_cov_34.09.g799.t1	XP_050467486.1	100	547	628	558	0.0	1069
NODE_3_length_783237_cov_34.09.g800.t1	XP_050467485.1	100	704	704	704	0.0	1278
NODE_3_length_783237_cov_34.09.g801.t1	XP_050467484.1	86.9	511	445	511	3.60e-308	836
NODE_3_length_783237_cov_34.09.g802.t1	XP_050467483.1	81.5	329	307	318	7.90e-183	505
NODE_3_length_783237_cov_34.09.g803.t1	XP_050467482.1	100	803	804	803	0.0	1479
NODE_3_length_783237_cov_34.09.g804.t1	XP_661296.1	100	405	405	405	8.40e-282	763
NODE_3_length_783237_cov_34.09.g805.t1	XP_661297.1	100	587	595	597	0.0	1172
NODE_3_length_783237_cov_34.09.g806.t1	XP_661298.1	78.1	352	276	352	1.34e-141	400
NODE_3_length_783237_cov_34.09.g807.t1	XP_050467481.1	100	515	515	515	0.0	1012
NODE_3_length_783237_cov_34.09.g808.t1	XP_661300.1	100	561	561	561	0.0	1005
NODE_3_length_783237_cov_34.09.g811.t1	XP_661303.2	92.7	661	763	708	0.0	1214
NODE_3_length_783237_cov_34.09.g812.t1	XP_661304.1	94.3	351	332	351	4.19e-236	642
NODE_3_length_783237_cov_34.09.g813.t1	XP_050467480.1	87.7	252	224	252	7.34e-153	423
NODE_3_length_783237_cov_34.09.g815.t1	XP_661306.1	100	1062	1125	1062	0.0	2145
NODE_3_length_783237_cov_34.09.g817.t1	XP_661308.1	88.5	418	416	381	4.34e-265	720
NODE_3_length_783237_cov_34.09.g818.t1	XP_661309.2	98.6	642	649	634	0.0	1250
NODE_3_length_783237_cov_34.09.g819.t1	XP_050467479.1	100	299	299	299	5.89e-176	486
NODE_3_length_783237_cov_34.09.g820.t1	XP_661310.2	100	152	161	153	6.27e-108	303
NODE_3_length_783237_cov_34.09.g821.t1	XP_661311.1	100	457	457	502	0.0	917
NODE_3_length_783237_cov_34.09.g822.t1	XP_050467478.1	100	133	133	133	9.64e-98	275
NODE_3_length_783237_cov_34.09.g823.t1	XP_050467477.1	100	459	459	585	5.11e-316	859
NODE_3_length_783237_cov_34.09.g824.t1	XP_050467476.1	100	168	173	200	1.98e-111	314
NODE_3_length_783237_cov_34.09.g825.t1	XP_050467475.1	99.0	486	484	484	0.0	983
NODE_3_length_783237_cov_34.09.g826.t1	XP_661316.1	100	245	245	245	5.49e-186	507
NODE_3_length_783237_cov_34.09.g827.t1	XP_661318.1	100	594	594	594	0.0	1181
NODE_3_length_783237_cov_34.09.g828.t1	XP_661319.2	100	273	273	273	2.15e-197	538
NODE_3_length_783237_cov_34.09.g829.t1	XP_050467473.1	98.3	641	641	631	0.0	1224
NODE_3_length_783237_cov_34.09.g830.t1	XP_661320.1	100	381	381	381	5.40e-275	744
NODE_3_length_783237_cov_34.09.g831.t1	XP_661321.1	100	259	260	259	4.51e-190	519
NODE_3_length_783237_cov_34.09.g832.t1	XP_050467472.1	100	382	449	382	3.03e-283	768
NODE_3_length_783237_cov_34.09.g833.t1	XP_050467471.1	100	310	310	310	2.31e-231	627
NODE_3_length_783237_cov_34.09.g834.t1	XP_661323.2	100	354	354	354	8.78e-265	716
NODE_3_length_783237_cov_34.09.g835.t1	XP_661324.1	100	908	908	908	0.0	1724
NODE_3_length_783237_cov_34.09.g836.t1	XP_661325.1	97.5	711	752	718	0.0	1282
NODE_3_length_783237_cov_34.09.g837.t1	XP_050467470.1	98.2	455	459	482	0.0	870
NODE_3_length_783237_cov_34.09.g838.t1	XP_050467468.1	100	701	1036	739	0.0	1333
NODE_3_length_783237_cov_34.09.g839.t1	XP_661328.1	100	220	285	220	2.80e-147	410
NODE_3_length_783237_cov_34.09.g840.t1	XP_661329.2	100	89	89	89	1.83e-52	157
NODE_3_length_783237_cov_34.09.g841.t1	XP_661330.1	97.5	484	506	729	0.0	893
NODE_3_length_783237_cov_34.09.g843.t1	XP_661331.1	100	366	366	366	1.26e-270	731
NODE_3_length_783237_cov_34.09.g844.t1	XP_661332.1	100	504	504	504	0.0	988
NODE_3_length_783237_cov_34.09.g845.t1	XP_661333.1	100	1905	1905	1905	0.0	3706
NODE_3_length_783237_cov_34.09.g846.t1	XP_661334.1	100	542	542	542	0.0	1051
NODE_3_length_783237_cov_34.09.g847.t1	XP_661335.1	97.5	690	673	690	0.0	1221
NODE_3_length_783237_cov_34.09.g848.t1	XP_661336.1	97.8	822	809	822	0.0	1363
NODE_3_length_783237_cov_34.09.g849.t1	XP_661337.1	100	816	816	816	0.0	1639
NODE_3_length_783237_cov_34.09.g851.t1	XP_661339.1	100	1269	1269	1269	0.0	2436
NODE_3_length_783237_cov_34.09.g852.t1	XP_661340.1	89.1	404	525	360	2.00e-242	667
NODE_3_length_783237_cov_34.09.g853.t1	XP_661341.1	100	525	525	525	0.0	1014
NODE_3_length_783237_cov_34.09.g854.t1	XP_661342.1	100	280	280	280	5.24e-197	538
NODE_3_length_783237_cov_34.09.g855.t1	XP_050467466.1	99.0	486	486	484	9.23e-299	813
NODE_3_length_783237_cov_34.09.g856.t1	XP_661344.1	100	360	360	360	2.46e-274	740
NODE_3_length_783237_cov_34.09.g857.t1	XP_661345.1	100	367	367	367	7.89e-270	729
NODE_3_length_783237_cov_34.09.g858.t1	XP_661346.1	100	518	518	518	0.0	1027
NODE_3_length_783237_cov_34.09.g859.t1	XP_661347.1	99.8	1202	1202	1202	0.0	2150
NODE_3_length_783237_cov_34.09.g860.t1	XP_661348.1	100	499	499	499	0.0	972
NODE_3_length_783237_cov_34.09.g861.t1	XP_661349.1	100	218	218	218	3.83e-150	414
NODE_3_length_783237_cov_34.09.g862.t1	XP_661350.1	98.4	635	635	625	0.0	1190
NODE_3_length_783237_cov_34.09.g863.t1	XP_050467465.1	100	334	334	334	1.23e-183	509
NODE_3_length_783237_cov_34.09.g864.t1	XP_050467463.1	95.8	307	298	307	1.65e-202	554
NODE_3_length_783237_cov_34.09.g865.t1	XP_661353.1	98.7	1105	1105	1091	0.0	2052
NODE_3_length_783237_cov_34.09.g866.t1	XP_661354.1	100	573	573	573	0.0	1143
NODE_3_length_783237_cov_34.09.g867.t1	XP_661355.1	100	883	883	883	0.0	1618
NODE_3_length_783237_cov_34.09.g868.t1	XP_661356.1	100	741	741	741	0.0	1406
NODE_3_length_783237_cov_34.09.g869.t1	XP_661357.1	99.3	1210	1251	1202	0.0	2355
NODE_3_length_783237_cov_34.09.g870.t1	XP_050467462.1	100	1921	1921	1921	0.0	3650
NODE_3_length_783237_cov_34.09.g871.t1	XP_050467461.1	93.1	247	245	258	2.37e-165	456
NODE_3_length_783237_cov_34.09.g872.t1	XP_661359.1	100	495	514	495	0.0	899
NODE_3_length_783237_cov_34.09.g873.t1	XP_661360.1	100	233	233	233	1.99e-173	474
NODE_3_length_783237_cov_34.09.g874.t1	XP_050467460.1	98.4	307	330	303	2.37e-223	608
NODE_3_length_783237_cov_34.09.g875.t1	XP_661362.1	100	336	336	336	6.79e-228	621
NODE_3_length_783237_cov_34.09.g876.t1	XP_661363.1	100	212	212	212	2.82e-149	412
NODE_3_length_783237_cov_34.09.g877.t1	XP_661364.1	100	467	467	517	6.12e-291	793
NODE_3_length_783237_cov_34.09.g880.t1	XP_661367.1	100	604	604	604	0.0	1205
NODE_3_length_783237_cov_34.09.g881.t1	XP_661368.1	85.0	801	801	730	0.0	1333
NODE_3_length_783237_cov_34.09.g882.t1	XP_661369.1	100	439	439	439	1.89e-318	858
NODE_3_length_783237_cov_34.09.g883.t1	XP_050467458.1	100	776	849	776	0.0	1424
NODE_3_length_783237_cov_34.09.g884.t1	XP_661370.2	100	758	758	758	0.0	1489
NODE_3_length_783237_cov_34.09.g885.t1	XP_661371.2	96.4	582	888	605	0.0	1089
NODE_3_length_783237_cov_34.09.g886.t1	XP_661372.1	100	701	702	701	0.0	1403
NODE_3_length_783237_cov_34.09.g887.t1	XP_050467455.1	97.9	477	498	532	0.0	923
NODE_3_length_783237_cov_34.09.g888.t1	XP_661374.1	100	414	414	414	1.58e-318	857
NODE_3_length_783237_cov_34.09.g889.t1	XP_050467454.1	95.7	230	230	220	3.40e-143	397
NODE_3_length_783237_cov_34.09.g890.t1	XP_050467453.1	92.7	561	561	520	0.0	976
NODE_3_length_783237_cov_34.09.g891.t1	XP_050467452.1	100	327	327	327	1.13e-226	617
NODE_3_length_783237_cov_34.09.g892.t1	XP_661377.1	100	295	295	295	9.67e-221	599
NODE_3_length_783237_cov_34.09.g893.t1	XP_661378.1	92.4	172	160	237	1.04e-104	298
NODE_3_length_783237_cov_34.09.g894.t1	XP_661379.1	92.7	331	331	307	1.36e-147	416
NODE_3_length_783237_cov_34.09.g895.t1	XP_661380.1	100	532	532	532	0.0	1044
NODE_3_length_783237_cov_34.09.g896.t1	XP_661381.1	100	409	409	409	0.0	865
NODE_3_length_783237_cov_34.09.g897.t1	XP_661382.1	95.3	709	676	709	0.0	1275
NODE_3_length_783237_cov_34.09.g898.t1	XP_661383.2	100	455	455	455	0.0	892
NODE_3_length_783237_cov_34.09.g899.t1	XP_661384.1	98.5	848	848	836	0.0	1691
NODE_3_length_783237_cov_34.09.g900.t1	XP_661385.1	90.3	597	597	561	0.0	1052
NODE_3_length_783237_cov_34.09.g901.t1	XP_661386.1	100	564	564	564	0.0	1148
NODE_3_length_783237_cov_34.09.g902.t1	XP_661387.1	100	86	86	86	1.73e-42	132
NODE_3_length_783237_cov_34.09.g903.t1	XP_661388.1	81.9	360	360	309	6.28e-203	558
NODE_3_length_783237_cov_34.09.g904.t1	XP_661389.1	100	684	684	684	0.0	1228
NODE_3_length_783237_cov_34.09.g905.t1	XP_661391.1	100	441	441	441	0.0	897
NODE_3_length_783237_cov_34.09.g906.t1	XP_661392.1	100	180	180	180	3.68e-127	353
NODE_3_length_783237_cov_34.09.g907.t1	XP_661393.1	100	366	366	366	7.29e-270	729
NODE_3_length_783237_cov_34.09.g908.t1	XP_661394.1	100	493	493	493	0.0	1008
NODE_3_length_783237_cov_34.09.g909.t1	XP_661395.1	100	171	171	312	3.46e-130	365
NODE_3_length_783237_cov_34.09.g910.t1	XP_661396.1	100	113	113	113	5.79e-76	218
NODE_3_length_783237_cov_34.09.g911.t1	XP_661397.1	100	512	512	512	0.0	972
NODE_3_length_783237_cov_34.09.g912.t1	XP_661398.1	100	938	938	938	0.0	1807
NODE_3_length_783237_cov_34.09.g913.t1	XP_661399.1	100	419	419	419	5.97e-305	823
NODE_3_length_783237_cov_34.09.g914.t1	XP_661400.1	100	67	67	67	3.88e-44	134
NODE_3_length_783237_cov_34.09.g915.t1	XP_050467449.1	95.2	997	949	997	0.0	1760
NODE_3_length_783237_cov_34.09.g916.t1	XP_661402.1	100	372	372	372	8.63e-256	694
NODE_3_length_783237_cov_34.09.g917.t1	XP_661403.1	100	359	359	359	1.78e-246	670
NODE_4_length_697724_cov_34.67.g918.t1	XP_657638.1	100	590	590	590	0.0	1145
NODE_4_length_697724_cov_34.67.g919.t1	XP_657640.1	100	366	366	366	9.93e-268	724
NODE_4_length_697724_cov_34.67.g920.t1	XP_050469357.1	100	880	880	880	0.0	1709
NODE_4_length_697724_cov_34.67.g921.t1	XP_050469356.1	99.0	1690	1690	1673	0.0	3239
NODE_4_length_697724_cov_34.67.g922.t1	XP_657642.1	95.9	2908	2906	2793	0.0	5371
NODE_4_length_697724_cov_34.67.g923.t1	XP_657643.1	100	535	535	535	0.0	1043
NODE_4_length_697724_cov_34.67.g924.t1	XP_657644.1	100	1134	1134	1134	0.0	2296
NODE_4_length_697724_cov_34.67.g925.t1	XP_050469354.1	97.6	591	609	577	0.0	1112
NODE_4_length_697724_cov_34.67.g926.t1	XP_657647.1	100	392	392	392	1.55e-275	746
NODE_4_length_697724_cov_34.67.g927.t1	XP_657648.1	100	1202	1202	1202	0.0	2317
NODE_4_length_697724_cov_34.67.g928.t1	XP_050469353.1	100	365	399	378	1.61e-218	602
NODE_4_length_697724_cov_34.67.g929.t1	XP_050469352.1	100	497	497	549	0.0	942
NODE_4_length_697724_cov_34.67.g930.t1	XP_050469351.1	100	604	744	622	0.0	1158
NODE_4_length_697724_cov_34.67.g931.t1	XP_657652.1	100	807	807	807	0.0	1550
NODE_4_length_697724_cov_34.67.g932.t1	XP_657653.2	100	312	312	312	5.44e-231	627
NODE_4_length_697724_cov_34.67.g934.t1	XP_657654.1	100	381	381	381	5.95e-288	776
NODE_4_length_697724_cov_34.67.g935.t1	XP_657655.2	100	350	350	350	1.78e-271	732
NODE_4_length_697724_cov_34.67.g936.t1	XP_657656.2	100	275	275	304	3.46e-195	534
NODE_4_length_697724_cov_34.67.g937.t1	XP_657657.2	100	287	287	287	1.35e-207	565
NODE_4_length_697724_cov_34.67.g938.t1	XP_657658.1	100	583	583	583	0.0	1173
NODE_4_length_697724_cov_34.67.g939.t1	XP_657659.1	100	486	486	486	0.0	965
NODE_4_length_697724_cov_34.67.g940.t1	XP_657660.1	100	521	521	521	0.0	1040
NODE_4_length_697724_cov_34.67.g941.t1	XP_657661.1	100	397	397	397	1.58e-266	724
NODE_4_length_697724_cov_34.67.g942.t1	XP_050469348.1	100	355	355	416	1.09e-262	713
NODE_4_length_697724_cov_34.67.g943.t1	XP_657663.1	100	435	435	435	1.66e-248	681
NODE_4_length_697724_cov_34.67.g944.t1	XP_050469347.1	100	372	372	438	5.06e-271	736
NODE_4_length_697724_cov_34.67.g945.t1	XP_657664.2	100	820	820	825	0.0	1585
NODE_4_length_697724_cov_34.67.g946.t1	XP_050469346.1	100	237	237	237	1.12e-156	432
NODE_4_length_697724_cov_34.67.g947.t1	XP_657666.1	100	292	292	292	2.02e-216	588
NODE_4_length_697724_cov_34.67.g948.t1	XP_657667.1	74.4	536	536	422	1.87e-263	723
NODE_4_length_697724_cov_34.67.g949.t1	XP_657668.1	100	540	585	545	0.0	1048
NODE_4_length_697724_cov_34.67.g950.t1	XP_657669.1	100	364	364	364	2.65e-271	733
NODE_4_length_697724_cov_34.67.g951.t1	XP_657670.2	100	310	310	310	1.60e-222	605
NODE_4_length_697724_cov_34.67.g952.t1	XP_657671.1	100	406	406	406	9.01e-298	803
NODE_4_length_697724_cov_34.67.g953.t1	XP_657672.1	100	141	163	163	1.75e-71	211
NODE_4_length_697724_cov_34.67.g954.t1	XP_657673.1	98.7	959	959	947	0.0	1744
NODE_4_length_697724_cov_34.67.g955.t1	XP_657674.1	100	183	183	183	2.57e-124	346
NODE_4_length_697724_cov_34.67.g956.t1	XP_657675.1	100	1119	1119	1119	0.0	1979
NODE_4_length_697724_cov_34.67.g957.t1	XP_657676.1	100	392	405	392	3.18e-276	748
NODE_4_length_697724_cov_34.67.g958.t1	XP_657677.1	100	587	587	587	0.0	1088
NODE_4_length_697724_cov_34.67.g959.t1	XP_050469345.1	100	376	376	376	5.84e-203	561
NODE_4_length_697724_cov_34.67.g961.t1	XP_657679.1	95.1	386	386	368	3.49e-260	706
NODE_4_length_697724_cov_34.67.g962.t1	XP_050469344.1	100	724	724	724	0.0	1452
NODE_4_length_697724_cov_34.67.g963.t1	XP_050469343.1	91.1	371	371	338	2.43e-242	659
NODE_4_length_697724_cov_34.67.g964.t1	XP_657682.1	100	590	590	590	0.0	1165
NODE_4_length_697724_cov_34.67.g965.t1	XP_657683.2	100	497	497	497	0.0	984
NODE_4_length_697724_cov_34.67.g966.t1	XP_050469342.1	100	502	530	504	0.0	996
NODE_4_length_697724_cov_34.67.g967.t1	XP_657684.1	99.2	255	260	387	2.14e-184	509
NODE_4_length_697724_cov_34.67.g968.t1	XP_657685.1	100	352	454	352	3.95e-243	665
NODE_4_length_697724_cov_34.67.g969.t1	XP_657686.1	97.9	283	283	281	4.07e-186	511
NODE_4_length_697724_cov_34.67.g970.t1	XP_657687.2	100	233	233	233	9.45e-172	470
NODE_4_length_697724_cov_34.67.g971.t1	XP_657688.1	100	242	242	242	4.74e-133	373
NODE_4_length_697724_cov_34.67.g972.t1	XP_657689.1	87.2	798	798	726	0.0	1244
NODE_4_length_697724_cov_34.67.g973.t1	XP_657690.1	92.4	498	460	498	0.0	947
NODE_4_length_697724_cov_34.67.g974.t1	XP_657691.1	100	400	400	403	1.53e-289	782
NODE_4_length_697724_cov_34.67.g975.t1	XP_050469340.1	77.5	369	371	376	7.01e-177	495
NODE_4_length_697724_cov_34.67.g976.t1	XP_050469339.1	89.3	206	202	205	4.38e-126	352
NODE_4_length_697724_cov_34.67.g977.t1	XP_657694.1	100	202	202	202	3.53e-129	360
NODE_4_length_697724_cov_34.67.g978.t1	XP_657695.1	100	501	501	501	0.0	940
NODE_4_length_697724_cov_34.67.g979.t1	XP_657696.1	100	806	806	806	0.0	1373
NODE_4_length_697724_cov_34.67.g980.t1	XP_657697.1	100	730	748	798	0.0	1377
NODE_4_length_697724_cov_34.67.g981.t1	XP_050469338.1	82.5	451	455	704	4.53e-250	697
NODE_4_length_697724_cov_34.67.g982.t1	XP_657699.1	100	552	552	552	0.0	1001
NODE_4_length_697724_cov_34.67.g984.t1	XP_868905.1	100	491	491	491	0.0	924
NODE_4_length_697724_cov_34.67.g985.t1	XP_050469337.1	92.6	892	826	892	0.0	1604
NODE_4_length_697724_cov_34.67.g987.t1	XP_657704.1	100	114	162	227	1.16e-71	214
NODE_4_length_697724_cov_34.67.g988.t1	XP_050469336.1	90.4	324	562	326	1.47e-195	548
NODE_4_length_697724_cov_34.67.g989.t1	XP_050469335.1	56.9	510	500	369	3.15e-163	465
NODE_4_length_697724_cov_34.67.g991.t1	XP_050469334.1	100	413	413	413	1.11e-306	827
NODE_4_length_697724_cov_34.67.g992.t1	XP_657709.1	100	135	135	135	7.29e-94	265
NODE_4_length_697724_cov_34.67.g993.t1	XP_050469333.1	100	1085	1085	1085	0.0	2025
NODE_4_length_697724_cov_34.67.g994.t1	XP_657711.2	100	310	462	310	3.64e-219	603
NODE_4_length_697724_cov_34.67.g995.t1	XP_657712.1	99.2	1198	1198	1189	0.0	2281
NODE_4_length_697724_cov_34.67.g996.t1	XP_657713.1	100	252	252	252	3.13e-175	481
NODE_4_length_697724_cov_34.67.g997.t1	XP_050469332.1	100	171	258	216	8.84e-113	322
NODE_4_length_697724_cov_34.67.g998.t1	XP_657715.1	100	851	851	851	0.0	1566
NODE_4_length_697724_cov_34.67.g999.t1	XP_657716.1	96.4	1576	1538	1565	0.0	2882
NODE_4_length_697724_cov_34.67.g1000.t1	XP_050469331.1	100	1537	1537	1537	0.0	2851
NODE_4_length_697724_cov_34.67.g1001.t1	XP_657719.2	99.7	981	1633	1010	0.0	1907
NODE_4_length_697724_cov_34.67.g1002.t1	XP_050469330.1	100	313	313	313	2.76e-220	600
NODE_4_length_697724_cov_34.67.g1003.t1	XP_050469329.1	100	826	826	826	0.0	1526
NODE_4_length_697724_cov_34.67.g1004.t1	XP_657720.1	100	153	153	153	2.15e-106	298
NODE_4_length_697724_cov_34.67.g1005.t1	XP_050469328.1	100	380	380	380	1.16e-289	781
NODE_4_length_697724_cov_34.67.g1006.t1	XP_657722.1	100	4345	4345	4345	0.0	8345
NODE_4_length_697724_cov_34.67.g1007.t1	XP_050469327.1	98.9	353	471	411	1.77e-251	689
NODE_4_length_697724_cov_34.67.g1008.t1	XP_050469326.1	100	353	353	353	3.49e-250	679
NODE_4_length_697724_cov_34.67.g1009.t1	XP_050469325.1	98.9	350	350	347	7.59e-245	665
NODE_4_length_697724_cov_34.67.g1010.t1	XP_657726.1	100	932	933	932	0.0	1806
NODE_4_length_697724_cov_34.67.g1011.t1	XP_657727.1	100	206	206	206	2.63e-151	416
NODE_4_length_697724_cov_34.67.g1012.t1	XP_657728.1	100	405	405	405	2.93e-266	724
NODE_4_length_697724_cov_34.67.g1013.t1	XP_657729.2	100	906	1574	906	0.0	1702
NODE_4_length_697724_cov_34.67.g1014.t1	XP_657730.1	100	744	744	744	0.0	1431
NODE_4_length_697724_cov_34.67.g1015.t1	XP_050469323.1	96.6	444	444	429	7.30e-299	809
NODE_4_length_697724_cov_34.67.g1016.t1	XP_657732.1	100	1068	1068	1068	0.0	2138
NODE_4_length_697724_cov_34.67.g1017.t1	XP_657733.1	97.5	689	673	689	0.0	1320
NODE_4_length_697724_cov_34.67.g1018.t1	XP_657734.1	100	439	439	439	0.0	901
NODE_4_length_697724_cov_34.67.g1019.t1	XP_657735.1	100	201	201	201	4.03e-139	385
NODE_4_length_697724_cov_34.67.g1020.t1	XP_657736.1	99.8	618	721	623	0.0	1207
NODE_4_length_697724_cov_34.67.g1021.t1	XP_657737.1	100	769	769	769	0.0	1496
NODE_4_length_697724_cov_34.67.g1022.t1	XP_657738.1	100	851	851	851	0.0	1704
NODE_4_length_697724_cov_34.67.g1023.t1	XP_657739.1	100	832	832	832	0.0	1568
NODE_4_length_697724_cov_34.67.g1024.t1	XP_657741.1	100	1205	1205	1205	0.0	2367
NODE_4_length_697724_cov_34.67.g1025.t1	XP_050469322.1	100	392	392	392	1.89e-276	748
NODE_4_length_697724_cov_34.67.g1026.t1	XP_657743.1	100	503	503	503	0.0	968
NODE_4_length_697724_cov_34.67.g1027.t1	XP_050469321.1	100	434	434	434	0.0	870
NODE_4_length_697724_cov_34.67.g1028.t1	XP_657745.2	100	529	529	575	0.0	1022
NODE_4_length_697724_cov_34.67.g1029.t1	XP_657746.1	100	437	437	437	8.67e-314	847
NODE_4_length_697724_cov_34.67.g1030.t1	XP_657747.1	100	148	148	148	4.05e-95	270
NODE_4_length_697724_cov_34.67.g1031.t1	XP_657748.1	91.4	618	618	572	0.0	1088
NODE_4_length_697724_cov_34.67.g1032.t1	XP_050469320.1	100	605	605	605	0.0	1117
NODE_4_length_697724_cov_34.67.g1033.t1	XP_050469319.1	100	570	570	570	0.0	1090
NODE_4_length_697724_cov_34.67.g1034.t1	XP_657749.2	100	476	671	479	0.0	889
NODE_4_length_697724_cov_34.67.g1035.t1	XP_657750.1	100	265	265	265	8.04e-189	516
NODE_4_length_697724_cov_34.67.g1036.t1	XP_657751.1	100	521	521	521	0.0	1071
NODE_4_length_697724_cov_34.67.g1037.t1	XP_657752.1	100	361	361	435	3.51e-256	697
NODE_4_length_697724_cov_34.67.g1038.t1	XP_657753.1	95.3	322	322	307	4.90e-224	609
NODE_4_length_697724_cov_34.67.g1039.t1	XP_657754.1	100	1806	1806	1806	0.0	3454
NODE_4_length_697724_cov_34.67.g1040.t1	XP_050469317.1	97.1	592	923	575	0.0	1134
NODE_4_length_697724_cov_34.67.g1041.t1	XP_050469316.1	90.0	210	189	210	8.99e-135	374
NODE_4_length_697724_cov_34.67.g1042.t1	XP_050469315.1	100	265	265	265	1.76e-192	525
NODE_4_length_697724_cov_34.67.g1043.t1	XP_657756.2	100	446	446	446	0.0	891
NODE_4_length_697724_cov_34.67.g1044.t1	XP_657757.1	100	852	852	852	0.0	1449
NODE_4_length_697724_cov_34.67.g1045.t1	XP_657758.1	100	268	268	268	1.87e-152	424
NODE_4_length_697724_cov_34.67.g1046.t1	XP_657759.2	100	566	1117	586	0.0	1098
NODE_4_length_697724_cov_34.67.g1047.t1	XP_657760.2	100	434	434	434	8.20e-306	826
NODE_4_length_697724_cov_34.67.g1048.t1	XP_657761.1	100	177	177	177	6.94e-135	372
NODE_4_length_697724_cov_34.67.g1049.t1	XP_657762.1	100	332	385	332	8.34e-243	660
NODE_4_length_697724_cov_34.67.g1050.t1	XP_657763.1	100	966	1062	983	0.0	1833
NODE_4_length_697724_cov_34.67.g1051.t1	XP_657764.1	100	316	316	316	1.68e-227	618
NODE_4_length_697724_cov_34.67.g1052.t1	XP_050469311.1	100	544	571	546	0.0	1018
NODE_4_length_697724_cov_34.67.g1053.t1	XP_050469310.1	100	417	417	424	7.29e-277	752
NODE_4_length_697724_cov_34.67.g1054.t1	XP_657767.1	100	197	197	197	1.00e-146	404
NODE_4_length_697724_cov_34.67.g1055.t1	XP_657768.2	100	281	320	281	1.69e-215	587
NODE_4_length_697724_cov_34.67.g1056.t1	XP_050469309.1	100	841	841	841	0.0	1525
NODE_4_length_697724_cov_34.67.g1057.t1	XP_657770.1	100	432	463	432	2.69e-242	667
NODE_4_length_697724_cov_34.67.g1058.t1	XP_657771.1	100	352	352	352	1.21e-245	667
NODE_4_length_697724_cov_34.67.g1059.t1	XP_657772.1	100	761	761	761	0.0	1441
NODE_4_length_697724_cov_34.67.g1060.t1	XP_657774.2	100	110	110	189	3.78e-76	221
NODE_4_length_697724_cov_34.67.g1061.t1	XP_657775.1	95.3	385	367	385	3.36e-264	716
NODE_4_length_697724_cov_34.67.g1062.t1	XP_657776.1	100	688	780	688	0.0	1350
NODE_4_length_697724_cov_34.67.g1063.t1	XP_657777.1	100	464	473	472	3.62e-308	835
NODE_4_length_697724_cov_34.67.g1064.t1	XP_657778.1	100	364	364	364	2.68e-280	756
NODE_4_length_697724_cov_34.67.g1065.t1	XP_050469306.1	100	327	327	327	1.41e-204	561
NODE_4_length_697724_cov_34.67.g1066.t1	XP_050469305.1	100	133	133	133	1.22e-91	259
NODE_4_length_697724_cov_34.67.g1067.t1	XP_657780.1	100	549	549	549	0.0	1048
NODE_4_length_697724_cov_34.67.g1068.t1	XP_657782.1	100	254	254	287	5.03e-183	502
NODE_4_length_697724_cov_34.67.g1069.t1	XP_657783.2	100	271	271	313	1.03e-188	518
NODE_4_length_697724_cov_34.67.g1070.t1	XP_657784.1	100	296	296	296	2.08e-211	576
NODE_4_length_697724_cov_34.67.g1071.t1	XP_657785.1	100	232	235	317	1.32e-164	456
NODE_4_length_697724_cov_34.67.g1072.t1	XP_657786.1	100	212	212	212	6.18e-153	421
NODE_4_length_697724_cov_34.67.g1073.t1	XP_657787.1	99.6	263	288	309	2.92e-187	515
NODE_4_length_697724_cov_34.67.g1074.t1	XP_657788.1	100	141	141	141	2.80e-94	267
NODE_4_length_697724_cov_34.67.g1075.t1	XP_657790.1	90.4	335	303	335	6.31e-199	546
NODE_4_length_697724_cov_34.67.g1076.t1	XP_050469303.1	88.2	637	1114	648	0.0	1083
NODE_4_length_697724_cov_34.67.g1077.t1	XP_657793.1	92.7	288	288	268	6.71e-158	439
NODE_4_length_697724_cov_34.67.g1078.t1	XP_657794.2	100	310	310	310	4.93e-217	591
NODE_4_length_697724_cov_34.67.g1079.t1	XP_657795.1	99.7	392	392	391	1.25e-283	766
NODE_4_length_697724_cov_34.67.g1080.t1	XP_050469301.1	100	145	145	145	7.66e-103	289
NODE_4_length_697724_cov_34.67.g1081.t1	XP_657797.1	100	319	319	319	4.52e-238	645
NODE_4_length_697724_cov_34.67.g1082.t1	XP_657798.1	90.2	326	350	642	3.54e-213	596
NODE_4_length_697724_cov_34.67.g1083.t1	XP_657799.1	100	489	489	489	0.0	991
NODE_4_length_697724_cov_34.67.g1084.t1	XP_657800.1	100	229	447	263	3.36e-157	444
NODE_4_length_697724_cov_34.67.g1085.t1	XP_050469300.1	85.2	704	666	638	0.0	1100
NODE_4_length_697724_cov_34.67.g1086.t1	XP_657802.1	100	292	295	294	3.08e-210	573
NODE_4_length_697724_cov_34.67.g1087.t1	XP_050469299.1	100	217	217	217	6.93e-157	431
NODE_4_length_697724_cov_34.67.g1088.t1	XP_657804.1	100	252	252	252	3.30e-186	508
NODE_4_length_697724_cov_34.67.g1089.t1	XP_657805.1	100	617	617	652	0.0	1160
NODE_4_length_697724_cov_34.67.g1090.t1	XP_657806.1	100	600	600	600	0.0	1219
NODE_4_length_697724_cov_34.67.g1091.t1	XP_657807.1	97.6	290	442	293	2.87e-209	577
NODE_4_length_697724_cov_34.67.g1092.t1	XP_657808.1	98.7	787	787	778	0.0	1384
NODE_4_length_697724_cov_34.67.g1093.t1	XP_657809.1	100	364	364	364	1.39e-257	698
NODE_4_length_697724_cov_34.67.g1094.t1	XP_657810.1	99.0	814	814	806	0.0	1580
NODE_4_length_697724_cov_34.67.g1095.t1	XP_657811.1	95.2	541	533	541	0.0	1037
NODE_4_length_697724_cov_34.67.g1096.t1	XP_050469298.1	70.8	325	248	325	2.34e-140	395
NODE_4_length_697724_cov_34.67.g1097.t1	XP_657813.1	100	472	472	472	0.0	952
NODE_4_length_697724_cov_34.67.g1098.t1	XP_657814.1	100	711	711	711	0.0	1440
NODE_4_length_697724_cov_34.67.g1099.t1	XP_657815.1	87.5	263	263	230	2.26e-152	422
NODE_4_length_697724_cov_34.67.g1100.t1	XP_657816.2	100	247	313	257	1.15e-178	492
NODE_4_length_697724_cov_34.67.g1101.t1	XP_657817.2	100	310	310	315	2.31e-214	585
NODE_4_length_697724_cov_34.67.g1103.t1	XP_657820.1	97.5	239	252	359	5.26e-167	464
NODE_4_length_697724_cov_34.67.g1106.t1	XP_657822.1	83.9	601	579	566	0.0	958
NODE_4_length_697724_cov_34.67.g1107.t1	XP_657823.1	100	598	598	598	0.0	1210
NODE_4_length_697724_cov_34.67.g1109.t1	XP_657825.1	99.5	370	391	370	7.57e-275	743
NODE_4_length_697724_cov_34.67.g1110.t1	XP_050469294.1	97.6	509	880	497	0.0	982
NODE_4_length_697724_cov_34.67.g1111.t1	XP_657827.1	97.0	401	410	500	4.42e-274	748
NODE_4_length_697724_cov_34.67.g1112.t1	XP_657828.1	100	415	415	415	3.95e-317	853
NODE_4_length_697724_cov_34.67.g1113.t1	XP_657829.1	100	1667	1667	1667	0.0	3150
NODE_4_length_697724_cov_34.67.g1114.t1	XP_657830.1	100	225	225	225	2.40e-161	443
NODE_4_length_697724_cov_34.67.g1115.t1	XP_657831.1	97.3	406	529	411	1.07e-290	791
NODE_4_length_697724_cov_34.67.g1116.t1	XP_657832.1	94.9	922	922	915	0.0	1643
NODE_4_length_697724_cov_34.67.g1117.t1	XP_657833.1	100	875	875	875	0.0	1669
NODE_4_length_697724_cov_34.67.g1118.t1	XP_050469289.1	92.9	112	105	112	2.33e-66	194
NODE_4_length_697724_cov_34.67.g1119.t1	XP_657835.1	100	366	366	366	1.43e-276	746
NODE_4_length_697724_cov_34.67.g1120.t1	XP_657836.1	100	266	266	266	3.54e-188	514
NODE_4_length_697724_cov_34.67.g1121.t1	XP_657837.1	93.8	536	536	503	0.0	985
NODE_4_length_697724_cov_34.67.g1122.t1	XP_050469288.1	100	187	250	187	1.74e-138	385
NODE_4_length_697724_cov_34.67.g1123.t1	XP_657839.2	97.4	1151	1151	1121	0.0	2192
NODE_4_length_697724_cov_34.67.g1124.t1	XP_050469287.1	100	307	314	307	1.14e-220	600
NODE_4_length_697724_cov_34.67.g1125.t1	XP_657840.2	100	747	747	747	0.0	1445
NODE_4_length_697724_cov_34.67.g1126.t1	XP_657841.1	99.5	1126	1120	1126	0.0	2142
NODE_4_length_697724_cov_34.67.g1127.t1	XP_050469286.1	100	255	255	255	1.49e-179	492
NODE_4_length_697724_cov_34.67.g1128.t1	XP_657842.2	100	477	477	477	0.0	942
NODE_4_length_697724_cov_34.67.g1129.t1	XP_050469285.1	98.2	2483	2440	2483	0.0	4811
NODE_4_length_697724_cov_34.67.g1130.t1	XP_657844.1	100	324	324	324	6.86e-231	627
NODE_4_length_697724_cov_34.67.g1131.t1	XP_657846.1	100	882	1036	882	0.0	1707
NODE_4_length_697724_cov_34.67.g1132.t1	XP_657847.1	100	444	444	444	0.0	895
NODE_4_length_697724_cov_34.67.g1133.t1	XP_657848.2	99.6	1570	1613	1579	0.0	3045
NODE_4_length_697724_cov_34.67.g1134.t1	XP_657849.1	100	342	342	342	3.03e-259	701
NODE_4_length_697724_cov_34.67.g1135.t1	XP_657850.1	84.4	955	904	874	0.0	1588
NODE_4_length_697724_cov_34.67.g1136.t1	XP_657851.1	100	1067	1067	1076	0.0	1998
NODE_4_length_697724_cov_34.67.g1137.t1	XP_050469283.1	100	455	455	455	0.0	885
NODE_4_length_697724_cov_34.67.g1138.t1	XP_657853.1	100	369	369	506	5.41e-284	771
NODE_4_length_697724_cov_34.67.g1139.t1	XP_657854.1	96.8	565	565	547	0.0	1070
NODE_4_length_697724_cov_34.67.g1140.t1	XP_657855.1	100	616	616	641	0.0	1200
NODE_4_length_697724_cov_34.67.g1141.t1	XP_050469282.1	97.6	296	289	296	1.52e-193	530
NODE_4_length_697724_cov_34.67.g1142.t1	XP_657857.1	100	871	871	871	0.0	1579
NODE_4_length_697724_cov_34.67.g1143.t1	XP_657858.1	100	370	370	370	3.83e-283	763
NODE_4_length_697724_cov_34.67.g1144.t1	XP_657860.1	100	828	1236	847	0.0	1659
NODE_4_length_697724_cov_34.67.g1145.t1	XP_657861.1	98.7	298	298	336	3.69e-206	564
NODE_4_length_697724_cov_34.67.g1146.t1	XP_657862.1	100	280	280	280	9.97e-211	573
NODE_4_length_697724_cov_34.67.g1147.t1	XP_657863.1	100	236	236	236	1.56e-167	460
NODE_4_length_697724_cov_34.67.g1148.t1	XP_657864.1	100	500	500	500	0.0	1012
NODE_4_length_697724_cov_34.67.g1149.t1	XP_657865.1	100	767	940	771	0.0	1533
NODE_5_length_673966_cov_34.44.g1150.t1	XP_659402.1	100	638	638	638	0.0	1295
NODE_5_length_673966_cov_34.44.g1151.t1	XP_659403.1	100	450	450	450	0.0	877
NODE_5_length_673966_cov_34.44.g1152.t1	XP_050468734.1	100	1065	1065	1065	0.0	2030
NODE_5_length_673966_cov_34.44.g1153.t1	XP_659405.1	74.1	286	213	286	1.25e-107	309
NODE_5_length_673966_cov_34.44.g1154.t1	XP_050468735.1	99.0	103	114	113	6.27e-69	201
NODE_5_length_673966_cov_34.44.g1155.t1	XP_659407.1	100	174	174	174	5.73e-87	251
NODE_5_length_673966_cov_34.44.g1156.t1	XP_659408.1	100	618	618	618	0.0	1231
NODE_5_length_673966_cov_34.44.g1157.t1	XP_050468736.1	100	264	264	264	3.58e-196	535
NODE_5_length_673966_cov_34.44.g1158.t1	XP_659410.1	95.9	814	814	783	0.0	1519
NODE_5_length_673966_cov_34.44.g1159.t1	XP_659411.1	100	331	417	331	3.71e-254	691
NODE_5_length_673966_cov_34.44.g1160.t1	XP_659412.1	100	698	698	698	0.0	1435
NODE_5_length_673966_cov_34.44.g1161.t1	XP_050468737.1	100	410	410	410	5.54e-310	835
NODE_5_length_673966_cov_34.44.g1162.t1	XP_659414.1	100	454	454	454	0.0	907
NODE_5_length_673966_cov_34.44.g1163.t1	XP_659415.1	100	661	661	663	0.0	1293
NODE_5_length_673966_cov_34.44.g1164.t1	XP_659416.1	96.1	258	249	258	9.94e-159	439
NODE_5_length_673966_cov_34.44.g1165.t1	XP_659417.1	100	159	159	159	2.21e-111	311
NODE_5_length_673966_cov_34.44.g1166.t1	XP_659418.1	86.0	121	133	146	2.66e-66	196
NODE_5_length_673966_cov_34.44.g1167.t1	XP_659419.1	100	411	411	411	2.18e-312	841
NODE_5_length_673966_cov_34.44.g1168.t1	XP_659421.1	100	85	85	85	1.67e-53	159
NODE_5_length_673966_cov_34.44.g1169.t1	XP_659422.1	100	309	309	309	6.85e-228	619
NODE_5_length_673966_cov_34.44.g1170.t1	XP_659423.1	100	288	309	343	2.60e-206	565
NODE_5_length_673966_cov_34.44.g1171.t1	XP_659424.1	93.5	1014	1168	1030	0.0	1796
NODE_5_length_673966_cov_34.44.g1172.t1	XP_659425.1	100	420	420	423	1.42e-311	840
NODE_5_length_673966_cov_34.44.g1173.t1	XP_659426.1	100	253	253	285	4.49e-183	502
NODE_5_length_673966_cov_34.44.g1174.t1	XP_659427.1	100	489	489	489	0.0	991
NODE_5_length_673966_cov_34.44.g1175.t1	XP_659428.1	99.8	581	581	586	0.0	1114
NODE_5_length_673966_cov_34.44.g1176.t1	XP_659429.1	100	356	356	487	1.05e-266	726
NODE_5_length_673966_cov_34.44.g1177.t1	XP_659430.1	100	306	306	407	2.39e-228	624
NODE_5_length_673966_cov_34.44.g1178.t1	XP_659431.1	100	881	881	881	0.0	1363
NODE_5_length_673966_cov_34.44.g1179.t1	XP_659432.1	100	210	210	210	6.18e-127	355
NODE_5_length_673966_cov_34.44.g1180.t1	XP_659433.1	85.4	628	1135	578	0.0	1034
NODE_5_length_673966_cov_34.44.g1181.t1	XP_659435.1	100	254	280	265	5.90e-179	492
NODE_5_length_673966_cov_34.44.g1182.t1	XP_659436.1	100	277	277	277	1.45e-197	539
NODE_5_length_673966_cov_34.44.g1183.t1	XP_659437.1	100	458	458	458	4.36e-304	824
NODE_5_length_673966_cov_34.44.g1184.t1	XP_659438.1	100	619	619	619	0.0	1230
NODE_5_length_673966_cov_34.44.g1186.t1	XP_659441.1	100	135	135	135	2.01e-91	259
NODE_5_length_673966_cov_34.44.g1187.t1	XP_659443.1	100	293	293	293	1.04e-214	584
NODE_5_length_673966_cov_34.44.g1188.t1	XP_659444.1	97.6	466	455	466	0.0	904
NODE_5_length_673966_cov_34.44.g1189.t1	XP_659445.1	100	306	306	306	4.28e-225	611
NODE_5_length_673966_cov_34.44.g1190.t1	XP_659446.1	100	233	233	233	3.13e-161	444
NODE_5_length_673966_cov_34.44.g1191.t1	XP_659447.1	100	221	221	221	9.82e-159	436
NODE_5_length_673966_cov_34.44.g1192.t1	XP_659448.1	100	775	775	775	0.0	1483
NODE_5_length_673966_cov_34.44.g1193.t1	XP_050468743.1	100	200	200	200	6.46e-140	387
NODE_5_length_673966_cov_34.44.g1194.t1	XP_659450.1	100	360	360	360	4.02e-264	714
NODE_5_length_673966_cov_34.44.g1195.t1	XP_050468744.1	100	224	225	288	2.20e-142	398
NODE_5_length_673966_cov_34.44.g1196.t1	XP_050468745.1	100	675	675	675	0.0	1357
NODE_5_length_673966_cov_34.44.g1197.t1	XP_659453.1	99.6	257	277	285	4.21e-192	526
NODE_5_length_673966_cov_34.44.g1198.t1	XP_659455.1	97.9	576	792	581	0.0	1023
NODE_5_length_673966_cov_34.44.g1199.t1	XP_659456.1	100	249	249	249	1.06e-185	507
NODE_5_length_673966_cov_34.44.g1200.t1	XP_050468746.1	100	252	252	252	1.20e-188	514
NODE_5_length_673966_cov_34.44.g1201.t1	XP_659458.1	99.7	330	365	330	2.56e-245	666
NODE_5_length_673966_cov_34.44.g1202.t1	XP_659459.1	100	381	381	381	1.09e-274	743
NODE_5_length_673966_cov_34.44.g1203.t1	XP_659460.1	99.9	717	821	720	0.0	1438
NODE_5_length_673966_cov_34.44.g1204.t1	XP_050468749.1	100	76	76	76	7.75e-57	167
NODE_5_length_673966_cov_34.44.g1205.t1	XP_050468750.1	100	474	474	474	0.0	936
NODE_5_length_673966_cov_34.44.g1206.t1	XP_659462.1	100	432	432	432	0.0	863
NODE_5_length_673966_cov_34.44.g1207.t1	XP_659463.1	100	252	253	275	5.53e-177	486
NODE_5_length_673966_cov_34.44.g1208.t1	XP_050468751.1	100	254	256	287	1.82e-181	498
NODE_5_length_673966_cov_34.44.g1209.t1	XP_659465.1	100	297	297	297	1.95e-196	538
NODE_5_length_673966_cov_34.44.g1210.t1	XP_659466.1	100	515	527	529	0.0	1014
NODE_5_length_673966_cov_34.44.g1211.t1	XP_659467.1	100	194	194	194	1.73e-141	390
NODE_5_length_673966_cov_34.44.g1212.t1	XP_659468.1	100	510	510	510	0.0	1036
NODE_5_length_673966_cov_34.44.g1213.t1	XP_659469.1	100	490	490	490	0.0	954
NODE_5_length_673966_cov_34.44.g1214.t1	XP_659470.1	92.9	338	338	314	2.38e-230	626
NODE_5_length_673966_cov_34.44.g1215.t1	XP_050468752.1	100	271	302	313	8.83e-205	560
NODE_5_length_673966_cov_34.44.g1216.t1	XP_659472.1	100	440	440	494	2.54e-319	863
NODE_5_length_673966_cov_34.44.g1217.t1	XP_659473.1	100	366	370	389	5.14e-263	713
NODE_5_length_673966_cov_34.44.g1218.t1	XP_050468753.1	94.5	344	325	344	5.57e-242	656
NODE_5_length_673966_cov_34.44.g1219.t1	XP_659475.1	100	352	439	401	9.21e-234	643
NODE_5_length_673966_cov_34.44.g1220.t1	XP_659476.1	100	380	380	380	1.77e-284	768
NODE_5_length_673966_cov_34.44.g1221.t1	XP_659477.1	100	273	276	372	4.44e-203	557
NODE_5_length_673966_cov_34.44.g1222.t1	XP_659478.1	100	1146	1146	1146	0.0	2245
NODE_5_length_673966_cov_34.44.g1223.t1	XP_659479.1	100	435	435	435	1.37e-309	836
NODE_5_length_673966_cov_34.44.g1224.t1	XP_050468754.1	100	701	701	716	0.0	1324
NODE_5_length_673966_cov_34.44.g1225.t1	XP_050468755.1	100	550	569	570	0.0	1107
NODE_5_length_673966_cov_34.44.g1226.t1	XP_050468756.1	100	610	610	610	0.0	1186
NODE_5_length_673966_cov_34.44.g1227.t1	XP_050468757.1	100	1009	1009	1009	0.0	1929
NODE_5_length_673966_cov_34.44.g1228.t1	XP_659483.2	99.4	986	986	980	0.0	1922
NODE_5_length_673966_cov_34.44.g1229.t1	XP_659484.1	100	470	470	470	2.93e-292	795
NODE_5_length_673966_cov_34.44.g1230.t1	XP_659485.2	100	326	389	341	2.95e-237	647
NODE_5_length_673966_cov_34.44.g1231.t1	XP_659486.1	94.5	436	436	421	7.38e-304	821
NODE_5_length_673966_cov_34.44.g1232.t1	XP_050468758.1	100	416	416	416	5.36e-311	838
NODE_5_length_673966_cov_34.44.g1233.t1	XP_659488.1	99.3	544	540	544	0.0	1069
NODE_5_length_673966_cov_34.44.g1234.t1	XP_659489.1	94.2	278	277	266	3.82e-179	492
NODE_5_length_673966_cov_34.44.g1236.t1	XP_659492.1	99.3	288	286	288	1.47e-211	575
NODE_5_length_673966_cov_34.44.g1237.t1	XP_659493.1	100	215	227	215	2.19e-153	423
NODE_5_length_673966_cov_34.44.g1240.t1	XP_659495.1	100	474	474	474	0.0	964
NODE_5_length_673966_cov_34.44.g1241.t1	XP_659496.1	100	153	153	153	1.77e-114	319
NODE_5_length_673966_cov_34.44.g1242.t1	XP_050468761.1	98.7	693	728	775	0.0	1350
NODE_5_length_673966_cov_34.44.g1243.t1	XP_659498.1	100	503	503	503	0.0	1019
NODE_5_length_673966_cov_34.44.g1244.t1	XP_659499.1	100	230	230	230	1.75e-161	444
NODE_5_length_673966_cov_34.44.g1245.t1	XP_659500.1	100	431	431	431	0.0	872
NODE_5_length_673966_cov_34.44.g1246.t1	XP_659501.1	100	448	448	448	0.0	946
NODE_5_length_673966_cov_34.44.g1247.t1	XP_659502.1	100	252	252	252	2.36e-170	468
NODE_5_length_673966_cov_34.44.g1248.t1	XP_659503.2	100	401	401	401	1.75e-297	802
NODE_5_length_673966_cov_34.44.g1249.t1	XP_050468762.1	98.1	630	656	698	0.0	1197
NODE_5_length_673966_cov_34.44.g1250.t1	XP_659505.1	100	511	511	511	0.0	1030
NODE_5_length_673966_cov_34.44.g1251.t1	XP_659506.1	100	574	574	574	0.0	1069
NODE_5_length_673966_cov_34.44.g1252.t1	XP_659508.2	100	548	548	548	0.0	1050
NODE_5_length_673966_cov_34.44.g1253.t1	XP_050468765.1	99.6	228	228	227	1.79e-146	406
NODE_5_length_673966_cov_34.44.g1254.t1	XP_659510.1	100	264	264	403	1.41e-180	501
NODE_5_length_673966_cov_34.44.g1256.t1	XP_659512.1	100	911	911	911	0.0	1765
NODE_5_length_673966_cov_34.44.g1257.t1	XP_659513.1	100	230	230	230	2.93e-169	464
NODE_5_length_673966_cov_34.44.g1258.t1	XP_659514.1	100	290	290	290	1.71e-207	565
NODE_5_length_673966_cov_34.44.g1259.t1	XP_659515.2	100	439	439	439	6.49e-278	756
NODE_5_length_673966_cov_34.44.g1260.t1	XP_659516.1	100	811	811	829	0.0	1612
NODE_5_length_673966_cov_34.44.g1261.t1	XP_659517.1	100	603	608	606	0.0	1183
NODE_5_length_673966_cov_34.44.g1262.t1	XP_659519.1	100	441	441	441	0.0	874
NODE_5_length_673966_cov_34.44.g1263.t1	XP_050468766.1	93.5	445	445	417	1.09e-295	800
NODE_5_length_673966_cov_34.44.g1264.t1	XP_050468767.1	99.4	536	1047	542	0.0	1040
NODE_5_length_673966_cov_34.44.g1265.t1	XP_659521.1	100	314	314	314	4.42e-222	604
NODE_5_length_673966_cov_34.44.g1266.t1	XP_659522.2	98.4	565	565	600	0.0	1124
NODE_5_length_673966_cov_34.44.g1267.t1	XP_050468769.1	92.6	364	376	467	3.69e-242	664
NODE_5_length_673966_cov_34.44.g1268.t1	XP_659524.1	87.6	550	543	532	0.0	912
NODE_5_length_673966_cov_34.44.g1269.t1	XP_659525.1	100	235	235	235	1.24e-168	462
NODE_5_length_673966_cov_34.44.g1270.t1	XP_659526.1	100	484	484	484	0.0	923
NODE_5_length_673966_cov_34.44.g1272.t1	XP_659527.2	100	499	499	555	0.0	985
NODE_5_length_673966_cov_34.44.g1273.t1	XP_050468770.1	100	525	525	525	0.0	1051
NODE_5_length_673966_cov_34.44.g1274.t1	XP_659530.1	100	252	260	335	4.21e-188	517
NODE_5_length_673966_cov_34.44.g1275.t1	XP_659531.1	92.2	803	803	750	0.0	1421
NODE_5_length_673966_cov_34.44.g1276.t1	XP_659532.1	100	373	373	373	3.06e-222	610
NODE_5_length_673966_cov_34.44.g1277.t1	XP_659533.1	100	687	687	739	0.0	1402
NODE_5_length_673966_cov_34.44.g1278.t1	XP_050468771.1	99.7	360	360	360	3.70e-260	704
NODE_5_length_673966_cov_34.44.g1279.t1	XP_659535.1	100	506	506	565	9.62e-282	774
NODE_5_length_673966_cov_34.44.g1283.t1	XP_659536.1	86.4	177	245	153	4.20e-114	322
NODE_5_length_673966_cov_34.44.g1284.t1	XP_050468772.1	100	187	202	349	8.04e-139	390
NODE_5_length_673966_cov_34.44.g1285.t1	XP_659538.1	100	496	544	518	0.0	956
NODE_5_length_673966_cov_34.44.g1286.t1	XP_659539.1	93.6	610	610	572	1.49e-276	765
NODE_5_length_673966_cov_34.44.g1287.t1	XP_659540.2	93.0	185	185	173	5.18e-120	335
NODE_5_length_673966_cov_34.44.g1288.t1	XP_659541.1	100	555	555	555	0.0	1077
NODE_5_length_673966_cov_34.44.g1289.t1	XP_659542.1	100	290	290	290	7.34e-218	592
NODE_5_length_673966_cov_34.44.g1290.t1	XP_050468773.1	100	352	352	352	9.81e-213	584
NODE_5_length_673966_cov_34.44.g1291.t1	XP_659544.2	96.8	1216	1214	1192	0.0	2031
NODE_5_length_673966_cov_34.44.g1292.t1	XP_659545.1	100	173	173	173	2.70e-112	315
NODE_5_length_673966_cov_34.44.g1293.t1	XP_659546.1	100	143	143	143	1.97e-104	293
NODE_5_length_673966_cov_34.44.g1294.t1	XP_659547.1	100	537	537	537	0.0	1013
NODE_5_length_673966_cov_34.44.g1295.t1	XP_659548.1	73.5	690	521	690	2.94e-265	738
NODE_5_length_673966_cov_34.44.g1296.t1	XP_659549.1	93.1	245	245	228	3.63e-162	446
NODE_5_length_673966_cov_34.44.g1297.t1	XP_659550.1	100	340	340	350	5.34e-234	637
NODE_5_length_673966_cov_34.44.g1298.t1	XP_659551.1	100	318	318	318	1.08e-249	674
NODE_5_length_673966_cov_34.44.g1299.t1	XP_659552.1	100	1595	1595	1595	0.0	2969
NODE_5_length_673966_cov_34.44.g1300.t1	XP_659553.1	100	609	609	609	0.0	1140
NODE_5_length_673966_cov_34.44.g1301.t1	XP_659554.1	100	732	732	732	0.0	1406
NODE_5_length_673966_cov_34.44.g1302.t1	XP_659555.1	100	219	238	219	6.72e-101	291
NODE_5_length_673966_cov_34.44.g1303.t1	XP_659556.1	100	163	163	163	1.80e-112	315
NODE_5_length_673966_cov_34.44.g1304.t1	XP_659557.1	100	380	648	380	1.47e-280	769
NODE_5_length_673966_cov_34.44.g1305.t1	XP_659558.1	100	384	384	384	7.16e-261	708
NODE_5_length_673966_cov_34.44.g1306.t1	XP_659559.2	100	467	467	467	0.0	932
NODE_5_length_673966_cov_34.44.g1307.t1	XP_659560.1	99.7	1448	1448	1443	0.0	2862
NODE_5_length_673966_cov_34.44.g1308.t1	XP_659561.1	100	512	516	617	0.0	892
NODE_5_length_673966_cov_34.44.g1309.t1	XP_659564.1	100	836	1294	894	0.0	1622
NODE_5_length_673966_cov_34.44.g1311.t1	XP_659565.1	100	1162	1181	1502	0.0	2322
NODE_5_length_673966_cov_34.44.g1312.t1	XP_659566.1	100	675	681	675	0.0	1318
NODE_5_length_673966_cov_34.44.g1313.t1	XP_659567.1	100	355	355	355	2.46e-276	745
NODE_5_length_673966_cov_34.44.g1314.t1	XP_659568.1	100	237	237	237	3.12e-163	449
NODE_5_length_673966_cov_34.44.g1315.t1	XP_659569.1	100	320	320	320	1.75e-231	629
NODE_5_length_673966_cov_34.44.g1316.t1	XP_659570.1	99.8	4032	4032	4022	0.0	7342
NODE_5_length_673966_cov_34.44.g1317.t1	XP_659571.1	100	1081	1081	1081	0.0	2187
NODE_5_length_673966_cov_34.44.g1318.t1	XP_659572.1	100	227	311	273	5.30e-169	468
NODE_5_length_673966_cov_34.44.g1319.t1	XP_659573.1	95.0	318	318	302	1.30e-219	598
NODE_5_length_673966_cov_34.44.g1320.t1	XP_659574.1	100	203	203	203	8.81e-144	397
NODE_5_length_673966_cov_34.44.g1321.t1	XP_050468774.1	100	458	458	458	0.0	883
NODE_5_length_673966_cov_34.44.g1322.t1	XP_659576.1	100	304	475	304	2.89e-220	606
NODE_5_length_673966_cov_34.44.g1323.t1	XP_050468775.1	100	195	200	224	5.82e-128	358
NODE_5_length_673966_cov_34.44.g1324.t1	XP_659578.2	100	333	333	333	6.66e-238	646
NODE_5_length_673966_cov_34.44.g1325.t1	XP_050468776.1	100	242	242	242	1.62e-172	473
NODE_5_length_673966_cov_34.44.g1326.t1	XP_050468777.1	97.8	645	648	650	0.0	1214
NODE_5_length_673966_cov_34.44.g1327.t1	XP_659580.1	100	327	327	327	5.08e-239	648
NODE_5_length_673966_cov_34.44.g1328.t1	XP_050468778.1	100	197	197	197	3.06e-132	367
NODE_5_length_673966_cov_34.44.g1329.t1	XP_050468779.1	100	149	149	149	1.59e-106	298
NODE_5_length_673966_cov_34.44.g1330.t1	XP_659583.1	100	104	104	104	1.60e-71	206
NODE_5_length_673966_cov_34.44.g1331.t1	XP_659584.1	100	883	883	883	0.0	1590
NODE_5_length_673966_cov_34.44.g1332.t1	XP_659585.1	85.9	319	275	359	3.09e-172	478
NODE_5_length_673966_cov_34.44.g1333.t1	XP_659586.1	98.4	830	830	818	0.0	1621
NODE_5_length_673966_cov_34.44.g1334.t1	XP_659587.1	100	845	845	845	0.0	1496
NODE_5_length_673966_cov_34.44.g1335.t1	XP_659588.1	100	808	808	808	0.0	1432
NODE_5_length_673966_cov_34.44.g1336.t1	XP_659589.2	100	352	442	352	4.09e-242	662
NODE_5_length_673966_cov_34.44.g1337.t1	XP_659590.1	100	211	211	211	1.15e-152	420
NODE_5_length_673966_cov_34.44.g1338.t1	XP_050468781.1	100	473	473	473	0.0	925
NODE_5_length_673966_cov_34.44.g1339.t1	XP_659592.1	100	759	759	759	0.0	1497
NODE_5_length_673966_cov_34.44.g1341.t1	XP_659593.1	100	572	572	572	0.0	1132
NODE_5_length_673966_cov_34.44.g1342.t1	XP_659594.1	100	442	463	445	0.0	881
NODE_5_length_673966_cov_34.44.g1344.t1	XP_050468782.1	100	255	255	255	1.57e-190	520
NODE_5_length_673966_cov_34.44.g1345.t1	XP_050468783.1	100	186	259	205	5.37e-121	342
NODE_5_length_673966_cov_34.44.g1346.t1	XP_659596.1	100	671	671	671	0.0	1147
NODE_5_length_673966_cov_34.44.g1347.t1	XP_659597.1	99.8	423	479	429	2.95e-314	849
NODE_5_length_673966_cov_34.44.g1348.t1	XP_659599.1	100	711	711	812	0.0	1208
NODE_5_length_673966_cov_34.44.g1349.t1	XP_659600.1	100	655	655	655	0.0	1215
NODE_5_length_673966_cov_34.44.g1350.t1	XP_659601.1	100	428	428	428	5.12e-237	652
NODE_5_length_673966_cov_34.44.g1351.t1	XP_659602.1	100	328	398	333	5.90e-242	659
NODE_5_length_673966_cov_34.44.g1352.t1	XP_659603.2	100	347	347	347	1.10e-259	702
NODE_5_length_673966_cov_34.44.g1353.t1	XP_050468785.1	100	486	585	503	0.0	917
NODE_5_length_673966_cov_34.44.g1354.t1	XP_050468786.1	100	229	229	305	2.92e-159	441
NODE_5_length_673966_cov_34.44.g1355.t1	XP_050468787.1	97.2	751	751	730	0.0	1443
NODE_5_length_673966_cov_34.44.g1356.t1	XP_659606.2	99.8	459	459	519	0.0	969
NODE_5_length_673966_cov_34.44.g1357.t1	XP_050468788.1	99.3	141	143	148	4.35e-100	282
NODE_5_length_673966_cov_34.44.g1358.t1	XP_050468789.1	98.4	319	319	507	7.89e-222	612
NODE_5_length_673966_cov_34.44.g1359.t1	XP_659608.1	100	171	171	190	1.99e-115	323
NODE_5_length_673966_cov_34.44.g1360.t1	XP_659609.1	100	172	172	172	1.57e-115	323
NODE_5_length_673966_cov_34.44.g1361.t1	XP_662604.1	34.8	233	243	214	4.23e-33	118
NODE_5_length_673966_cov_34.44.g1362.t1	XP_659610.1	100	416	566	424	2.22e-284	777
NODE_5_length_673966_cov_34.44.g1363.t1	XP_659612.1	100	254	254	254	9.45e-187	510
NODE_5_length_673966_cov_34.44.g1364.t1	XP_050468790.1	99.3	604	600	604	0.0	1128
NODE_5_length_673966_cov_34.44.g1365.t1	XP_659614.1	100	293	302	342	8.58e-219	597
NODE_5_length_673966_cov_34.44.g1366.t1	XP_659615.1	100	1688	1688	1688	0.0	3160
NODE_5_length_673966_cov_34.44.g1367.t1	XP_050468791.1	98.9	448	573	524	8.35e-269	742
NODE_5_length_673966_cov_34.44.g1368.t1	XP_659617.1	100	397	397	397	2.17e-289	781
NODE_5_length_673966_cov_34.44.g1369.t1	XP_659618.2	100	619	649	649	0.0	1155
NODE_5_length_673966_cov_34.44.g1370.t1	XP_659619.1	100	503	503	503	0.0	1024
NODE_5_length_673966_cov_34.44.g1371.t1	XP_659620.1	100	662	662	662	0.0	1272
NODE_5_length_673966_cov_34.44.g1372.t1	XP_659621.1	100	992	992	992	0.0	1994
NODE_5_length_673966_cov_34.44.g1373.t1	XP_659622.1	99.8	491	491	490	0.0	1001
NODE_5_length_673966_cov_34.44.g1374.t1	XP_659623.1	99.2	118	157	135	1.76e-84	243
NODE_5_length_673966_cov_34.44.g1375.t1	XP_659624.2	100	293	293	293	3.23e-218	593
NODE_6_length_584273_cov_33.68.g1376.t1	XP_662482.1	100	739	739	739	0.0	1461
NODE_6_length_584273_cov_33.68.g1378.t1	XP_050467601.1	100	791	791	791	0.0	1544
NODE_6_length_584273_cov_33.68.g1379.t1	XP_662485.1	100	361	361	361	1.98e-260	705
NODE_6_length_584273_cov_33.68.g1380.t1	XP_662486.1	100	455	472	464	7.23e-315	852
NODE_6_length_584273_cov_33.68.g1381.t1	XP_662487.1	99.3	761	813	816	0.0	1450
NODE_6_length_584273_cov_33.68.g1382.t1	XP_050467600.1	100	733	789	738	0.0	1408
NODE_6_length_584273_cov_33.68.g1383.t1	XP_050467599.1	100	506	572	577	0.0	1023
NODE_6_length_584273_cov_33.68.g1384.t1	XP_050467598.1	100	699	699	699	0.0	1287
NODE_6_length_584273_cov_33.68.g1385.t1	XP_050467597.1	100	575	575	575	0.0	1152
NODE_6_length_584273_cov_33.68.g1386.t1	XP_050467596.1	99.7	789	787	789	0.0	1536
NODE_6_length_584273_cov_33.68.g1387.t1	XP_050467595.1	99.9	1559	1559	1558	0.0	2933
NODE_6_length_584273_cov_33.68.g1388.t1	XP_050467594.1	100	568	568	568	0.0	1146
NODE_6_length_584273_cov_33.68.g1389.t1	XP_662493.1	100	261	269	261	2.97e-191	522
NODE_6_length_584273_cov_33.68.g1390.t1	XP_050467593.1	100	234	234	323	1.65e-166	461
NODE_6_length_584273_cov_33.68.g1391.t1	XP_662494.2	100	997	997	997	0.0	1976
NODE_6_length_584273_cov_33.68.g1392.t1	XP_662495.2	100	279	279	279	1.48e-159	443
NODE_6_length_584273_cov_33.68.g1393.t1	XP_050467592.1	100	1009	1013	1075	0.0	1919
NODE_6_length_584273_cov_33.68.g1394.t1	XP_662497.1	100	200	200	200	1.73e-153	421
NODE_6_length_584273_cov_33.68.g1395.t1	XP_662498.1	93.4	1158	1154	1100	0.0	1926
NODE_6_length_584273_cov_33.68.g1396.t1	XP_662499.1	100	212	212	212	1.77e-152	420
NODE_6_length_584273_cov_33.68.g1397.t1	XP_662500.2	100	419	595	419	1.42e-307	837
NODE_6_length_584273_cov_33.68.g1398.t1	XP_662501.1	100	271	271	271	1.47e-86	258
NODE_6_length_584273_cov_33.68.g1399.t1	XP_662502.1	86.6	677	586	677	4.20e-279	775
NODE_6_length_584273_cov_33.68.g1400.t1	XP_662503.1	100	375	375	375	1.26e-215	593
NODE_6_length_584273_cov_33.68.g1401.t1	XP_662504.2	100	400	400	400	4.10e-275	746
NODE_6_length_584273_cov_33.68.g1402.t1	XP_050467591.1	100	296	296	296	7.64e-182	501
NODE_6_length_584273_cov_33.68.g1403.t1	XP_662505.1	100	819	819	819	0.0	1614
NODE_6_length_584273_cov_33.68.g1404.t1	XP_662506.1	100	345	345	345	6.89e-237	644
NODE_6_length_584273_cov_33.68.g1405.t1	XP_662507.1	100	525	525	525	0.0	977
NODE_6_length_584273_cov_33.68.g1406.t1	XP_662508.1	100	667	667	667	0.0	1317
NODE_6_length_584273_cov_33.68.g1407.t1	XP_050467590.1	100	529	554	554	0.0	977
NODE_6_length_584273_cov_33.68.g1408.t1	XP_662509.2	100	250	250	302	2.41e-188	516
NODE_6_length_584273_cov_33.68.g1409.t1	XP_662510.1	100	593	593	593	0.0	1187
NODE_6_length_584273_cov_33.68.g1410.t1	XP_662511.1	100	1031	1031	1031	0.0	1939
NODE_6_length_584273_cov_33.68.g1411.t1	XP_662512.1	89.9	1256	1256	1130	0.0	2068
NODE_6_length_584273_cov_33.68.g1412.t1	XP_662513.1	99.3	137	137	201	4.35e-85	246
NODE_6_length_584273_cov_33.68.g1413.t1	XP_662514.1	100	549	549	549	0.0	1070
NODE_6_length_584273_cov_33.68.g1414.t1	XP_662515.1	95.1	367	367	349	1.55e-242	660
NODE_6_length_584273_cov_33.68.g1415.t1	XP_662516.1	100	311	311	311	4.63e-227	617
NODE_6_length_584273_cov_33.68.g1416.t1	XP_050467589.1	96.9	805	805	780	0.0	1592
NODE_6_length_584273_cov_33.68.g1417.t1	XP_662518.1	100	420	420	420	5.77e-308	830
NODE_6_length_584273_cov_33.68.g1419.t1	XP_662521.1	96.9	652	652	637	0.0	1140
NODE_6_length_584273_cov_33.68.g1420.t1	XP_662522.1	100	376	376	376	5.80e-272	736
NODE_6_length_584273_cov_33.68.g1421.t1	XP_050467588.1	100	193	193	193	1.17e-134	373
NODE_6_length_584273_cov_33.68.g1422.t1	XP_662524.1	98.2	1203	1203	1181	0.0	2260
NODE_6_length_584273_cov_33.68.g1423.t1	XP_662525.1	97.3	596	596	592	0.0	1137
NODE_6_length_584273_cov_33.68.g1424.t1	XP_662526.1	94.6	653	653	618	0.0	1200
NODE_6_length_584273_cov_33.68.g1425.t1	XP_662527.1	100	459	459	459	0.0	933
NODE_6_length_584273_cov_33.68.g1426.t1	XP_662529.1	100	884	884	884	0.0	1785
NODE_6_length_584273_cov_33.68.g1427.t1	XP_662530.1	100	1120	1120	1120	0.0	2154
NODE_6_length_584273_cov_33.68.g1428.t1	XP_662531.1	100	124	124	124	2.25e-76	220
NODE_6_length_584273_cov_33.68.g1429.t1	XP_662532.1	100	351	351	351	4.31e-259	701
NODE_6_length_584273_cov_33.68.g1430.t1	XP_662533.1	100	947	947	947	0.0	1696
NODE_6_length_584273_cov_33.68.g1432.t1	XP_050467586.1	100	416	433	428	1.58e-299	810
NODE_6_length_584273_cov_33.68.g1433.t1	XP_662535.1	100	275	275	323	1.53e-198	543
NODE_6_length_584273_cov_33.68.g1434.t1	XP_662536.1	100	318	318	318	2.97e-247	668
NODE_6_length_584273_cov_33.68.g1435.t1	XP_662537.1	100	357	357	357	1.58e-264	715
NODE_6_length_584273_cov_33.68.g1436.t1	XP_662538.1	100	294	294	294	6.96e-209	569
NODE_6_length_584273_cov_33.68.g1437.t1	XP_662539.2	100	404	412	436	8.41e-296	800
NODE_6_length_584273_cov_33.68.g1438.t1	XP_662540.1	100	780	780	780	0.0	1447
NODE_6_length_584273_cov_33.68.g1439.t1	XP_662541.1	100	68	68	68	3.19e-39	122
NODE_6_length_584273_cov_33.68.g1440.t1	XP_662542.1	100	555	555	555	0.0	1061
NODE_6_length_584273_cov_33.68.g1441.t1	XP_662543.1	100	167	167	167	1.94e-118	330
NODE_6_length_584273_cov_33.68.g1442.t1	XP_050467585.1	96.8	533	533	516	0.0	967
NODE_6_length_584273_cov_33.68.g1443.t1	XP_662545.1	100	298	299	298	3.08e-212	578
NODE_6_length_584273_cov_33.68.g1444.t1	XP_662546.1	100	125	125	125	3.07e-88	250
NODE_6_length_584273_cov_33.68.g1445.t1	XP_662547.1	100	807	807	807	0.0	1489
NODE_6_length_584273_cov_33.68.g1446.t1	XP_662548.1	100	285	360	357	3.01e-194	538
NODE_6_length_584273_cov_33.68.g1447.t1	XP_662549.1	100	685	685	713	0.0	1249
NODE_6_length_584273_cov_33.68.g1448.t1	XP_662550.1	100	162	162	162	8.62e-115	320
NODE_6_length_584273_cov_33.68.g1449.t1	XP_662551.1	100	244	244	244	9.46e-182	496
NODE_6_length_584273_cov_33.68.g1450.t1	XP_662552.1	100	326	326	326	1.53e-244	662
NODE_6_length_584273_cov_33.68.g1451.t1	XP_662553.1	100	730	730	730	0.0	1445
NODE_6_length_584273_cov_33.68.g1452.t1	XP_662554.1	100	195	195	195	5.55e-102	291
NODE_6_length_584273_cov_33.68.g1453.t1	XP_662555.1	100	866	866	866	0.0	1677
NODE_6_length_584273_cov_33.68.g1454.t1	XP_662556.1	98.6	1136	1136	1125	0.0	1723
NODE_6_length_584273_cov_33.68.g1455.t1	XP_050467583.1	99.0	199	197	199	1.35e-140	389
NODE_6_length_584273_cov_33.68.g1456.t1	XP_662558.1	100	185	185	185	5.21e-134	371
NODE_6_length_584273_cov_33.68.g1457.t1	XP_662559.1	94.5	477	477	451	0.0	873
NODE_6_length_584273_cov_33.68.g1458.t1	XP_050467582.1	100	687	687	687	0.0	1342
NODE_6_length_584273_cov_33.68.g1459.t1	XP_662561.1	100	524	524	524	0.0	1018
NODE_6_length_584273_cov_33.68.g1460.t1	XP_662562.1	100	419	419	419	1.45e-257	703
NODE_6_length_584273_cov_33.68.g1461.t1	XP_662563.1	100	805	805	805	0.0	1476
NODE_6_length_584273_cov_33.68.g1462.t1	XP_662564.1	100	434	434	434	2.01e-306	828
NODE_6_length_584273_cov_33.68.g1463.t1	XP_662565.1	92.8	221	420	253	3.28e-111	325
NODE_6_length_584273_cov_33.68.g1464.t1	XP_662567.1	92.8	1104	1072	1057	0.0	1691
NODE_6_length_584273_cov_33.68.g1465.t1	XP_662568.1	100	334	334	334	1.11e-241	655
NODE_6_length_584273_cov_33.68.g1466.t1	XP_662569.1	100	2316	3517	2317	0.0	4389
NODE_6_length_584273_cov_33.68.g1468.t1	XP_662573.1	100	738	738	738	0.0	1342
NODE_6_length_584273_cov_33.68.g1469.t1	XP_662574.1	100	117	117	117	2.41e-70	204
NODE_6_length_584273_cov_33.68.g1470.t1	XP_662575.1	100	1167	1167	1167	0.0	2177
NODE_6_length_584273_cov_33.68.g1471.t1	XP_050467579.1	95.3	895	853	895	0.0	1672
NODE_6_length_584273_cov_33.68.g1472.t1	XP_662577.1	100	510	510	510	0.0	937
NODE_6_length_584273_cov_33.68.g1473.t1	XP_662578.1	100	351	427	351	1.45e-247	675
NODE_6_length_584273_cov_33.68.g1474.t1	XP_662579.1	100	441	441	441	0.0	887
NODE_6_length_584273_cov_33.68.g1475.t1	XP_662580.2	100	263	268	284	1.71e-177	488
NODE_6_length_584273_cov_33.68.g1476.t1	XP_662581.1	100	581	592	633	0.0	1211
NODE_6_length_584273_cov_33.68.g1477.t1	XP_662582.1	100	296	296	296	4.14e-202	552
NODE_6_length_584273_cov_33.68.g1478.t1	XP_662583.1	100	354	354	354	1.44e-238	649
NODE_6_length_584273_cov_33.68.g1479.t1	XP_662584.1	100	607	607	607	0.0	1166
NODE_6_length_584273_cov_33.68.g1480.t1	XP_662585.1	100	472	513	513	0.0	923
NODE_6_length_584273_cov_33.68.g1481.t1	XP_662586.2	100	449	449	449	1.71e-278	758
NODE_6_length_584273_cov_33.68.g1483.t1	XP_662587.1	99.6	571	571	651	0.0	1104
NODE_6_length_584273_cov_33.68.g1484.t1	XP_662588.1	100	471	471	471	0.0	951
NODE_6_length_584273_cov_33.68.g1485.t1	XP_662589.1	100	1094	1094	1094	0.0	1926
NODE_6_length_584273_cov_33.68.g1486.t1	XP_662590.1	100	255	255	255	2.83e-193	526
NODE_6_length_584273_cov_33.68.g1487.t1	XP_662591.1	100	412	412	412	4.82e-296	800
NODE_6_length_584273_cov_33.68.g1488.t1	XP_662592.1	100	435	435	435	1.32e-268	732
NODE_6_length_584273_cov_33.68.g1489.t1	XP_050467578.1	100	113	131	116	2.04e-70	205
NODE_6_length_584273_cov_33.68.g1490.t1	XP_662594.1	97.9	292	292	288	4.16e-199	544
NODE_6_length_584273_cov_33.68.g1491.t1	XP_050467577.1	100	439	439	439	0.0	888
NODE_6_length_584273_cov_33.68.g1492.t1	XP_662596.1	100	623	623	623	0.0	1248
NODE_6_length_584273_cov_33.68.g1493.t1	XP_662597.1	100	213	213	213	3.44e-155	427
NODE_6_length_584273_cov_33.68.g1494.t1	XP_662598.1	100	715	715	715	0.0	1422
NODE_6_length_584273_cov_33.68.g1495.t1	XP_662599.1	100	521	521	521	0.0	1036
NODE_6_length_584273_cov_33.68.g1496.t1	XP_662600.1	100	283	321	283	6.64e-184	507
NODE_6_length_584273_cov_33.68.g1497.t1	XP_662601.1	87.4	374	374	327	1.46e-232	634
NODE_6_length_584273_cov_33.68.g1498.t1	XP_662602.1	100	751	751	751	0.0	1436
NODE_6_length_584273_cov_33.68.g1499.t1	XP_662604.1	100	187	222	214	1.15e-126	355
NODE_6_length_584273_cov_33.68.g1500.t1	XP_662605.1	100	770	771	1297	0.0	1323
NODE_6_length_584273_cov_33.68.g1502.t1	XP_662607.1	99.5	590	637	596	0.0	1140
NODE_6_length_584273_cov_33.68.g1503.t1	XP_662608.1	100	147	147	147	3.64e-77	224
NODE_6_length_584273_cov_33.68.g1504.t1	XP_662609.1	100	528	528	528	0.0	960
NODE_6_length_584273_cov_33.68.g1505.t1	XP_050467575.1	100	937	945	945	0.0	1816
NODE_6_length_584273_cov_33.68.g1506.t1	XP_662610.2	91.1	730	801	665	0.0	1288
NODE_6_length_584273_cov_33.68.g1507.t1	XP_662611.1	100	312	312	312	9.41e-232	629
NODE_6_length_584273_cov_33.68.g1509.t1	XP_662612.1	100	115	115	115	2.25e-83	237
NODE_6_length_584273_cov_33.68.g1510.t1	XP_662613.1	100	888	888	888	0.0	1637
NODE_6_length_584273_cov_33.68.g1512.t1	XP_050467574.1	100	264	393	264	6.25e-189	522
NODE_6_length_584273_cov_33.68.g1513.t1	XP_662615.1	100	949	949	949	0.0	1929
NODE_6_length_584273_cov_33.68.g1514.t1	XP_662616.1	88.0	1124	1006	1203	0.0	1938
NODE_6_length_584273_cov_33.68.g1515.t1	XP_050467573.1	100	638	638	638	0.0	1259
NODE_6_length_584273_cov_33.68.g1516.t1	XP_050467572.1	100	124	124	124	5.33e-84	239
NODE_6_length_584273_cov_33.68.g1517.t1	XP_662619.1	100	82	82	82	2.33e-36	116
NODE_6_length_584273_cov_33.68.g1518.t1	XP_662620.1	90.6	556	554	549	0.0	1013
NODE_6_length_584273_cov_33.68.g1519.t1	XP_662621.1	100	330	330	330	1.76e-236	642
NODE_6_length_584273_cov_33.68.g1520.t1	XP_662622.1	100	335	359	346	5.43e-247	671
NODE_6_length_584273_cov_33.68.g1521.t1	XP_662623.1	100	400	400	438	9.83e-306	825
NODE_6_length_584273_cov_33.68.g1522.t1	XP_662624.1	100	185	185	185	9.00e-135	373
NODE_6_length_584273_cov_33.68.g1523.t1	XP_050467571.1	100	694	694	705	0.0	1422
NODE_6_length_584273_cov_33.68.g1524.t1	XP_662626.1	100	202	202	202	1.26e-99	285
NODE_6_length_584273_cov_33.68.g1525.t1	XP_662627.1	45.2	217	209	160	5.48e-42	138
NODE_6_length_584273_cov_33.68.g1526.t1	XP_662628.1	71.8	284	378	269	3.52e-124	357
NODE_6_length_584273_cov_33.68.g1527.t1	XP_662629.1	100	570	570	657	0.0	1133
NODE_6_length_584273_cov_33.68.g1528.t1	XP_662630.1	100	328	328	339	7.68e-196	540
NODE_6_length_584273_cov_33.68.g1529.t1	XP_050467570.1	100	632	632	632	0.0	1281
NODE_6_length_584273_cov_33.68.g1530.t1	XP_662632.1	100	1117	1117	1117	0.0	2200
NODE_6_length_584273_cov_33.68.g1531.t1	XP_662633.1	100	515	577	536	0.0	1009
NODE_6_length_584273_cov_33.68.g1532.t1	XP_662634.1	97.6	340	340	332	6.99e-237	644
NODE_6_length_584273_cov_33.68.g1533.t1	XP_662635.1	100	323	323	323	4.11e-227	618
NODE_6_length_584273_cov_33.68.g1534.t1	XP_662636.1	97.7	435	489	449	1.22e-309	839
NODE_6_length_584273_cov_33.68.g1535.t1	XP_662637.1	87.6	485	458	478	1.76e-308	836
NODE_6_length_584273_cov_33.68.g1537.t1	XP_662639.1	99.0	477	545	480	0.0	964
NODE_6_length_584273_cov_33.68.g1538.t1	XP_662640.1	100	380	380	380	1.71e-291	785
NODE_6_length_584273_cov_33.68.g1539.t1	XP_662641.1	86.7	1145	1010	1146	0.0	1944
NODE_6_length_584273_cov_33.68.g1540.t1	XP_662642.1	100	177	177	184	8.49e-124	345
NODE_6_length_584273_cov_33.68.g1541.t1	XP_662643.1	75.3	574	574	432	1.63e-304	829
NODE_6_length_584273_cov_33.68.g1542.t1	XP_662644.1	92.4	687	651	687	0.0	1230
NODE_6_length_584273_cov_33.68.g1543.t1	XP_662645.1	100	521	521	521	0.0	1060
NODE_6_length_584273_cov_33.68.g1544.t1	XP_662647.2	100	288	288	288	1.73e-215	585
NODE_6_length_584273_cov_33.68.g1545.t1	XP_050467568.1	95.5	423	734	472	6.54e-296	815
NODE_6_length_584273_cov_33.68.g1546.t1	XP_662648.1	96.3	643	647	619	0.0	1251
NODE_6_length_584273_cov_33.68.g1547.t1	XP_662649.2	100	541	864	554	0.0	1116
NODE_6_length_584273_cov_33.68.g1548.t1	XP_662650.1	100	74	74	74	7.07e-50	149
NODE_6_length_584273_cov_33.68.g1550.t1	XP_050467566.1	100	408	569	408	6.73e-257	707
NODE_6_length_584273_cov_33.68.g1551.t1	XP_662653.1	96.8	527	527	558	0.0	977
NODE_6_length_584273_cov_33.68.g1552.t1	XP_662654.1	98.6	495	492	495	0.0	967
NODE_6_length_584273_cov_33.68.g1554.t1	XP_050467565.1	97.4	617	631	715	0.0	1194
NODE_6_length_584273_cov_33.68.g1555.t1	XP_662661.1	100	595	595	595	0.0	1184
NODE_6_length_584273_cov_33.68.g1557.t1	XP_662662.1	100	333	337	497	3.73e-255	696
NODE_6_length_584273_cov_33.68.g1558.t1	XP_662663.1	99.5	429	428	429	1.20e-286	777
NODE_6_length_584273_cov_33.68.g1559.t1	XP_662664.1	100	343	343	343	9.88e-270	727
NODE_6_length_584273_cov_33.68.g1560.t1	XP_662665.1	100	714	764	836	0.0	1459
NODE_6_length_584273_cov_33.68.g1561.t1	XP_662666.1	97.3	338	668	380	4.87e-234	652
NODE_6_length_584273_cov_33.68.g1562.t1	XP_050467564.1	100	298	298	298	6.78e-218	592
NODE_6_length_584273_cov_33.68.g1563.t1	XP_662658.1	70.3	290	348	284	8.41e-131	374
NODE_6_length_584273_cov_33.68.g1565.t1	XP_662659.2	98.0	343	349	360	3.96e-243	661
NODE_6_length_584273_cov_33.68.g1566.t1	XP_662660.1	100	71	71	71	8.55e-43	131
NODE_7_length_576363_cov_34.59.g1567.t1	XP_050468621.1	99.1	961	952	961	0.0	1878
NODE_7_length_576363_cov_34.59.g1568.t1	XP_868802.1	98.4	124	183	133	7.15e-88	252
NODE_7_length_576363_cov_34.59.g1569.t1	XP_868804.1	95.3	403	402	394	4.51e-262	712
NODE_7_length_576363_cov_34.59.g1570.t1	XP_868806.1	100	146	146	146	1.67e-111	311
NODE_7_length_576363_cov_34.59.g1572.t1	XP_659009.1	100	268	297	343	5.64e-177	491
NODE_7_length_576363_cov_34.59.g1573.t1	XP_050468626.1	100	75	91	75	2.98e-49	149
NODE_7_length_576363_cov_34.59.g1574.t1	XP_050468627.1	91.3	855	782	855	0.0	1560
NODE_7_length_576363_cov_34.59.g1575.t1	XP_659011.1	100	201	201	201	2.15e-134	373
NODE_7_length_576363_cov_34.59.g1576.t1	XP_659012.1	100	985	985	985	0.0	1943
NODE_7_length_576363_cov_34.59.g1577.t1	XP_050468628.1	100	399	399	399	1.92e-284	769
NODE_7_length_576363_cov_34.59.g1578.t1	XP_659014.2	100	381	437	381	8.95e-268	728
NODE_7_length_576363_cov_34.59.g1579.t1	XP_050468629.1	100	392	392	533	1.91e-292	795
NODE_7_length_576363_cov_34.59.g1580.t1	XP_659015.1	90.5	147	140	140	1.67e-81	234
NODE_7_length_576363_cov_34.59.g1581.t1	XP_050468630.1	100	536	536	594	0.0	1014
NODE_7_length_576363_cov_34.59.g1582.t1	XP_659017.1	94.1	1339	1260	1339	0.0	2417
NODE_7_length_576363_cov_34.59.g1583.t1	XP_050468631.1	99.6	566	566	588	0.0	1088
NODE_7_length_576363_cov_34.59.g1584.t1	XP_659020.1	100	923	923	923	0.0	1837
NODE_7_length_576363_cov_34.59.g1585.t1	XP_050468632.1	100	288	288	358	2.35e-207	568
NODE_7_length_576363_cov_34.59.g1586.t1	XP_659024.1	100	821	821	821	0.0	1401
NODE_7_length_576363_cov_34.59.g1587.t1	XP_659025.1	100	546	546	546	0.0	956
NODE_7_length_576363_cov_34.59.g1588.t1	XP_659027.1	96.4	497	497	480	0.0	936
NODE_7_length_576363_cov_34.59.g1589.t1	XP_659028.1	100	717	775	720	0.0	1211
NODE_7_length_576363_cov_34.59.g1590.t1	XP_050468634.1	93.7	853	805	853	0.0	1538
NODE_7_length_576363_cov_34.59.g1591.t1	XP_659030.1	99.6	556	554	556	0.0	1153
NODE_7_length_576363_cov_34.59.g1592.t1	XP_659031.1	100	508	508	508	0.0	1038
NODE_7_length_576363_cov_34.59.g1593.t1	XP_659032.1	100	430	430	430	0.0	864
NODE_7_length_576363_cov_34.59.g1594.t1	XP_659033.1	100	542	542	542	0.0	1118
NODE_7_length_576363_cov_34.59.g1595.t1	XP_659034.1	100	497	497	497	0.0	985
NODE_7_length_576363_cov_34.59.g1596.t1	XP_659035.1	100	284	349	319	4.33e-149	421
NODE_7_length_576363_cov_34.59.g1597.t1	XP_659036.1	100	354	354	354	3.38e-221	605
NODE_7_length_576363_cov_34.59.g1598.t1	XP_659037.1	100	540	540	540	0.0	1118
NODE_7_length_576363_cov_34.59.g1599.t1	XP_659038.1	100	913	913	913	0.0	1672
NODE_7_length_576363_cov_34.59.g1601.t1	XP_659039.1	100	363	651	363	1.31e-256	708
NODE_7_length_576363_cov_34.59.g1602.t1	XP_659040.1	100	861	861	861	0.0	1681
NODE_7_length_576363_cov_34.59.g1603.t1	XP_659041.1	100	1180	1180	1180	0.0	2293
NODE_7_length_576363_cov_34.59.g1604.t1	XP_050468636.1	95.9	388	535	392	5.56e-269	736
NODE_7_length_576363_cov_34.59.g1605.t1	XP_659043.1	100	107	107	107	4.19e-73	211
NODE_7_length_576363_cov_34.59.g1606.t1	XP_659044.2	100	1630	1853	1631	0.0	2901
NODE_7_length_576363_cov_34.59.g1608.t1	XP_659046.1	100	227	272	272	1.25e-152	425
NODE_7_length_576363_cov_34.59.g1609.t1	XP_659047.1	100	1309	1309	1309	0.0	1570
NODE_7_length_576363_cov_34.59.g1610.t1	XP_659048.1	100	172	172	172	7.24e-121	337
NODE_7_length_576363_cov_34.59.g1611.t1	XP_659049.1	100	394	394	394	4.85e-280	758
NODE_7_length_576363_cov_34.59.g1612.t1	XP_050468638.1	100	417	417	419	1.30e-303	819
NODE_7_length_576363_cov_34.59.g1613.t1	XP_659051.1	100	178	192	208	8.70e-131	364
NODE_7_length_576363_cov_34.59.g1614.t1	XP_659052.1	100	653	653	653	0.0	1089
NODE_7_length_576363_cov_34.59.g1615.t1	XP_659053.1	100	232	232	232	2.25e-98	285
NODE_7_length_576363_cov_34.59.g1616.t1	XP_659054.1	100	310	396	310	1.30e-232	634
NODE_7_length_576363_cov_34.59.g1617.t1	XP_659055.1	100	278	278	290	4.15e-214	582
NODE_7_length_576363_cov_34.59.g1618.t1	XP_659056.1	100	520	520	520	0.0	894
NODE_7_length_576363_cov_34.59.g1619.t1	XP_659057.1	98.3	688	688	677	0.0	1264
NODE_7_length_576363_cov_34.59.g1620.t1	XP_659058.1	100	689	689	689	0.0	1281
NODE_7_length_576363_cov_34.59.g1621.t1	XP_050468639.1	100	92	92	92	1.26e-58	173
NODE_7_length_576363_cov_34.59.g1622.t1	XP_050468641.1	100	741	741	741	0.0	1467
NODE_7_length_576363_cov_34.59.g1623.t1	XP_050468642.1	100	77	77	77	7.75e-53	157
NODE_7_length_576363_cov_34.59.g1624.t1	XP_050468643.1	95.4	701	740	748	0.0	1290
NODE_7_length_576363_cov_34.59.g1625.t1	XP_659061.1	100	456	494	496	0.0	905
NODE_7_length_576363_cov_34.59.g1626.t1	XP_050468644.1	100	363	363	363	3.15e-258	700
NODE_7_length_576363_cov_34.59.g1627.t1	XP_659063.1	100	773	773	773	0.0	1572
NODE_7_length_576363_cov_34.59.g1628.t1	XP_659064.1	99.0	296	369	310	9.39e-219	598
NODE_7_length_576363_cov_34.59.g1629.t1	XP_659065.1	100	509	509	509	0.0	911
NODE_7_length_576363_cov_34.59.g1630.t1	XP_659066.1	98.1	1134	1130	1122	0.0	1896
NODE_7_length_576363_cov_34.59.g1631.t1	XP_659067.1	96.9	352	357	365	1.39e-244	665
NODE_7_length_576363_cov_34.59.g1632.t1	XP_050468645.1	100	755	755	755	0.0	1429
NODE_7_length_576363_cov_34.59.g1633.t1	XP_659068.2	100	342	342	342	3.25e-254	688
NODE_7_length_576363_cov_34.59.g1634.t1	XP_659069.1	100	443	443	443	0.0	911
NODE_7_length_576363_cov_34.59.g1635.t1	XP_659070.1	100	621	621	621	6.39e-269	748
NODE_7_length_576363_cov_34.59.g1636.t1	XP_659071.1	100	450	450	450	0.0	884
NODE_7_length_576363_cov_34.59.g1637.t1	XP_659072.1	100	521	521	521	9.27e-301	821
NODE_7_length_576363_cov_34.59.g1638.t1	XP_659073.1	100	279	279	279	1.12e-186	512
NODE_7_length_576363_cov_34.59.g1639.t1	XP_659074.1	100	466	496	469	0.0	920
NODE_7_length_576363_cov_34.59.g1640.t1	XP_659076.1	100	395	395	395	1.66e-292	789
NODE_7_length_576363_cov_34.59.g1641.t1	XP_659078.1	100	403	403	403	1.68e-296	800
NODE_7_length_576363_cov_34.59.g1642.t1	XP_050468646.1	100	153	153	194	1.33e-116	326
NODE_7_length_576363_cov_34.59.g1643.t1	XP_659079.1	100	668	668	668	0.0	1132
NODE_7_length_576363_cov_34.59.g1644.t1	XP_050468648.1	98.2	570	977	573	0.0	1122
NODE_7_length_576363_cov_34.59.g1645.t1	XP_659081.1	98.9	352	354	404	5.60e-271	733
NODE_7_length_576363_cov_34.59.g1646.t1	XP_050468649.1	100	400	400	400	4.01e-282	763
NODE_7_length_576363_cov_34.59.g1647.t1	XP_050468650.1	100	729	729	729	0.0	1494
NODE_7_length_576363_cov_34.59.g1648.t1	XP_050468651.1	100	2208	2208	2208	0.0	4278
NODE_7_length_576363_cov_34.59.g1649.t1	XP_659083.1	92.4	948	975	924	0.0	1651
NODE_7_length_576363_cov_34.59.g1650.t1	XP_659084.1	100	255	255	255	2.31e-183	501
NODE_7_length_576363_cov_34.59.g1651.t1	XP_659085.1	99.8	572	572	572	0.0	1100
NODE_7_length_576363_cov_34.59.g1652.t1	XP_659086.1	99.9	694	700	698	0.0	1379
NODE_7_length_576363_cov_34.59.g1653.t1	XP_659087.1	94.4	196	208	208	7.55e-127	355
NODE_7_length_576363_cov_34.59.g1654.t1	XP_050468652.1	100	331	331	331	8.10e-238	645
NODE_7_length_576363_cov_34.59.g1655.t1	XP_050468653.1	97.4	1050	1050	1033	0.0	1978
NODE_7_length_576363_cov_34.59.g1656.t1	XP_659089.1	100	333	333	333	3.35e-247	669
NODE_7_length_576363_cov_34.59.g1657.t1	XP_659090.1	97.1	312	312	306	2.73e-209	572
NODE_7_length_576363_cov_34.59.g1658.t1	XP_050468654.1	100	679	679	679	0.0	1313
NODE_7_length_576363_cov_34.59.g1659.t1	XP_050468655.1	100	372	372	404	5.32e-292	787
NODE_7_length_576363_cov_34.59.g1660.t1	XP_659092.1	100	775	775	775	0.0	1417
NODE_7_length_576363_cov_34.59.g1661.t1	XP_659093.1	100	533	533	533	0.0	1027
NODE_7_length_576363_cov_34.59.g1662.t1	XP_659094.2	100	231	231	231	7.45e-113	321
NODE_7_length_576363_cov_34.59.g1663.t1	XP_050468656.1	100	498	498	498	0.0	954
NODE_7_length_576363_cov_34.59.g1664.t1	XP_659096.1	100	215	240	268	1.01e-151	421
NODE_7_length_576363_cov_34.59.g1665.t1	XP_659097.1	100	198	198	198	4.90e-134	372
NODE_7_length_576363_cov_34.59.g1666.t1	XP_050468657.1	100	163	212	231	1.23e-113	322
NODE_7_length_576363_cov_34.59.g1668.t1	XP_659098.1	100	1282	1282	1282	0.0	2565
NODE_7_length_576363_cov_34.59.g1669.t1	XP_659099.1	100	78	78	78	9.74e-52	154
NODE_7_length_576363_cov_34.59.g1670.t1	XP_050468659.1	99.6	534	937	591	0.0	1041
NODE_7_length_576363_cov_34.59.g1671.t1	XP_659101.1	100	480	506	486	0.0	976
NODE_7_length_576363_cov_34.59.g1672.t1	XP_659102.1	100	346	346	417	1.27e-252	687
NODE_7_length_576363_cov_34.59.g1673.t1	XP_659104.1	100	630	630	630	0.0	1223
NODE_7_length_576363_cov_34.59.g1674.t1	XP_659106.1	100	603	603	603	0.0	1259
NODE_7_length_576363_cov_34.59.g1675.t1	XP_659107.1	100	309	309	309	3.91e-218	594
NODE_7_length_576363_cov_34.59.g1677.t1	XP_050468660.1	100	836	836	836	0.0	1593
NODE_7_length_576363_cov_34.59.g1678.t1	XP_659109.1	100	470	470	470	0.0	912
NODE_7_length_576363_cov_34.59.g1679.t1	XP_050468661.1	98.3	424	424	417	2.46e-307	829
NODE_7_length_576363_cov_34.59.g1680.t1	XP_659111.1	100	213	213	213	8.73e-149	410
NODE_7_length_576363_cov_34.59.g1681.t1	XP_659113.1	100	232	232	232	5.27e-173	473
NODE_7_length_576363_cov_34.59.g1682.t1	XP_050468662.1	100	604	604	604	0.0	1250
NODE_7_length_576363_cov_34.59.g1683.t1	XP_659115.1	100	436	436	436	1.27e-201	563
NODE_7_length_576363_cov_34.59.g1685.t1	XP_659117.1	100	428	428	428	9.66e-311	838
NODE_7_length_576363_cov_34.59.g1686.t1	XP_659118.1	100	579	579	579	0.0	1164
NODE_7_length_576363_cov_34.59.g1687.t1	XP_050468665.1	99.4	536	533	536	0.0	998
NODE_7_length_576363_cov_34.59.g1689.t1	XP_050468666.1	100	304	304	304	8.61e-176	486
NODE_7_length_576363_cov_34.59.g1691.t1	XP_659123.1	100	1019	1019	1019	0.0	1990
NODE_7_length_576363_cov_34.59.g1692.t1	XP_659124.1	100	538	538	538	0.0	1030
NODE_7_length_576363_cov_34.59.g1693.t1	XP_659125.1	100	169	169	169	7.58e-126	349
NODE_7_length_576363_cov_34.59.g1694.t1	XP_659126.1	95.8	189	189	181	2.51e-123	344
NODE_7_length_576363_cov_34.59.g1695.t1	XP_050468670.1	100	556	556	556	0.0	1060
NODE_7_length_576363_cov_34.59.g1696.t1	XP_659128.1	100	334	334	334	1.87e-249	675
NODE_7_length_576363_cov_34.59.g1697.t1	XP_659129.1	100	179	213	180	2.82e-126	352
NODE_7_length_576363_cov_34.59.g1698.t1	XP_659130.1	100	266	266	266	3.16e-191	522
NODE_7_length_576363_cov_34.59.g1699.t1	XP_050468671.1	99.5	213	216	240	2.17e-156	431
NODE_7_length_576363_cov_34.59.g1700.t1	XP_050468672.1	97.3	1065	1072	1049	0.0	1929
NODE_7_length_576363_cov_34.59.g1702.t1	XP_659135.1	100	354	354	354	1.11e-242	660
NODE_7_length_576363_cov_34.59.g1703.t1	XP_050468673.1	100	147	155	194	1.40e-98	280
NODE_7_length_576363_cov_34.59.g1705.t1	XP_659137.2	100	527	551	573	0.0	1021
NODE_7_length_576363_cov_34.59.g1706.t1	XP_659138.1	100	242	242	242	5.48e-155	429
NODE_7_length_576363_cov_34.59.g1707.t1	XP_659139.1	98.0	352	356	391	2.75e-218	600
NODE_7_length_576363_cov_34.59.g1708.t1	XP_659140.1	100	627	627	627	0.0	1181
NODE_7_length_576363_cov_34.59.g1709.t1	XP_050468675.1	88.9	477	477	467	1.39e-298	811
NODE_7_length_576363_cov_34.59.g1710.t1	XP_659142.1	100	357	357	357	5.66e-258	699
NODE_7_length_576363_cov_34.59.g1711.t1	XP_659143.1	100	408	408	408	6.85e-278	753
NODE_7_length_576363_cov_34.59.g1712.t1	XP_659144.1	100	305	305	305	7.13e-228	618
NODE_7_length_576363_cov_34.59.g1713.t1	XP_659145.1	100	484	484	484	0.0	941
NODE_7_length_576363_cov_34.59.g1714.t1	XP_659146.1	100	810	810	810	0.0	1684
NODE_7_length_576363_cov_34.59.g1715.t1	XP_659147.1	100	627	627	627	0.0	1244
NODE_7_length_576363_cov_34.59.g1716.t1	XP_659148.1	100	346	346	346	6.95e-242	657
NODE_7_length_576363_cov_34.59.g1717.t1	XP_050468677.1	99.6	445	471	472	0.0	884
NODE_7_length_576363_cov_34.59.g1718.t1	XP_659150.1	97.9	1605	1585	1605	0.0	2962
NODE_7_length_576363_cov_34.59.g1719.t1	XP_659151.1	100	525	525	525	0.0	1059
NODE_7_length_576363_cov_34.59.g1720.t1	XP_659152.1	96.5	286	286	276	3.06e-192	526
NODE_7_length_576363_cov_34.59.g1721.t1	XP_659153.1	83.5	91	98	86	9.85e-52	155
NODE_7_length_576363_cov_34.59.g1722.t1	XP_659154.1	100	457	457	637	0.0	927
NODE_7_length_576363_cov_34.59.g1723.t1	XP_659155.1	100	555	555	555	0.0	875
NODE_7_length_576363_cov_34.59.g1724.t1	XP_659157.1	99.2	128	182	136	5.23e-95	270
NODE_7_length_576363_cov_34.59.g1725.t1	XP_659158.1	100	702	702	702	0.0	1346
NODE_7_length_576363_cov_34.59.g1726.t1	XP_659159.2	99.9	1096	1096	1194	0.0	2192
NODE_7_length_576363_cov_34.59.g1727.t1	XP_050468678.1	100	757	757	757	0.0	1520
NODE_7_length_576363_cov_34.59.g1728.t1	XP_659160.2	100	180	180	180	2.54e-79	232
NODE_7_length_576363_cov_34.59.g1729.t1	XP_659161.1	93.2	410	481	548	7.39e-266	732
NODE_7_length_576363_cov_34.59.g1730.t1	XP_050468679.1	100	1249	1249	1249	0.0	2263
NODE_7_length_576363_cov_34.59.g1731.t1	XP_050468680.1	100	277	277	277	3.58e-166	460
NODE_7_length_576363_cov_34.59.g1732.t1	XP_659164.2	100	1125	1125	1133	0.0	2196
NODE_7_length_576363_cov_34.59.g1733.t1	XP_659165.1	100	212	212	212	5.08e-152	419
NODE_7_length_576363_cov_34.59.g1734.t1	XP_659166.1	100	291	307	307	1.28e-206	565
NODE_7_length_576363_cov_34.59.g1735.t1	XP_050468681.1	100	90	90	90	1.05e-56	168
NODE_7_length_576363_cov_34.59.g1736.t1	XP_050468682.1	95.4	367	367	360	2.23e-256	695
NODE_7_length_576363_cov_34.59.g1737.t1	XP_659168.1	100	867	867	867	0.0	1668
NODE_7_length_576363_cov_34.59.g1738.t1	XP_659169.1	100	308	319	435	4.17e-223	612
NODE_7_length_576363_cov_34.59.g1739.t1	XP_050468683.1	100	279	279	279	7.82e-203	553
NODE_7_length_576363_cov_34.59.g1740.t1	XP_050468684.1	100	133	133	133	1.93e-79	229
NODE_7_length_576363_cov_34.59.g1741.t1	XP_050468685.1	97.3	599	599	603	0.0	1167
NODE_7_length_576363_cov_34.59.g1742.t1	XP_050468686.1	100	681	681	681	0.0	1372
NODE_7_length_576363_cov_34.59.g1743.t1	XP_659174.2	100	339	339	339	2.47e-252	683
NODE_7_length_576363_cov_34.59.g1744.t1	XP_050468687.1	100	478	478	478	0.0	884
NODE_7_length_576363_cov_34.59.g1745.t1	XP_659175.1	100	508	508	510	0.0	1011
NODE_7_length_576363_cov_34.59.g1746.t1	XP_659176.1	100	418	418	418	2.06e-300	811
NODE_7_length_576363_cov_34.59.g1747.t1	XP_659177.1	100	545	545	545	0.0	1004
NODE_7_length_576363_cov_34.59.g1748.t1	XP_659178.2	99.5	205	236	206	4.52e-128	359
NODE_7_length_576363_cov_34.59.g1749.t1	XP_659179.1	87.0	415	411	472	1.31e-250	687
NODE_7_length_576363_cov_34.59.g1750.t1	XP_050468689.1	97.1	384	563	419	2.20e-254	701
NODE_7_length_576363_cov_34.59.g1751.t1	XP_050468690.1	100	539	539	539	0.0	1078
NODE_7_length_576363_cov_34.59.g1752.t1	XP_659182.1	100	857	857	881	0.0	1709
NODE_8_length_524776_cov_34.46.g1753.t1	XP_663561.1	100	400	400	400	2.05e-300	810
NODE_8_length_524776_cov_34.46.g1754.t1	XP_050467038.1	100	479	479	479	0.0	924
NODE_8_length_524776_cov_34.46.g1755.t1	XP_663562.2	100	1313	1771	1313	0.0	2526
NODE_8_length_524776_cov_34.46.g1756.t1	XP_663564.1	100	149	149	149	1.26e-103	291
NODE_8_length_524776_cov_34.46.g1757.t1	XP_663565.1	97.2	531	531	623	0.0	1026
NODE_8_length_524776_cov_34.46.g1758.t1	XP_663566.1	97.4	310	352	340	1.94e-223	610
NODE_8_length_524776_cov_34.46.g1759.t1	XP_050467036.1	100	143	143	143	4.29e-99	279
NODE_8_length_524776_cov_34.46.g1760.t1	XP_868851.1	100	166	166	166	2.76e-122	340
NODE_8_length_524776_cov_34.46.g1761.t1	XP_868852.1	100	301	301	301	4.80e-224	608
NODE_8_length_524776_cov_34.46.g1762.t1	XP_868853.1	100	222	222	222	1.83e-159	438
NODE_8_length_524776_cov_34.46.g1763.t1	XP_868854.1	98.8	571	571	564	0.0	1071
NODE_8_length_524776_cov_34.46.g1764.t1	XP_663570.1	100	481	510	519	0.0	965
NODE_8_length_524776_cov_34.46.g1765.t1	XP_663572.1	100	570	570	570	0.0	1158
NODE_8_length_524776_cov_34.46.g1766.t1	XP_050467034.1	100	91	91	91	6.25e-63	184
NODE_8_length_524776_cov_34.46.g1767.t1	XP_050467033.1	100	731	731	731	0.0	1435
NODE_8_length_524776_cov_34.46.g1768.t1	XP_663575.1	100	239	239	239	7.99e-167	458
NODE_8_length_524776_cov_34.46.g1769.t1	XP_050467032.1	100	853	853	853	0.0	1576
NODE_8_length_524776_cov_34.46.g1770.t1	XP_663577.1	100	640	640	640	0.0	1270
NODE_8_length_524776_cov_34.46.g1771.t1	XP_050467031.1	92.5	495	750	517	4.14e-317	872
NODE_8_length_524776_cov_34.46.g1772.t1	XP_663579.1	100	386	386	386	6.11e-279	754
NODE_8_length_524776_cov_34.46.g1773.t1	XP_663580.1	100	820	1171	822	0.0	1658
NODE_8_length_524776_cov_34.46.g1774.t1	XP_663582.1	100	468	468	468	0.0	911
NODE_8_length_524776_cov_34.46.g1775.t1	XP_663583.1	100	139	139	139	8.09e-93	263
NODE_8_length_524776_cov_34.46.g1776.t1	XP_663584.1	100	323	323	323	5.44e-232	630
NODE_8_length_524776_cov_34.46.g1777.t1	XP_663585.1	100	1212	1212	1212	0.0	1948
NODE_8_length_524776_cov_34.46.g1778.t1	XP_050467029.1	100	2374	2900	2385	0.0	4653
NODE_8_length_524776_cov_34.46.g1779.t1	XP_663588.1	100	355	355	355	2.50e-260	704
NODE_8_length_524776_cov_34.46.g1780.t1	XP_663589.2	100	312	312	312	8.40e-235	636
NODE_8_length_524776_cov_34.46.g1781.t1	XP_663590.1	100	314	314	314	9.42e-233	631
NODE_8_length_524776_cov_34.46.g1782.t1	XP_663591.1	100	854	915	865	0.0	1491
NODE_8_length_524776_cov_34.46.g1783.t1	XP_663592.1	100	1142	1142	1142	0.0	1906
NODE_8_length_524776_cov_34.46.g1784.t1	XP_663593.2	100	280	280	280	2.14e-196	536
NODE_8_length_524776_cov_34.46.g1785.t1	XP_663594.1	100	562	562	562	0.0	1125
NODE_8_length_524776_cov_34.46.g1786.t1	XP_050467028.1	100	1225	1225	1225	0.0	2330
NODE_8_length_524776_cov_34.46.g1787.t1	XP_663596.1	100	811	811	811	0.0	1573
NODE_8_length_524776_cov_34.46.g1788.t1	XP_663597.2	100	116	116	116	1.84e-87	248
NODE_8_length_524776_cov_34.46.g1789.t1	XP_663598.1	100	369	369	369	5.25e-260	705
NODE_8_length_524776_cov_34.46.g1790.t1	XP_663599.1	100	333	333	333	6.21e-160	449
NODE_8_length_524776_cov_34.46.g1791.t1	XP_663600.1	100	109	109	109	9.48e-46	142
NODE_8_length_524776_cov_34.46.g1792.t1	XP_663601.2	97.3	146	153	182	3.48e-98	279
NODE_8_length_524776_cov_34.46.g1793.t1	XP_663602.1	100	497	497	497	0.0	992
NODE_8_length_524776_cov_34.46.g1794.t1	XP_663603.1	100	1173	1173	1173	0.0	2286
NODE_8_length_524776_cov_34.46.g1795.t1	XP_663604.1	100	1792	1792	1792	0.0	3500
NODE_8_length_524776_cov_34.46.g1796.t1	XP_663605.1	100	309	309	309	1.10e-233	633
NODE_8_length_524776_cov_34.46.g1797.t1	XP_663606.1	100	417	417	417	4.63e-317	853
NODE_8_length_524776_cov_34.46.g1798.t1	XP_663607.1	100	537	537	550	0.0	992
NODE_8_length_524776_cov_34.46.g1799.t1	XP_663608.1	100	270	270	270	7.20e-174	479
NODE_8_length_524776_cov_34.46.g1800.t1	XP_663609.2	100	79	79	79	7.10e-50	150
NODE_8_length_524776_cov_34.46.g1801.t1	XP_663611.1	100	1293	2360	1293	0.0	2394
NODE_8_length_524776_cov_34.46.g1802.t1	XP_050467027.1	99.9	744	744	744	0.0	1454
NODE_8_length_524776_cov_34.46.g1803.t1	XP_663614.1	100	666	666	666	0.0	1244
NODE_8_length_524776_cov_34.46.g1804.t1	XP_663616.1	100	462	462	462	0.0	877
NODE_8_length_524776_cov_34.46.g1805.t1	XP_663617.1	100	327	327	327	4.60e-226	615
NODE_8_length_524776_cov_34.46.g1806.t1	XP_050467026.1	99.6	689	797	698	0.0	1373
NODE_8_length_524776_cov_34.46.g1807.t1	XP_663619.1	100	503	525	521	0.0	961
NODE_8_length_524776_cov_34.46.g1808.t1	XP_663621.2	100	289	289	289	2.69e-199	545
NODE_8_length_524776_cov_34.46.g1809.t1	XP_050467025.1	94.9	534	534	508	0.0	985
NODE_8_length_524776_cov_34.46.g1810.t1	XP_663622.1	100	505	505	505	0.0	1013
NODE_8_length_524776_cov_34.46.g1811.t1	XP_663623.1	99.3	436	462	483	9.67e-306	829
NODE_8_length_524776_cov_34.46.g1812.t1	XP_663624.1	100	152	152	152	4.90e-107	300
NODE_8_length_524776_cov_34.46.g1814.t1	XP_663626.1	100	547	674	610	0.0	1080
NODE_8_length_524776_cov_34.46.g1815.t1	XP_663627.1	100	640	640	640	0.0	1286
NODE_8_length_524776_cov_34.46.g1816.t1	XP_050467023.1	96.2	209	209	201	1.55e-145	402
NODE_8_length_524776_cov_34.46.g1818.t1	XP_663633.1	100	217	274	217	1.21e-149	416
NODE_8_length_524776_cov_34.46.g1819.t1	XP_050467022.1	85.1	576	553	564	0.0	911
NODE_8_length_524776_cov_34.46.g1820.t1	XP_663635.1	100	355	355	355	2.57e-253	687
NODE_8_length_524776_cov_34.46.g1821.t1	XP_663636.1	96.3	438	461	434	1.22e-298	809
NODE_8_length_524776_cov_34.46.g1822.t1	XP_050467021.1	96.4	496	478	496	1.66e-295	805
NODE_8_length_524776_cov_34.46.g1823.t1	XP_050467020.1	81.3	230	230	200	4.77e-127	356
NODE_8_length_524776_cov_34.46.g1824.t1	XP_663639.1	100	451	451	451	0.0	913
NODE_8_length_524776_cov_34.46.g1825.t1	XP_663640.2	100	733	744	762	0.0	1322
NODE_8_length_524776_cov_34.46.g1826.t1	XP_663641.1	100	553	964	553	0.0	1110
NODE_8_length_524776_cov_34.46.g1827.t1	XP_663643.1	100	220	273	220	7.13e-147	409
NODE_8_length_524776_cov_34.46.g1828.t1	XP_663644.1	100	141	141	141	5.04e-97	274
NODE_8_length_524776_cov_34.46.g1829.t1	XP_663645.1	100	504	504	504	0.0	980
NODE_8_length_524776_cov_34.46.g1830.t1	XP_663646.1	100	317	317	317	4.49e-212	579
NODE_8_length_524776_cov_34.46.g1831.t1	XP_663647.1	100	376	376	376	3.55e-282	761
NODE_8_length_524776_cov_34.46.g1832.t1	XP_663648.2	92.3	505	505	467	0.0	880
NODE_8_length_524776_cov_34.46.g1833.t1	XP_663649.1	100	247	247	247	2.81e-180	493
NODE_8_length_524776_cov_34.46.g1834.t1	XP_663650.1	96.9	512	921	517	0.0	946
NODE_8_length_524776_cov_34.46.g1835.t1	XP_663652.1	100	419	419	445	7.73e-312	841
NODE_8_length_524776_cov_34.46.g1836.t1	XP_663653.1	98.3	540	540	531	0.0	962
NODE_8_length_524776_cov_34.46.g1837.t1	XP_663654.1	100	622	622	622	0.0	1207
NODE_8_length_524776_cov_34.46.g1838.t1	XP_663655.1	99.8	406	425	410	1.09e-304	822
NODE_8_length_524776_cov_34.46.g1839.t1	XP_663656.1	85.5	732	631	732	0.0	1226
NODE_8_length_524776_cov_34.46.g1840.t1	XP_663657.1	100	943	966	943	0.0	1763
NODE_8_length_524776_cov_34.46.g1841.t1	XP_663658.1	100	278	335	278	1.50e-203	557
NODE_8_length_524776_cov_34.46.g1842.t1	XP_663659.1	98.1	679	683	713	0.0	1306
NODE_8_length_524776_cov_34.46.g1843.t1	XP_663660.1	100	279	342	397	4.22e-199	551
NODE_8_length_524776_cov_34.46.g1844.t1	XP_663661.1	100	517	517	517	0.0	1032
NODE_8_length_524776_cov_34.46.g1845.t1	XP_663662.1	98.6	296	345	311	6.65e-213	582
NODE_8_length_524776_cov_34.46.g1846.t1	XP_050467018.1	100	320	320	320	4.62e-227	617
NODE_8_length_524776_cov_34.46.g1847.t1	XP_050467017.1	100	1518	1518	1518	0.0	2599
NODE_8_length_524776_cov_34.46.g1848.t1	XP_663665.1	100	439	439	439	2.01e-304	823
NODE_8_length_524776_cov_34.46.g1849.t1	XP_050467016.1	99.8	572	571	639	0.0	1131
NODE_8_length_524776_cov_34.46.g1850.t1	XP_050467015.1	99.8	435	776	479	1.63e-313	862
NODE_8_length_524776_cov_34.46.g1851.t1	XP_663669.1	81.5	546	445	546	2.74e-293	800
NODE_8_length_524776_cov_34.46.g1852.t1	XP_663670.1	100	207	207	207	4.01e-142	393
NODE_8_length_524776_cov_34.46.g1853.t1	XP_663671.1	100	423	423	423	1.30e-285	774
NODE_8_length_524776_cov_34.46.g1854.t1	XP_663672.1	100	1191	1196	1191	0.0	2289
NODE_8_length_524776_cov_34.46.g1855.t1	XP_050467014.1	98.9	886	886	932	0.0	1672
NODE_8_length_524776_cov_34.46.g1856.t1	XP_050468146.1	31.9	816	823	779	2.30e-91	303
NODE_8_length_524776_cov_34.46.g1857.t1	XP_663674.1	93.3	596	1019	556	0.0	1042
NODE_8_length_524776_cov_34.46.g1858.t1	XP_663675.1	100	1196	1196	1196	0.0	2330
NODE_8_length_524776_cov_34.46.g1859.t1	XP_663676.1	100	426	426	426	4.58e-308	831
NODE_8_length_524776_cov_34.46.g1860.t1	XP_663677.1	100	307	307	307	6.36e-207	565
NODE_8_length_524776_cov_34.46.g1861.t1	XP_050467013.1	100	293	293	293	2.81e-203	555
NODE_8_length_524776_cov_34.46.g1862.t1	XP_663679.1	100	701	701	701	0.0	1374
NODE_8_length_524776_cov_34.46.g1863.t1	XP_663680.1	98.3	2401	2383	2379	0.0	4677
NODE_8_length_524776_cov_34.46.g1864.t1	XP_663681.1	100	270	270	270	3.73e-201	548
NODE_8_length_524776_cov_34.46.g1865.t1	XP_663682.1	100	364	364	364	8.60e-277	747
NODE_8_length_524776_cov_34.46.g1866.t1	XP_050467012.1	100	427	427	427	3.80e-312	842
NODE_8_length_524776_cov_34.46.g1867.t1	XP_663683.2	97.3	1125	1125	1100	0.0	1836
NODE_8_length_524776_cov_34.46.g1868.t1	XP_663684.1	100	200	200	200	9.17e-140	387
NODE_8_length_524776_cov_34.46.g1869.t1	XP_663685.1	100	644	644	644	0.0	1044
NODE_8_length_524776_cov_34.46.g1870.t1	XP_663686.1	100	106	106	106	2.64e-71	206
NODE_8_length_524776_cov_34.46.g1871.t1	XP_050467011.1	88.4	250	250	221	3.70e-157	434
NODE_8_length_524776_cov_34.46.g1872.t1	XP_663688.1	100	600	600	600	0.0	1117
NODE_8_length_524776_cov_34.46.g1873.t1	XP_663689.2	100	824	824	824	0.0	1568
NODE_8_length_524776_cov_34.46.g1874.t1	XP_663690.1	100	534	534	534	0.0	1065
NODE_8_length_524776_cov_34.46.g1875.t1	XP_663691.2	100	466	466	466	0.0	920
NODE_8_length_524776_cov_34.46.g1876.t1	XP_050467009.1	99.7	1164	1164	1161	0.0	2232
NODE_8_length_524776_cov_34.46.g1877.t1	XP_663693.1	100	588	588	588	0.0	1065
NODE_8_length_524776_cov_34.46.g1878.t1	XP_050467008.1	100	74	74	74	7.99e-47	142
NODE_8_length_524776_cov_34.46.g1879.t1	XP_663694.1	100	703	703	703	0.0	1400
NODE_8_length_524776_cov_34.46.g1880.t1	XP_050467007.1	94.9	701	670	734	0.0	1285
NODE_8_length_524776_cov_34.46.g1881.t1	XP_663696.1	100	817	817	817	0.0	1689
NODE_8_length_524776_cov_34.46.g1882.t1	XP_663697.1	99.3	306	304	306	3.01e-229	622
NODE_8_length_524776_cov_34.46.g1883.t1	XP_663698.1	100	283	283	283	2.56e-219	595
NODE_8_length_524776_cov_34.46.g1884.t1	XP_663699.1	99.0	514	509	514	0.0	1001
NODE_8_length_524776_cov_34.46.g1885.t1	XP_663700.1	94.9	196	196	186	3.07e-136	377
NODE_8_length_524776_cov_34.46.g1887.t1	XP_663703.1	89.7	641	629	589	0.0	1149
NODE_8_length_524776_cov_34.46.g1888.t1	XP_663704.1	100	425	425	450	8.38e-312	842
NODE_8_length_524776_cov_34.46.g1889.t1	XP_663705.2	99.2	399	423	562	1.24e-294	803
NODE_8_length_524776_cov_34.46.g1890.t1	XP_663706.2	100	301	301	301	4.18e-209	570
NODE_8_length_524776_cov_34.46.g1891.t1	XP_050467005.1	100	368	368	482	1.98e-273	743
NODE_8_length_524776_cov_34.46.g1892.t1	XP_663707.1	99.2	251	251	328	1.90e-196	537
NODE_8_length_524776_cov_34.46.g1893.t1	XP_663708.1	100	264	264	264	1.55e-165	457
NODE_8_length_524776_cov_34.46.g1894.t1	XP_663710.1	100	244	244	244	8.15e-192	522
NODE_8_length_524776_cov_34.46.g1895.t1	XP_663711.1	100	909	909	909	0.0	1790
NODE_8_length_524776_cov_34.46.g1896.t1	XP_663712.1	100	209	287	215	4.48e-134	377
NODE_8_length_524776_cov_34.46.g1897.t1	XP_663713.1	100	117	117	117	2.71e-76	219
NODE_8_length_524776_cov_34.46.g1898.t1	XP_663714.1	100	232	232	232	1.27e-139	389
NODE_8_length_524776_cov_34.46.g1899.t1	XP_663715.1	100	295	295	295	2.55e-216	588
NODE_8_length_524776_cov_34.46.g1900.t1	XP_663716.1	99.8	1348	1346	1348	0.0	2641
NODE_8_length_524776_cov_34.46.g1901.t1	XP_663717.1	94.9	391	371	391	9.97e-264	715
NODE_8_length_524776_cov_34.46.g1902.t1	XP_663718.1	100	665	665	665	0.0	1327
NODE_8_length_524776_cov_34.46.g1903.t1	XP_050467003.1	88.7	471	444	445	3.79e-282	767
NODE_8_length_524776_cov_34.46.g1904.t1	XP_663720.1	100	331	331	331	5.24e-234	636
NODE_8_length_524776_cov_34.46.g1905.t1	XP_663722.2	100	567	567	567	0.0	1122
NODE_8_length_524776_cov_34.46.g1906.t1	XP_050467002.1	100	586	586	586	0.0	1183
NODE_8_length_524776_cov_34.46.g1907.t1	XP_663724.1	100	1359	1399	1359	0.0	2578
NODE_8_length_524776_cov_34.46.g1908.t1	XP_663725.1	86.4	1047	905	1047	0.0	1644
NODE_8_length_524776_cov_34.46.g1910.t1	XP_663727.1	100	448	448	448	2.17e-269	735
NODE_8_length_524776_cov_34.46.g1911.t1	XP_050467001.1	99.4	174	298	207	1.37e-110	317
NODE_8_length_524776_cov_34.46.g1913.t1	XP_663729.1	100	586	586	586	1.15e-251	702
NODE_8_length_524776_cov_34.46.g1914.t1	XP_663730.1	100	2288	2288	2288	0.0	4511
NODE_8_length_524776_cov_34.46.g1915.t1	XP_050466999.1	100	83	84	95	2.63e-54	162
NODE_8_length_524776_cov_34.46.g1916.t1	XP_050466998.1	100	105	105	151	7.97e-57	171
NODE_8_length_524776_cov_34.46.g1917.t1	XP_663732.1	99.8	484	484	484	0.0	979
NODE_8_length_524776_cov_34.46.g1919.t1	XP_050466997.1	100	341	368	594	1.90e-242	669
NODE_9_length_510552_cov_34.21.g1920.t1	XP_660805.1	98.8	1043	1043	1030	0.0	2125
NODE_9_length_510552_cov_34.21.g1921.t1	XP_660804.1	100	645	1240	645	0.0	1342
NODE_9_length_510552_cov_34.21.g1922.t1	XP_660803.1	96.5	546	533	576	0.0	1049
NODE_9_length_510552_cov_34.21.g1923.t1	XP_660802.1	100	149	149	213	9.47e-95	271
NODE_9_length_510552_cov_34.21.g1924.t1	XP_660801.1	98.5	203	211	210	5.94e-148	408
NODE_9_length_510552_cov_34.21.g1925.t1	XP_660800.1	100	370	370	370	6.35e-282	760
NODE_9_length_510552_cov_34.21.g1926.t1	XP_660799.1	100	530	530	530	0.0	1038
NODE_9_length_510552_cov_34.21.g1927.t1	XP_660798.1	100	464	464	464	0.0	924
NODE_9_length_510552_cov_34.21.g1928.t1	XP_660797.1	100	329	329	329	3.16e-234	636
NODE_9_length_510552_cov_34.21.g1929.t1	XP_660796.2	100	335	335	335	1.45e-267	721
NODE_9_length_510552_cov_34.21.g1930.t1	XP_050468437.1	100	473	473	473	0.0	963
NODE_9_length_510552_cov_34.21.g1931.t1	XP_660795.1	100	361	361	361	2.28e-275	743
NODE_9_length_510552_cov_34.21.g1932.t1	XP_660794.1	100	399	399	399	3.33e-269	731
NODE_9_length_510552_cov_34.21.g1933.t1	XP_660793.2	100	1264	1429	1269	0.0	2483
NODE_9_length_510552_cov_34.21.g1934.t1	XP_050468438.1	98.9	263	324	278	5.83e-152	426
NODE_9_length_510552_cov_34.21.g1935.t1	XP_050468439.1	98.0	1074	1212	1053	0.0	2026
NODE_9_length_510552_cov_34.21.g1936.t1	XP_050468440.1	100	596	596	596	0.0	1005
NODE_9_length_510552_cov_34.21.g1937.t1	XP_660790.1	99.9	817	823	822	0.0	1602
NODE_9_length_510552_cov_34.21.g1938.t1	XP_660789.1	100	554	557	554	0.0	1082
NODE_9_length_510552_cov_34.21.g1939.t1	XP_660788.1	100	447	447	447	0.0	902
NODE_9_length_510552_cov_34.21.g1940.t1	XP_660787.1	100	1272	1272	1272	0.0	2262
NODE_9_length_510552_cov_34.21.g1941.t1	XP_660786.1	100	153	177	179	3.02e-100	285
NODE_9_length_510552_cov_34.21.g1942.t1	XP_660785.1	95.9	614	589	614	0.0	1162
NODE_9_length_510552_cov_34.21.g1943.t1	XP_050468441.1	83.8	500	420	500	1.71e-299	812
NODE_9_length_510552_cov_34.21.g1944.t1	XP_660783.1	99.5	598	1129	845	0.0	1146
NODE_9_length_510552_cov_34.21.g1945.t1	XP_660781.1	100	381	381	381	1.24e-280	758
NODE_9_length_510552_cov_34.21.g1946.t1	XP_660780.1	100	638	638	638	0.0	1200
NODE_9_length_510552_cov_34.21.g1947.t1	XP_660779.1	100	545	545	545	0.0	1113
NODE_9_length_510552_cov_34.21.g1950.t1	XP_660777.1	100	299	299	299	7.53e-211	575
NODE_9_length_510552_cov_34.21.g1951.t1	XP_050468443.1	100	293	293	293	1.93e-210	573
NODE_9_length_510552_cov_34.21.g1952.t1	XP_660775.1	99.5	202	202	218	1.06e-145	402
NODE_9_length_510552_cov_34.21.g1953.t1	XP_660774.2	100	625	625	664	0.0	1202
NODE_9_length_510552_cov_34.21.g1954.t1	XP_660773.1	100	435	435	435	2.59e-314	848
NODE_9_length_510552_cov_34.21.g1955.t1	XP_660772.1	100	362	362	362	8.84e-269	726
NODE_9_length_510552_cov_34.21.g1956.t1	XP_660771.1	100	565	586	586	0.0	1015
NODE_9_length_510552_cov_34.21.g1957.t1	XP_660770.1	100	231	231	231	7.08e-157	432
NODE_9_length_510552_cov_34.21.g1958.t1	XP_660769.1	100	606	606	606	0.0	1269
NODE_9_length_510552_cov_34.21.g1959.t1	XP_660768.1	100	328	328	328	5.31e-221	603
NODE_9_length_510552_cov_34.21.g1960.t1	XP_050468444.1	100	344	344	344	2.59e-220	602
NODE_9_length_510552_cov_34.21.g1961.t1	XP_660766.1	100	225	225	225	1.24e-163	449
NODE_9_length_510552_cov_34.21.g1962.t1	XP_050468445.1	100	257	257	257	1.29e-190	520
NODE_9_length_510552_cov_34.21.g1963.t1	XP_660764.1	97.6	573	573	575	0.0	1090
NODE_9_length_510552_cov_34.21.g1964.t1	XP_660763.1	100	465	873	468	0.0	933
NODE_9_length_510552_cov_34.21.g1965.t1	XP_660762.1	100	391	394	766	1.09e-253	706
NODE_9_length_510552_cov_34.21.g1966.t1	XP_660761.1	97.9	771	771	755	0.0	1450
NODE_9_length_510552_cov_34.21.g1967.t1	XP_660760.1	100	308	308	308	7.94e-222	603
NODE_9_length_510552_cov_34.21.g1968.t1	XP_660759.1	100	641	641	641	0.0	1206
NODE_9_length_510552_cov_34.21.g1969.t1	XP_660758.1	100	695	695	695	0.0	1346
NODE_9_length_510552_cov_34.21.g1970.t1	XP_050468446.1	100	92	92	92	2.34e-63	185
NODE_9_length_510552_cov_34.21.g1971.t1	XP_660757.1	100	374	374	374	7.88e-269	728
NODE_9_length_510552_cov_34.21.g1972.t1	XP_660756.1	100	461	461	461	0.0	893
NODE_9_length_510552_cov_34.21.g1973.t1	XP_660755.1	100	160	160	160	1.09e-116	325
NODE_9_length_510552_cov_34.21.g1974.t1	XP_050468447.1	95.5	672	672	642	0.0	1244
NODE_9_length_510552_cov_34.21.g1975.t1	XP_660753.1	100	282	282	282	2.40e-178	491
NODE_9_length_510552_cov_34.21.g1976.t1	XP_660752.1	100	1055	1055	1055	0.0	2097
NODE_9_length_510552_cov_34.21.g1977.t1	XP_050468448.1	100	204	204	204	1.58e-142	394
NODE_9_length_510552_cov_34.21.g1978.t1	XP_050468449.1	100	1221	1659	1221	0.0	2373
NODE_9_length_510552_cov_34.21.g1979.t1	XP_660749.1	100	573	573	573	0.0	1088
NODE_9_length_510552_cov_34.21.g1980.t1	XP_660748.1	100	675	675	675	0.0	1296
NODE_9_length_510552_cov_34.21.g1981.t1	XP_660747.1	100	869	869	869	0.0	1676
NODE_9_length_510552_cov_34.21.g1982.t1	XP_660746.1	100	631	631	631	0.0	1099
NODE_9_length_510552_cov_34.21.g1983.t1	XP_660745.1	100	828	828	828	0.0	1023
NODE_9_length_510552_cov_34.21.g1984.t1	XP_660744.1	100	522	522	522	0.0	915
NODE_9_length_510552_cov_34.21.g1985.t1	XP_050468451.1	100	275	275	335	3.44e-207	566
NODE_9_length_510552_cov_34.21.g1986.t1	XP_050468452.1	100	265	265	265	1.19e-190	521
NODE_9_length_510552_cov_34.21.g1987.t1	XP_050468453.1	98.8	333	329	333	1.98e-238	647
NODE_9_length_510552_cov_34.21.g1988.t1	XP_660741.1	100	249	279	279	9.06e-114	327
NODE_9_length_510552_cov_34.21.g1989.t1	XP_050468454.1	97.6	1070	1071	1070	0.0	2075
NODE_9_length_510552_cov_34.21.g1990.t1	XP_660739.1	100	208	313	208	2.28e-96	282
NODE_9_length_510552_cov_34.21.g1991.t1	XP_660738.1	100	538	538	538	0.0	1048
NODE_9_length_510552_cov_34.21.g1992.t1	XP_660737.1	100	313	313	313	4.26e-224	609
NODE_9_length_510552_cov_34.21.g1993.t1	XP_660736.2	96.7	393	393	414	7.21e-298	803
NODE_9_length_510552_cov_34.21.g1994.t1	XP_050468455.1	100	497	521	497	0.0	991
NODE_9_length_510552_cov_34.21.g1995.t1	XP_660734.1	100	612	612	678	0.0	1134
NODE_9_length_510552_cov_34.21.g1996.t1	XP_660733.1	99.6	678	678	675	0.0	1333
NODE_9_length_510552_cov_34.21.g1997.t1	XP_050468456.1	100	845	845	845	0.0	1648
NODE_9_length_510552_cov_34.21.g1998.t1	XP_660732.2	100	533	533	533	0.0	1038
NODE_9_length_510552_cov_34.21.g1999.t1	XP_660731.1	98.0	342	342	335	5.21e-192	530
NODE_9_length_510552_cov_34.21.g2000.t1	XP_050468457.1	100	178	344	178	7.23e-127	359
NODE_9_length_510552_cov_34.21.g2001.t1	XP_660729.1	100	339	339	339	2.30e-257	696
NODE_9_length_510552_cov_34.21.g2002.t1	XP_660728.1	99.9	805	804	805	0.0	1535
NODE_9_length_510552_cov_34.21.g2003.t1	XP_660727.1	100	2061	2061	2061	0.0	3718
NODE_9_length_510552_cov_34.21.g2004.t1	XP_660726.2	98.4	689	689	678	0.0	1304
NODE_9_length_510552_cov_34.21.g2005.t1	XP_660725.1	100	114	156	156	1.94e-17	73.2
NODE_9_length_510552_cov_34.21.g2006.t1	XP_660724.1	98.9	660	751	660	0.0	1287
NODE_9_length_510552_cov_34.21.g2007.t1	XP_660722.1	99.4	675	979	677	0.0	1317
NODE_9_length_510552_cov_34.21.g2008.t1	XP_660721.1	100	1211	1211	1211	0.0	2328
NODE_9_length_510552_cov_34.21.g2009.t1	XP_660720.1	94.9	751	751	713	0.0	1306
NODE_9_length_510552_cov_34.21.g2010.t1	XP_660719.1	85.7	540	561	503	0.0	879
NODE_9_length_510552_cov_34.21.g2011.t1	XP_660718.1	100	371	371	374	1.97e-259	704
NODE_9_length_510552_cov_34.21.g2012.t1	XP_660717.1	100	400	400	400	6.35e-263	715
NODE_9_length_510552_cov_34.21.g2013.t1	XP_660716.1	100	532	532	532	0.0	1100
NODE_9_length_510552_cov_34.21.g2014.t1	XP_660715.1	97.6	510	498	510	0.0	955
NODE_9_length_510552_cov_34.21.g2015.t1	XP_660714.1	100	813	813	813	0.0	1508
NODE_9_length_510552_cov_34.21.g2016.t1	XP_660712.1	100	647	647	647	0.0	1291
NODE_9_length_510552_cov_34.21.g2017.t1	XP_660711.1	100	539	539	539	0.0	1011
NODE_9_length_510552_cov_34.21.g2019.t1	XP_050468459.1	100	757	757	757	0.0	1571
NODE_9_length_510552_cov_34.21.g2020.t1	XP_660709.1	100	535	535	535	0.0	1064
NODE_9_length_510552_cov_34.21.g2021.t1	XP_660708.1	100	364	364	364	7.68e-280	754
NODE_9_length_510552_cov_34.21.g2023.t1	XP_660706.1	97.6	2330	2330	2312	0.0	4427
NODE_9_length_510552_cov_34.21.g2024.t1	XP_660705.1	100	1873	1873	1879	0.0	3643
NODE_9_length_510552_cov_34.21.g2025.t1	XP_660704.1	100	152	171	154	5.57e-98	278
NODE_9_length_510552_cov_34.21.g2026.t1	XP_660703.1	100	495	495	495	6.46e-222	619
NODE_9_length_510552_cov_34.21.g2027.t1	XP_660702.1	94.3	822	822	775	0.0	1442
NODE_9_length_510552_cov_34.21.g2028.t1	XP_660701.1	100	357	357	357	3.15e-239	651
NODE_9_length_510552_cov_34.21.g2029.t1	XP_050468460.1	100	542	542	542	0.0	1056
NODE_9_length_510552_cov_34.21.g2030.t1	XP_050468461.1	91.1	384	359	384	3.56e-243	662
NODE_9_length_510552_cov_34.21.g2031.t1	XP_660698.1	100	824	824	824	0.0	1508
NODE_9_length_510552_cov_34.21.g2033.t1	XP_660697.1	99.2	776	839	1395	0.0	1490
NODE_9_length_510552_cov_34.21.g2034.t1	XP_660696.1	100	1635	1635	1635	0.0	3183
NODE_9_length_510552_cov_34.21.g2035.t1	XP_050468462.1	98.5	784	784	772	0.0	1568
NODE_9_length_510552_cov_34.21.g2036.t1	XP_660694.1	98.9	361	360	361	2.22e-259	702
NODE_9_length_510552_cov_34.21.g2037.t1	XP_660693.1	94.2	360	360	339	1.82e-193	535
NODE_9_length_510552_cov_34.21.g2038.t1	XP_660692.2	100	161	161	161	2.35e-98	279
NODE_9_length_510552_cov_34.21.g2039.t1	XP_050468463.1	84.2	581	489	581	0.0	916
NODE_9_length_510552_cov_34.21.g2040.t1	XP_660690.1	100	633	633	721	0.0	1140
NODE_9_length_510552_cov_34.21.g2041.t1	XP_660689.1	100	450	450	450	0.0	902
NODE_9_length_510552_cov_34.21.g2042.t1	XP_660688.1	100	435	435	465	5.39e-320	864
NODE_9_length_510552_cov_34.21.g2043.t1	XP_660687.1	100	531	531	531	0.0	1056
NODE_9_length_510552_cov_34.21.g2044.t1	XP_660686.1	100	1005	1005	1005	0.0	1921
NODE_9_length_510552_cov_34.21.g2045.t1	XP_660685.2	90.8	519	517	502	0.0	927
NODE_9_length_510552_cov_34.21.g2046.t1	XP_050468464.1	98.5	1031	1016	1031	0.0	1951
NODE_9_length_510552_cov_34.21.g2047.t1	XP_050468465.1	100	176	176	176	9.47e-128	354
NODE_9_length_510552_cov_34.21.g2048.t1	XP_660679.1	100	637	637	637	0.0	1267
NODE_9_length_510552_cov_34.21.g2049.t1	XP_660678.1	100	475	475	595	1.05e-289	794
NODE_9_length_510552_cov_34.21.g2050.t1	XP_050468466.1	100	537	537	537	0.0	1087
NODE_9_length_510552_cov_34.21.g2051.t1	XP_660676.1	100	856	856	856	0.0	1628
NODE_9_length_510552_cov_34.21.g2052.t1	XP_660675.1	100	363	414	363	1.40e-272	738
NODE_9_length_510552_cov_34.21.g2053.t1	XP_660674.1	100	539	539	539	0.0	1041
NODE_9_length_510552_cov_34.21.g2054.t1	XP_050468467.1	100	474	510	510	0.0	894
NODE_9_length_510552_cov_34.21.g2055.t1	XP_050468468.1	100	276	276	276	1.38e-190	521
NODE_9_length_510552_cov_34.21.g2056.t1	XP_660672.1	100	197	197	197	3.47e-138	382
NODE_9_length_510552_cov_34.21.g2057.t1	XP_660671.1	98.8	2233	2233	2207	0.0	4378
NODE_9_length_510552_cov_34.21.g2058.t1	XP_660670.1	100	537	537	537	0.0	1097
NODE_9_length_510552_cov_34.21.g2059.t1	XP_660669.1	100	404	404	404	9.79e-301	811
NODE_9_length_510552_cov_34.21.g2060.t1	XP_660668.1	100	343	343	343	1.84e-240	653
NODE_9_length_510552_cov_34.21.g2061.t1	XP_660667.1	100	611	611	611	0.0	1179
NODE_9_length_510552_cov_34.21.g2062.t1	XP_660666.2	97.1	1217	1216	1207	0.0	1706
NODE_9_length_510552_cov_34.21.g2063.t1	XP_660665.1	100	434	434	434	3.40e-314	847
NODE_9_length_510552_cov_34.21.g2064.t1	XP_660664.1	100	125	125	125	2.42e-76	220
NODE_9_length_510552_cov_34.21.g2065.t1	XP_660663.1	100	520	520	520	0.0	1044
NODE_9_length_510552_cov_34.21.g2067.t1	XP_660662.2	100	471	471	471	0.0	945
NODE_9_length_510552_cov_34.21.g2068.t1	XP_660661.1	100	554	554	554	0.0	1110
NODE_9_length_510552_cov_34.21.g2069.t1	XP_660660.1	100	429	429	429	8.01e-315	848
NODE_9_length_510552_cov_34.21.g2070.t1	XP_660659.1	100	250	250	250	3.13e-174	478
NODE_9_length_510552_cov_34.21.g2071.t1	XP_050468469.1	95.9	805	793	821	0.0	1598
NODE_9_length_510552_cov_34.21.g2072.t1	XP_660657.1	100	364	364	364	1.62e-281	759
NODE_9_length_510552_cov_34.21.g2073.t1	XP_660656.1	100	165	165	165	1.00e-119	333
NODE_9_length_510552_cov_34.21.g2074.t1	XP_660655.1	90.5	560	525	788	0.0	1002
NODE_9_length_510552_cov_34.21.g2075.t1	XP_660654.1	100	766	789	804	0.0	1511
NODE_9_length_510552_cov_34.21.g2076.t1	XP_660653.1	90.8	499	456	499	0.0	915
NODE_10_length_480310_cov_33.8.g2077.t1	XP_868891.1	100	294	294	294	3.23e-152	426
NODE_10_length_480310_cov_33.8.g2079.t1	XP_660028.1	100	728	730	773	0.0	1500
NODE_10_length_480310_cov_33.8.g2080.t1	XP_660029.1	99.9	681	681	795	0.0	1231
NODE_10_length_480310_cov_33.8.g2081.t1	XP_660030.1	100	103	103	103	5.63e-67	195
NODE_10_length_480310_cov_33.8.g2082.t1	XP_050468888.1	100	324	462	324	3.18e-228	627
NODE_10_length_480310_cov_33.8.g2083.t1	XP_050468889.1	100	827	827	914	0.0	1564
NODE_10_length_480310_cov_33.8.g2084.t1	XP_660032.2	100	461	461	461	3.00e-285	776
NODE_10_length_480310_cov_33.8.g2085.t1	XP_660033.1	100	825	825	825	0.0	1527
NODE_10_length_480310_cov_33.8.g2086.t1	XP_660034.1	94.9	430	409	430	1.07e-298	807
NODE_10_length_480310_cov_33.8.g2087.t1	XP_660035.1	100	473	473	473	1.52e-284	776
NODE_10_length_480310_cov_33.8.g2088.t1	XP_660036.1	100	103	103	103	1.18e-68	199
NODE_10_length_480310_cov_33.8.g2089.t1	XP_050468890.1	100	327	327	327	1.06e-215	589
NODE_10_length_480310_cov_33.8.g2090.t1	XP_660038.1	100	384	384	384	6.22e-239	653
NODE_10_length_480310_cov_33.8.g2091.t1	XP_660039.1	100	485	485	485	0.0	966
NODE_10_length_480310_cov_33.8.g2092.t1	XP_660040.1	100	655	655	655	0.0	1301
NODE_10_length_480310_cov_33.8.g2093.t1	XP_660041.1	100	214	214	214	1.56e-147	407
NODE_10_length_480310_cov_33.8.g2094.t1	XP_660042.2	100	349	349	349	1.02e-240	654
NODE_10_length_480310_cov_33.8.g2095.t1	XP_660043.2	100	357	357	357	1.84e-263	712
NODE_10_length_480310_cov_33.8.g2096.t1	XP_660044.1	100	273	273	273	1.98e-193	528
NODE_10_length_480310_cov_33.8.g2097.t1	XP_660045.1	100	554	554	554	0.0	1096
NODE_10_length_480310_cov_33.8.g2098.t1	XP_660046.2	85.0	928	802	928	0.0	1428
NODE_10_length_480310_cov_33.8.g2099.t1	XP_660047.1	100	134	154	135	2.28e-77	224
NODE_10_length_480310_cov_33.8.g2100.t1	XP_660049.1	100	196	196	196	7.49e-128	356
NODE_10_length_480310_cov_33.8.g2101.t1	XP_660050.1	100	195	195	195	1.07e-131	366
NODE_10_length_480310_cov_33.8.g2102.t1	XP_050468891.1	100	401	401	401	1.67e-295	797
NODE_10_length_480310_cov_33.8.g2104.t1	XP_660053.2	90.6	437	437	429	2.01e-285	775
NODE_10_length_480310_cov_33.8.g2105.t1	XP_050468893.1	100	293	359	293	5.05e-198	545
NODE_10_length_480310_cov_33.8.g2106.t1	XP_660054.1	100	610	610	610	0.0	1194
NODE_10_length_480310_cov_33.8.g2107.t1	XP_660055.1	99.8	427	438	447	3.38e-316	853
NODE_10_length_480310_cov_33.8.g2108.t1	XP_660056.1	98.6	209	236	245	4.03e-147	409
NODE_10_length_480310_cov_33.8.g2109.t1	XP_660057.1	100	234	234	234	8.39e-171	468
NODE_10_length_480310_cov_33.8.g2110.t1	XP_050468894.1	100	60	76	85	2.94e-38	120
NODE_10_length_480310_cov_33.8.g2111.t1	XP_660692.2	71.6	141	130	161	4.64e-53	163
NODE_10_length_480310_cov_33.8.g2112.t1	XP_050468897.1	100	463	463	463	0.0	910
NODE_10_length_480310_cov_33.8.g2113.t1	XP_660060.1	100	1088	1094	1089	0.0	2021
NODE_10_length_480310_cov_33.8.g2114.t1	XP_660061.1	100	673	711	692	0.0	1341
NODE_10_length_480310_cov_33.8.g2115.t1	XP_660062.1	100	1041	1041	1041	0.0	1907
NODE_10_length_480310_cov_33.8.g2116.t1	XP_660063.1	100	1780	1780	1780	0.0	3214
NODE_10_length_480310_cov_33.8.g2117.t1	XP_660064.1	100	642	642	642	0.0	1212
NODE_10_length_480310_cov_33.8.g2118.t1	XP_660065.1	100	1464	1464	1464	0.0	2798
NODE_10_length_480310_cov_33.8.g2120.t1	XP_660067.1	100	1023	1023	1023	0.0	2130
NODE_10_length_480310_cov_33.8.g2121.t1	XP_050468900.1	100	439	439	439	3.25e-310	838
NODE_10_length_480310_cov_33.8.g2122.t1	XP_660069.1	100	512	541	792	0.0	981
NODE_10_length_480310_cov_33.8.g2123.t1	XP_660070.1	98.3	545	545	536	0.0	1076
NODE_10_length_480310_cov_33.8.g2124.t1	XP_050468902.1	100	696	696	696	0.0	1311
NODE_10_length_480310_cov_33.8.g2125.t1	XP_050468903.1	97.9	533	522	533	0.0	1020
NODE_10_length_480310_cov_33.8.g2127.t1	XP_660073.1	100	268	268	268	3.54e-189	517
NODE_10_length_480310_cov_33.8.g2128.t1	XP_050468906.1	98.0	457	457	448	0.0	909
NODE_10_length_480310_cov_33.8.g2129.t1	XP_660075.1	100	75	75	75	7.59e-50	149
NODE_10_length_480310_cov_33.8.g2130.t1	XP_660076.1	100	326	326	326	6.14e-235	638
NODE_10_length_480310_cov_33.8.g2131.t1	XP_660077.1	100	309	309	309	1.16e-244	661
NODE_10_length_480310_cov_33.8.g2132.t1	XP_660078.1	100	307	307	307	8.58e-221	600
NODE_10_length_480310_cov_33.8.g2133.t1	XP_660079.1	100	490	524	490	0.0	993
NODE_10_length_480310_cov_33.8.g2134.t1	XP_660080.1	100	365	365	365	1.23e-281	759
NODE_10_length_480310_cov_33.8.g2135.t1	XP_660081.1	100	836	836	841	0.0	1635
NODE_10_length_480310_cov_33.8.g2136.t1	XP_660082.1	100	332	332	332	4.58e-249	674
NODE_10_length_480310_cov_33.8.g2137.t1	XP_660083.1	100	175	175	175	2.42e-125	348
NODE_10_length_480310_cov_33.8.g2138.t1	XP_660084.1	98.0	1150	1320	1153	0.0	1378
NODE_10_length_480310_cov_33.8.g2139.t1	XP_660085.1	100	1384	1384	1408	0.0	2716
NODE_10_length_480310_cov_33.8.g2140.t1	XP_660086.1	99.3	2029	2029	2015	0.0	3892
NODE_10_length_480310_cov_33.8.g2141.t1	XP_660087.1	93.9	537	563	531	0.0	957
NODE_10_length_480310_cov_33.8.g2142.t1	XP_660088.2	100	115	115	131	3.52e-79	227
NODE_10_length_480310_cov_33.8.g2143.t1	XP_050468908.1	95.5	110	183	106	2.78e-63	189
NODE_10_length_480310_cov_33.8.g2144.t1	XP_660089.1	100	186	186	186	8.01e-109	307
NODE_10_length_480310_cov_33.8.g2145.t1	XP_050468909.1	100	261	261	302	1.63e-198	542
NODE_10_length_480310_cov_33.8.g2146.t1	XP_050468910.1	97.3	74	72	74	2.78e-42	130
NODE_10_length_480310_cov_33.8.g2147.t1	XP_050468911.1	100	770	770	770	0.0	1484
NODE_10_length_480310_cov_33.8.g2148.t1	XP_660092.1	100	173	173	173	2.83e-123	343
NODE_10_length_480310_cov_33.8.g2149.t1	XP_050467225.1	26.7	498	487	561	3.84e-28	116
NODE_10_length_480310_cov_33.8.g2150.t1	XP_660093.1	90.5	412	416	395	7.20e-272	738
NODE_10_length_480310_cov_33.8.g2151.t1	XP_660094.1	99.8	525	525	525	0.0	965
NODE_10_length_480310_cov_33.8.g2152.t1	XP_660095.2	99.2	888	909	890	0.0	1619
NODE_10_length_480310_cov_33.8.g2153.t1	XP_660096.1	100	497	497	497	0.0	908
NODE_10_length_480310_cov_33.8.g2154.t1	XP_660097.1	100	663	663	663	0.0	1351
NODE_10_length_480310_cov_33.8.g2155.t1	XP_660098.1	100	562	562	562	0.0	1154
NODE_10_length_480310_cov_33.8.g2156.t1	XP_660099.1	100	158	158	158	9.76e-110	307
NODE_10_length_480310_cov_33.8.g2157.t1	XP_660100.1	100	1156	1156	1156	0.0	2218
NODE_10_length_480310_cov_33.8.g2158.t1	XP_660101.1	100	323	323	323	9.14e-240	650
NODE_10_length_480310_cov_33.8.g2159.t1	XP_660102.1	100	563	563	563	0.0	1130
NODE_10_length_480310_cov_33.8.g2160.t1	XP_660103.1	97.4	420	668	467	1.81e-275	761
NODE_10_length_480310_cov_33.8.g2161.t1	XP_660105.1	100	108	108	108	4.33e-62	183
NODE_10_length_480310_cov_33.8.g2162.t1	XP_660106.1	100	227	227	227	7.62e-134	374
NODE_10_length_480310_cov_33.8.g2163.t1	XP_660107.2	100	406	414	420	1.12e-292	791
NODE_10_length_480310_cov_33.8.g2164.t1	XP_660108.1	91.9	431	410	431	1.45e-292	791
NODE_10_length_480310_cov_33.8.g2165.t1	XP_660109.1	89.4	653	653	596	0.0	1149
NODE_10_length_480310_cov_33.8.g2166.t1	XP_660110.1	92.4	341	333	439	7.69e-219	602
NODE_10_length_480310_cov_33.8.g2167.t1	XP_660111.1	100	524	524	524	0.0	1076
NODE_10_length_480310_cov_33.8.g2168.t1	XP_660112.1	100	507	507	507	0.0	991
NODE_10_length_480310_cov_33.8.g2169.t1	XP_660113.1	100	477	478	606	0.0	962
NODE_10_length_480310_cov_33.8.g2170.t1	XP_660114.1	100	258	258	258	9.92e-200	543
NODE_10_length_480310_cov_33.8.g2171.t1	XP_660115.1	100	225	225	225	1.34e-158	436
NODE_10_length_480310_cov_33.8.g2172.t1	XP_050468914.1	100	1445	2131	1445	0.0	2858
NODE_10_length_480310_cov_33.8.g2173.t1	XP_660117.1	100	285	285	285	8.40e-201	548
NODE_10_length_480310_cov_33.8.g2174.t1	XP_660118.1	100	303	303	313	1.51e-219	597
NODE_10_length_480310_cov_33.8.g2175.t1	XP_660119.1	100	264	264	264	3.58e-196	535
NODE_10_length_480310_cov_33.8.g2176.t1	XP_660120.1	100	408	408	408	1.68e-278	755
NODE_10_length_480310_cov_33.8.g2178.t1	XP_660122.1	98.9	531	708	527	0.0	993
NODE_10_length_480310_cov_33.8.g2179.t1	XP_660124.1	97.2	388	377	430	1.25e-252	689
NODE_10_length_480310_cov_33.8.g2180.t1	XP_660125.1	90.8	573	580	565	1.06e-316	865
NODE_10_length_480310_cov_33.8.g2181.t1	XP_660126.1	99.8	428	429	428	2.05e-220	610
NODE_10_length_480310_cov_33.8.g2182.t1	XP_660127.1	100	916	1151	916	0.0	1819
NODE_10_length_480310_cov_33.8.g2183.t1	XP_660128.2	100	351	351	351	3.49e-249	676
NODE_10_length_480310_cov_33.8.g2185.t1	XP_050468917.1	100	422	422	422	2.36e-308	832
NODE_10_length_480310_cov_33.8.g2186.t1	XP_660129.1	95.8	377	377	361	2.00e-255	693
NODE_10_length_480310_cov_33.8.g2187.t1	XP_660130.1	100	400	400	400	1.00e-291	788
NODE_10_length_480310_cov_33.8.g2188.t1	XP_660131.1	100	817	817	817	0.0	1619
NODE_10_length_480310_cov_33.8.g2189.t1	XP_660132.1	100	245	245	245	1.56e-176	483
NODE_10_length_480310_cov_33.8.g2190.t1	XP_660133.1	100	245	275	280	8.52e-172	474
NODE_10_length_480310_cov_33.8.g2191.t1	XP_660134.1	100	181	181	181	1.97e-127	354
NODE_10_length_480310_cov_33.8.g2192.t1	XP_050468918.1	80.6	556	556	471	6.53e-286	783
NODE_10_length_480310_cov_33.8.g2194.t1	XP_660137.1	100	329	329	329	8.98e-259	698
NODE_10_length_480310_cov_33.8.g2195.t1	XP_660138.1	100	322	322	380	2.80e-243	661
NODE_10_length_480310_cov_33.8.g2196.t1	XP_050468920.1	100	84	84	84	2.88e-58	171
NODE_10_length_480310_cov_33.8.g2198.t1	XP_050468921.1	100	130	130	130	5.01e-85	243
NODE_10_length_480310_cov_33.8.g2199.t1	XP_660141.1	96.1	410	799	410	9.49e-284	785
NODE_10_length_480310_cov_33.8.g2200.t1	XP_660142.1	100	444	444	444	2.16e-267	730
NODE_10_length_480310_cov_33.8.g2201.t1	XP_868900.1	99.2	241	241	243	6.85e-174	476
NODE_10_length_480310_cov_33.8.g2202.t1	XP_660144.1	100	497	497	497	0.0	1010
NODE_10_length_480310_cov_33.8.g2203.t1	XP_660145.1	96.1	585	685	565	0.0	1159
NODE_10_length_480310_cov_33.8.g2204.t1	XP_660146.1	100	264	264	264	8.78e-197	536
NODE_10_length_480310_cov_33.8.g2205.t1	XP_660147.1	100	601	606	606	0.0	1239
NODE_10_length_480310_cov_33.8.g2206.t1	XP_660148.1	100	515	515	552	0.0	1011
NODE_10_length_480310_cov_33.8.g2207.t1	XP_660149.2	99.6	6932	6916	6919	0.0	13618
NODE_10_length_480310_cov_33.8.g2209.t1	XP_660151.1	100	2534	2534	2534	0.0	5018
NODE_10_length_480310_cov_33.8.g2210.t1	XP_660152.2	100	479	479	479	0.0	958
NODE_10_length_480310_cov_33.8.g2211.t1	XP_660153.1	100	565	565	565	0.0	1148
NODE_10_length_480310_cov_33.8.g2212.t1	XP_050468922.1	97.8	767	767	750	0.0	1492
NODE_10_length_480310_cov_33.8.g2213.t1	XP_050468923.1	98.6	511	511	514	0.0	937
NODE_10_length_480310_cov_33.8.g2214.t1	XP_660156.2	100	258	258	258	6.93e-191	521
NODE_10_length_480310_cov_33.8.g2215.t1	XP_050468924.1	100	178	178	178	2.47e-115	323
NODE_10_length_480310_cov_33.8.g2216.t1	XP_050468925.1	95.8	595	595	641	0.0	1133
NODE_10_length_480310_cov_33.8.g2217.t1	XP_660158.1	98.2	511	511	502	0.0	1020
NODE_10_length_480310_cov_33.8.g2218.t1	XP_660159.1	100	541	541	541	0.0	1128
NODE_10_length_480310_cov_33.8.g2219.t1	XP_660160.1	100	130	172	146	3.11e-82	238
NODE_10_length_480310_cov_33.8.g2220.t1	XP_660161.1	100	638	638	638	0.0	1317
NODE_10_length_480310_cov_33.8.g2221.t1	XP_050468926.1	97.6	83	86	95	6.46e-60	176
NODE_10_length_480310_cov_33.8.g2222.t1	XP_660162.1	100	610	610	610	0.0	1283
NODE_10_length_480310_cov_33.8.g2223.t1	XP_660163.1	100	435	435	435	7.41e-314	847
NODE_10_length_480310_cov_33.8.g2224.t1	XP_660164.1	99.4	529	530	560	0.0	1047
NODE_10_length_480310_cov_33.8.g2225.t1	XP_660165.1	100	301	301	335	6.64e-221	602
NODE_10_length_480310_cov_33.8.g2226.t1	XP_660166.1	95.8	455	610	451	7.69e-310	845
NODE_10_length_480310_cov_33.8.g2227.t1	XP_660168.1	100	439	439	451	0.0	883
NODE_11_length_475096_cov_34.4.g2229.t1	XP_658676.1	100	236	248	261	3.05e-158	438
NODE_11_length_475096_cov_34.4.g2230.t1	XP_658677.1	94.2	617	597	601	0.0	1147
NODE_11_length_475096_cov_34.4.g2231.t1	XP_050469064.1	100	121	121	121	1.09e-86	246
NODE_11_length_475096_cov_34.4.g2232.t1	XP_658678.1	100	173	173	173	6.16e-118	329
NODE_11_length_475096_cov_34.4.g2233.t1	XP_658679.1	100	807	807	807	0.0	1622
NODE_11_length_475096_cov_34.4.g2234.t1	XP_658680.1	100	457	457	457	0.0	871
NODE_11_length_475096_cov_34.4.g2235.t1	XP_050469063.1	92.5	642	627	719	0.0	1166
NODE_11_length_475096_cov_34.4.g2236.t1	XP_658682.1	100	267	267	267	8.04e-190	519
NODE_11_length_475096_cov_34.4.g2238.t1	XP_050469062.1	69.7	132	132	92	5.82e-54	163
NODE_11_length_475096_cov_34.4.g2239.t1	XP_658683.1	92.0	577	731	737	9.51e-267	752
NODE_11_length_475096_cov_34.4.g2240.t1	XP_658684.1	100	237	237	237	4.17e-177	484
NODE_11_length_475096_cov_34.4.g2241.t1	XP_658685.1	100	229	229	229	6.82e-138	384
NODE_11_length_475096_cov_34.4.g2242.t1	XP_050469060.1	100	444	554	444	0.0	912
NODE_11_length_475096_cov_34.4.g2243.t1	XP_050469059.1	100	433	661	439	3.77e-313	855
NODE_11_length_475096_cov_34.4.g2244.t1	XP_658689.1	100	858	858	858	0.0	1673
NODE_11_length_475096_cov_34.4.g2245.t1	XP_050469058.1	100	326	326	326	8.29e-258	696
NODE_11_length_475096_cov_34.4.g2246.t1	XP_658690.2	100	343	343	343	2.28e-250	678
NODE_11_length_475096_cov_34.4.g2247.t1	XP_050469057.1	98.0	501	510	501	0.0	981
NODE_11_length_475096_cov_34.4.g2248.t1	XP_050469056.1	100	133	133	133	3.36e-98	276
NODE_11_length_475096_cov_34.4.g2249.t1	XP_658693.1	100	813	813	813	0.0	1594
NODE_11_length_475096_cov_34.4.g2250.t1	XP_658694.1	100	331	331	331	4.05e-222	606
NODE_11_length_475096_cov_34.4.g2251.t1	XP_050469055.1	99.0	482	482	477	0.0	955
NODE_11_length_475096_cov_34.4.g2252.t1	XP_050469054.1	100	400	400	400	5.32e-287	776
NODE_11_length_475096_cov_34.4.g2253.t1	XP_658696.1	100	381	381	381	2.45e-296	798
NODE_11_length_475096_cov_34.4.g2254.t1	XP_658697.2	97.8	922	922	909	0.0	1687
NODE_11_length_475096_cov_34.4.g2255.t1	XP_658698.1	100	570	570	570	0.0	1080
NODE_11_length_475096_cov_34.4.g2256.t1	XP_658699.1	100	352	352	352	7.61e-249	675
NODE_11_length_475096_cov_34.4.g2257.t1	XP_658700.1	100	622	622	622	0.0	1201
NODE_11_length_475096_cov_34.4.g2258.t1	XP_658701.1	100	645	645	645	0.0	1263
NODE_11_length_475096_cov_34.4.g2259.t1	XP_658703.1	100	721	721	721	0.0	1266
NODE_11_length_475096_cov_34.4.g2260.t1	XP_050469052.1	100	418	633	424	1.64e-303	828
NODE_11_length_475096_cov_34.4.g2261.t1	XP_658704.1	100	1355	1355	1355	0.0	2714
NODE_11_length_475096_cov_34.4.g2262.t1	XP_050469050.1	100	447	456	460	0.0	879
NODE_11_length_475096_cov_34.4.g2263.t1	XP_658706.1	100	672	672	672	0.0	1330
NODE_11_length_475096_cov_34.4.g2264.t1	XP_658707.1	100	690	690	690	0.0	1406
NODE_11_length_475096_cov_34.4.g2265.t1	XP_658708.1	100	570	570	570	0.0	1113
NODE_11_length_475096_cov_34.4.g2266.t1	XP_658709.1	100	153	153	153	9.45e-101	284
NODE_11_length_475096_cov_34.4.g2267.t1	XP_658710.1	100	648	648	648	0.0	1137
NODE_11_length_475096_cov_34.4.g2268.t1	XP_658711.1	93.9	296	296	278	5.88e-184	506
NODE_11_length_475096_cov_34.4.g2269.t1	XP_658713.1	100	472	472	472	0.0	877
NODE_11_length_475096_cov_34.4.g2270.t1	XP_658714.1	100	331	331	493	5.43e-243	665
NODE_11_length_475096_cov_34.4.g2271.t1	XP_658715.2	95.8	746	778	766	0.0	1421
NODE_11_length_475096_cov_34.4.g2272.t1	XP_050469048.1	100	373	373	387	8.83e-278	751
NODE_11_length_475096_cov_34.4.g2273.t1	XP_050469047.1	100	110	110	110	3.52e-80	229
NODE_11_length_475096_cov_34.4.g2274.t1	XP_658718.1	100	393	393	393	9.58e-243	663
NODE_11_length_475096_cov_34.4.g2275.t1	XP_658719.1	100	421	421	421	1.28e-316	852
NODE_11_length_475096_cov_34.4.g2276.t1	XP_658720.1	100	397	397	397	2.63e-242	662
NODE_11_length_475096_cov_34.4.g2277.t1	XP_658721.1	100	303	303	303	2.67e-222	604
NODE_11_length_475096_cov_34.4.g2278.t1	XP_658722.1	100	402	402	402	4.19e-285	771
NODE_11_length_475096_cov_34.4.g2279.t1	XP_658724.1	100	440	455	455	7.73e-203	567
NODE_11_length_475096_cov_34.4.g2280.t1	XP_658725.1	100	418	418	418	2.30e-297	803
NODE_11_length_475096_cov_34.4.g2281.t1	XP_050469046.1	100	217	217	217	1.57e-153	423
NODE_11_length_475096_cov_34.4.g2282.t1	XP_658728.1	92.0	512	583	512	0.0	911
NODE_11_length_475096_cov_34.4.g2283.t1	XP_658730.1	100	183	183	183	6.35e-134	370
NODE_11_length_475096_cov_34.4.g2284.t1	XP_658731.1	100	278	278	278	1.29e-196	537
NODE_11_length_475096_cov_34.4.g2285.t1	XP_658732.1	100	835	835	835	0.0	1746
NODE_11_length_475096_cov_34.4.g2286.t1	XP_658733.1	85.2	609	581	556	0.0	1034
NODE_11_length_475096_cov_34.4.g2287.t1	XP_050469045.1	81.8	726	1150	1030	0.0	1112
NODE_11_length_475096_cov_34.4.g2288.t1	XP_658735.1	100	207	207	207	3.21e-157	431
NODE_11_length_475096_cov_34.4.g2289.t1	XP_658736.1	100	901	901	901	0.0	1783
NODE_11_length_475096_cov_34.4.g2290.t1	XP_658737.1	100	270	270	270	7.14e-190	519
NODE_11_length_475096_cov_34.4.g2291.t1	XP_658738.1	100	825	886	825	0.0	1612
NODE_11_length_475096_cov_34.4.g2292.t1	XP_658739.1	100	153	153	153	2.24e-108	303
NODE_11_length_475096_cov_34.4.g2293.t1	XP_050469044.1	99.7	286	313	330	6.46e-214	584
NODE_11_length_475096_cov_34.4.g2294.t1	XP_658741.1	100	329	329	329	2.16e-241	654
NODE_11_length_475096_cov_34.4.g2295.t1	XP_658742.1	100	533	533	533	0.0	1080
NODE_11_length_475096_cov_34.4.g2296.t1	XP_658743.1	100	398	398	398	2.29e-296	799
NODE_11_length_475096_cov_34.4.g2297.t1	XP_658744.1	96.3	377	377	367	3.11e-265	718
NODE_11_length_475096_cov_34.4.g2298.t1	XP_658745.2	100	413	436	413	1.25e-309	835
NODE_11_length_475096_cov_34.4.g2299.t1	XP_050469043.1	94.5	201	316	209	9.86e-144	402
NODE_11_length_475096_cov_34.4.g2301.t1	XP_658746.1	100	605	605	605	0.0	1234
NODE_11_length_475096_cov_34.4.g2302.t1	XP_658747.1	100	740	740	740	0.0	1442
NODE_11_length_475096_cov_34.4.g2303.t1	XP_050469042.1	87.9	446	445	441	1.71e-275	750
NODE_11_length_475096_cov_34.4.g2304.t1	XP_658749.1	100	533	533	533	0.0	1013
NODE_11_length_475096_cov_34.4.g2305.t1	XP_050469041.1	88.3	454	454	401	3.28e-277	753
NODE_11_length_475096_cov_34.4.g2306.t1	XP_050469040.1	95.9	363	363	349	4.57e-259	701
NODE_11_length_475096_cov_34.4.g2307.t1	XP_658751.1	100	362	362	362	9.99e-250	678
NODE_11_length_475096_cov_34.4.g2308.t1	XP_658752.1	100	649	649	649	0.0	1231
NODE_11_length_475096_cov_34.4.g2309.t1	XP_658753.1	100	142	142	142	3.98e-99	279
NODE_11_length_475096_cov_34.4.g2310.t1	XP_050469039.1	98.3	476	468	476	0.0	908
NODE_11_length_475096_cov_34.4.g2311.t1	XP_658755.1	100	360	360	360	1.82e-285	768
NODE_11_length_475096_cov_34.4.g2312.t1	XP_050469038.1	94.0	168	160	168	2.22e-111	312
NODE_11_length_475096_cov_34.4.g2313.t1	XP_658757.1	89.2	325	336	419	3.29e-195	541
NODE_11_length_475096_cov_34.4.g2314.t1	XP_658758.1	100	202	202	202	6.23e-148	407
NODE_11_length_475096_cov_34.4.g2315.t1	XP_050469037.1	100	171	171	182	4.54e-126	350
NODE_11_length_475096_cov_34.4.g2316.t1	XP_658759.2	100	304	304	304	1.02e-231	628
NODE_11_length_475096_cov_34.4.g2317.t1	XP_658760.1	99.9	2216	2227	2236	0.0	3940
NODE_11_length_475096_cov_34.4.g2318.t1	XP_658761.1	87.4	548	548	481	4.44e-289	791
NODE_11_length_475096_cov_34.4.g2319.t1	XP_658762.1	100	1374	1374	1374	0.0	2555
NODE_11_length_475096_cov_34.4.g2320.t1	XP_658763.2	92.9	490	490	470	0.0	874
NODE_11_length_475096_cov_34.4.g2321.t1	XP_658764.1	100	158	158	158	2.46e-26	96.3
NODE_11_length_475096_cov_34.4.g2322.t1	XP_658765.1	100	123	123	123	2.98e-85	243
NODE_11_length_475096_cov_34.4.g2323.t1	XP_658766.1	100	228	228	228	4.82e-158	435
NODE_11_length_475096_cov_34.4.g2324.t1	XP_658767.1	100	800	800	800	0.0	1493
NODE_11_length_475096_cov_34.4.g2325.t1	XP_658768.1	100	645	645	645	0.0	1084
NODE_11_length_475096_cov_34.4.g2326.t1	XP_050469036.1	100	336	336	369	6.74e-252	683
NODE_11_length_475096_cov_34.4.g2327.t1	XP_050469035.1	100	198	198	198	1.46e-135	376
NODE_11_length_475096_cov_34.4.g2328.t1	XP_658771.1	100	382	382	382	8.65e-277	748
NODE_11_length_475096_cov_34.4.g2329.t1	XP_658772.1	100	2110	2110	2110	0.0	4070
NODE_11_length_475096_cov_34.4.g2330.t1	XP_658773.1	100	232	232	232	3.81e-141	393
NODE_11_length_475096_cov_34.4.g2331.t1	XP_050469034.1	94.9	551	527	551	0.0	1016
NODE_11_length_475096_cov_34.4.g2332.t1	XP_658775.1	100	922	922	922	0.0	1775
NODE_11_length_475096_cov_34.4.g2334.t1	XP_658776.1	100	734	734	734	0.0	1435
NODE_11_length_475096_cov_34.4.g2335.t1	XP_658777.1	100	353	353	353	1.63e-239	652
NODE_11_length_475096_cov_34.4.g2336.t1	XP_050469033.1	98.4	1513	1513	1490	0.0	2926
NODE_11_length_475096_cov_34.4.g2337.t1	XP_658779.1	100	331	331	331	6.53e-189	522
NODE_11_length_475096_cov_34.4.g2338.t1	XP_658780.1	100	474	474	499	0.0	951
NODE_11_length_475096_cov_34.4.g2339.t1	XP_658781.1	100	950	950	950	0.0	1785
NODE_11_length_475096_cov_34.4.g2340.t1	XP_050469032.1	99.3	151	154	160	2.74e-104	293
NODE_11_length_475096_cov_34.4.g2341.t1	XP_658783.1	86.5	326	326	287	1.15e-200	550
NODE_11_length_475096_cov_34.4.g2342.t1	XP_050469031.1	98.1	1285	1370	1313	0.0	2447
NODE_11_length_475096_cov_34.4.g2344.t1	XP_658785.1	100	478	478	478	0.0	961
NODE_11_length_475096_cov_34.4.g2345.t1	XP_658786.1	100	447	447	447	0.0	895
NODE_11_length_475096_cov_34.4.g2347.t1	XP_050469029.1	91.0	698	635	698	0.0	1205
NODE_11_length_475096_cov_34.4.g2348.t1	XP_658788.1	100	445	445	445	0.0	895
NODE_11_length_475096_cov_34.4.g2349.t1	XP_658789.1	99.8	500	499	500	0.0	988
NODE_11_length_475096_cov_34.4.g2350.t1	XP_050469028.1	100	460	511	505	0.0	894
NODE_11_length_475096_cov_34.4.g2351.t1	XP_658791.1	100	444	444	444	0.0	872
NODE_11_length_475096_cov_34.4.g2352.t1	XP_050469027.1	100	396	396	396	1.25e-283	767
NODE_11_length_475096_cov_34.4.g2353.t1	XP_658793.1	100	1432	1432	1432	0.0	2676
NODE_11_length_475096_cov_34.4.g2354.t1	XP_658794.2	100	1045	1045	1045	0.0	2010
NODE_11_length_475096_cov_34.4.g2355.t1	XP_658795.1	100	94	94	94	3.41e-66	192
NODE_11_length_475096_cov_34.4.g2356.t1	XP_658796.2	100	218	221	231	6.03e-128	359
NODE_11_length_475096_cov_34.4.g2357.t1	XP_050469026.1	97.0	703	682	703	0.0	1301
NODE_11_length_475096_cov_34.4.g2358.t1	XP_050469025.1	100	383	586	390	2.30e-271	744
NODE_11_length_475096_cov_34.4.g2359.t1	XP_050469024.1	89.0	318	298	318	2.95e-194	533
NODE_11_length_475096_cov_34.4.g2360.t1	XP_050469023.1	91.5	802	735	802	0.0	1471
NODE_11_length_475096_cov_34.4.g2361.t1	XP_658802.2	100	480	480	480	0.0	939
NODE_11_length_475096_cov_34.4.g2362.t1	XP_658803.1	100	497	497	497	0.0	976
NODE_11_length_475096_cov_34.4.g2363.t1	XP_658804.1	100	1109	1109	1109	0.0	1951
NODE_11_length_475096_cov_34.4.g2364.t1	XP_050469022.1	100	427	566	427	1.60e-317	861
NODE_11_length_475096_cov_34.4.g2365.t1	XP_658806.1	100	163	163	163	1.49e-120	335
NODE_11_length_475096_cov_34.4.g2366.t1	XP_050469020.1	99.1	109	177	110	6.77e-75	218
NODE_11_length_475096_cov_34.4.g2367.t1	XP_658809.1	100	173	173	173	7.74e-112	314
NODE_11_length_475096_cov_34.4.g2368.t1	XP_658810.2	81.3	284	485	345	1.99e-149	429
NODE_11_length_475096_cov_34.4.g2369.t1	XP_658811.1	100	796	796	796	0.0	1451
NODE_11_length_475096_cov_34.4.g2370.t1	XP_658812.1	100	452	452	452	3.04e-174	494
NODE_11_length_475096_cov_34.4.g2371.t1	XP_658813.1	100	237	237	237	5.03e-169	464
NODE_11_length_475096_cov_34.4.g2372.t1	XP_658814.1	100	843	843	843	0.0	1158
NODE_11_length_475096_cov_34.4.g2373.t1	XP_658815.1	100	479	479	479	0.0	920
NODE_11_length_475096_cov_34.4.g2375.t1	XP_658817.1	98.9	1005	1005	994	0.0	1612
NODE_11_length_475096_cov_34.4.g2376.t1	XP_658818.1	100	85	86	116	4.53e-62	182
NODE_11_length_475096_cov_34.4.g2377.t1	XP_658819.1	100	544	544	544	0.0	1020
NODE_11_length_475096_cov_34.4.g2378.t1	XP_658820.1	100	236	236	236	5.66e-170	466
NODE_11_length_475096_cov_34.4.g2379.t1	XP_658821.1	87.1	607	617	566	0.0	924
NODE_11_length_475096_cov_34.4.g2380.t1	XP_658822.1	100	406	406	406	1.90e-299	808
NODE_11_length_475096_cov_34.4.g2381.t1	XP_050469018.1	98.7	694	694	692	0.0	1120
NODE_11_length_475096_cov_34.4.g2382.t1	XP_658824.1	100	218	218	218	6.37e-110	313
NODE_11_length_475096_cov_34.4.g2383.t1	XP_658825.1	100	927	927	927	0.0	1721
NODE_11_length_475096_cov_34.4.g2384.t1	XP_658826.1	99.2	391	391	388	4.17e-281	760
NODE_11_length_475096_cov_34.4.g2385.t1	XP_658827.1	76.5	289	289	221	3.96e-146	407
NODE_11_length_475096_cov_34.4.g2386.t1	XP_658828.1	100	176	176	176	5.15e-107	302
NODE_12_length_434403_cov_33.9.g2387.t1	XP_663072.1	85.8	113	106	113	5.24e-59	175
NODE_12_length_434403_cov_33.9.g2388.t1	XP_663071.1	100	360	360	360	8.57e-275	741
NODE_12_length_434403_cov_33.9.g2389.t1	XP_663069.1	100	690	719	690	0.0	1337
NODE_12_length_434403_cov_33.9.g2390.t1	XP_663068.1	84.0	369	310	424	5.11e-212	583
NODE_12_length_434403_cov_33.9.g2391.t1	XP_663067.1	100	385	385	385	1.12e-269	731
NODE_12_length_434403_cov_33.9.g2392.t1	XP_663065.1	100	399	399	399	6.22e-315	846
NODE_12_length_434403_cov_33.9.g2394.t1	XP_663063.1	100	128	128	128	2.22e-96	271
NODE_12_length_434403_cov_33.9.g2395.t1	XP_663062.1	96.0	126	128	123	8.97e-86	244
NODE_12_length_434403_cov_33.9.g2396.t1	XP_663061.1	100	550	550	550	0.0	1152
NODE_12_length_434403_cov_33.9.g2397.t1	XP_663060.1	100	1160	1160	1160	0.0	2218
NODE_12_length_434403_cov_33.9.g2398.t1	XP_663059.1	100	1801	1801	1801	0.0	3380
NODE_12_length_434403_cov_33.9.g2399.t1	XP_663058.1	91.8	463	425	463	5.34e-309	835
NODE_12_length_434403_cov_33.9.g2400.t1	XP_663057.1	100	495	495	495	0.0	969
NODE_12_length_434403_cov_33.9.g2401.t1	XP_050468264.1	100	1209	1209	1209	0.0	2386
NODE_12_length_434403_cov_33.9.g2402.t1	XP_663055.1	100	440	440	440	2.28e-260	712
NODE_12_length_434403_cov_33.9.g2403.t1	XP_050468265.1	100	699	699	699	0.0	1414
NODE_12_length_434403_cov_33.9.g2404.t1	XP_663053.1	100	594	594	594	0.0	1212
NODE_12_length_434403_cov_33.9.g2405.t1	XP_663052.1	100	694	1226	805	0.0	1235
NODE_12_length_434403_cov_33.9.g2406.t1	XP_663050.1	100	586	586	586	1.25e-248	694
NODE_12_length_434403_cov_33.9.g2407.t1	XP_663049.1	100	200	200	200	1.16e-142	394
NODE_12_length_434403_cov_33.9.g2408.t1	XP_663048.1	100	443	443	443	0.0	885
NODE_12_length_434403_cov_33.9.g2409.t1	XP_663047.1	100	343	343	343	1.37e-203	560
NODE_12_length_434403_cov_33.9.g2410.t1	XP_663046.1	100	552	552	552	0.0	1163
NODE_12_length_434403_cov_33.9.g2411.t1	XP_663045.1	100	155	155	155	3.85e-110	308
NODE_12_length_434403_cov_33.9.g2412.t1	XP_663044.1	100	312	312	312	8.14e-242	654
NODE_12_length_434403_cov_33.9.g2413.t1	XP_663043.1	100	148	148	148	1.85e-91	260
NODE_12_length_434403_cov_33.9.g2414.t1	XP_663042.1	100	422	422	422	1.10e-281	764
NODE_12_length_434403_cov_33.9.g2415.t1	XP_663041.1	100	467	467	467	0.0	924
NODE_12_length_434403_cov_33.9.g2416.t1	XP_050468266.1	100	295	297	295	4.64e-199	545
NODE_12_length_434403_cov_33.9.g2417.t1	XP_663040.2	100	1026	1026	1026	0.0	2036
NODE_12_length_434403_cov_33.9.g2418.t1	XP_663039.1	87.6	484	496	483	1.03e-295	805
NODE_12_length_434403_cov_33.9.g2419.t1	XP_663038.1	98.2	387	387	380	4.54e-282	762
NODE_12_length_434403_cov_33.9.g2420.t1	XP_663037.1	97.1	511	511	507	0.0	988
NODE_12_length_434403_cov_33.9.g2421.t1	XP_663036.1	97.0	330	323	330	3.97e-238	646
NODE_12_length_434403_cov_33.9.g2422.t1	XP_663035.1	99.5	566	683	572	0.0	1123
NODE_12_length_434403_cov_33.9.g2424.t1	XP_663033.1	100	600	604	600	0.0	1154
NODE_12_length_434403_cov_33.9.g2425.t1	XP_663032.1	100	237	237	237	1.06e-170	468
NODE_12_length_434403_cov_33.9.g2426.t1	XP_663031.1	88.7	532	534	523	0.0	884
NODE_12_length_434403_cov_33.9.g2427.t1	XP_663030.1	100	328	359	328	2.72e-238	648
NODE_12_length_434403_cov_33.9.g2428.t1	XP_663029.1	100	350	350	350	2.15e-263	712
NODE_12_length_434403_cov_33.9.g2429.t1	XP_663028.1	100	184	184	227	2.94e-138	383
NODE_12_length_434403_cov_33.9.g2430.t1	XP_663027.1	100	429	429	429	2.70e-297	804
NODE_12_length_434403_cov_33.9.g2431.t1	XP_050468268.1	96.4	415	400	415	1.79e-300	810
NODE_12_length_434403_cov_33.9.g2432.t1	XP_663025.1	95.2	567	567	542	0.0	1096
NODE_12_length_434403_cov_33.9.g2434.t1	XP_663024.1	99.0	603	603	844	0.0	1176
NODE_12_length_434403_cov_33.9.g2435.t1	XP_663023.1	100	391	391	391	1.93e-289	781
NODE_12_length_434403_cov_33.9.g2436.t1	XP_663022.1	84.2	240	240	202	3.87e-136	379
NODE_12_length_434403_cov_33.9.g2437.t1	XP_663021.1	100	494	502	590	0.0	972
NODE_12_length_434403_cov_33.9.g2438.t1	XP_663020.1	91.5	284	327	280	1.56e-192	529
NODE_12_length_434403_cov_33.9.g2439.t1	XP_663019.1	100	459	459	459	6.15e-316	854
NODE_12_length_434403_cov_33.9.g2440.t1	XP_663018.1	100	405	405	405	4.74e-313	842
NODE_12_length_434403_cov_33.9.g2441.t1	XP_663017.1	100	741	741	741	0.0	1471
NODE_12_length_434403_cov_33.9.g2442.t1	XP_663016.1	100	407	407	497	1.50e-298	809
NODE_12_length_434403_cov_33.9.g2443.t1	XP_663015.1	100	244	244	244	1.03e-185	506
NODE_12_length_434403_cov_33.9.g2444.t1	XP_663014.1	99.5	204	204	204	1.56e-133	371
NODE_12_length_434403_cov_33.9.g2445.t1	XP_663013.1	100	345	345	415	5.89e-255	693
NODE_12_length_434403_cov_33.9.g2446.t1	XP_663012.1	100	146	146	146	8.26e-103	289
NODE_12_length_434403_cov_33.9.g2447.t1	XP_663011.1	100	848	848	872	0.0	1615
NODE_12_length_434403_cov_33.9.g2448.t1	XP_663010.1	100	1709	1709	1709	0.0	2929
NODE_12_length_434403_cov_33.9.g2449.t1	XP_663009.1	100	614	614	614	0.0	1122
NODE_12_length_434403_cov_33.9.g2450.t1	XP_050468270.1	100	326	326	326	6.47e-221	602
NODE_12_length_434403_cov_33.9.g2451.t1	XP_663007.2	100	1230	1230	1230	0.0	1976
NODE_12_length_434403_cov_33.9.g2452.t1	XP_050467349.1	54.2	240	267	410	4.16e-77	238
NODE_12_length_434403_cov_33.9.g2453.t1	XP_663006.2	100	350	350	350	1.28e-255	692
NODE_12_length_434403_cov_33.9.g2454.t1	XP_663005.2	100	117	117	117	7.48e-83	236
NODE_12_length_434403_cov_33.9.g2455.t1	XP_663004.1	96.7	583	583	568	0.0	1158
NODE_12_length_434403_cov_33.9.g2456.t1	XP_663003.1	100	315	316	325	9.29e-234	634
NODE_12_length_434403_cov_33.9.g2457.t1	XP_663002.1	100	376	376	376	2.38e-255	694
NODE_12_length_434403_cov_33.9.g2458.t1	XP_663001.1	91.0	664	609	664	0.0	1245
NODE_12_length_434403_cov_33.9.g2459.t1	XP_663000.2	100	184	184	187	1.04e-131	365
NODE_12_length_434403_cov_33.9.g2460.t1	XP_662999.1	94.9	824	1348	802	0.0	1573
NODE_12_length_434403_cov_33.9.g2461.t1	XP_662997.1	100	178	185	194	1.24e-109	310
NODE_12_length_434403_cov_33.9.g2462.t1	XP_050468271.1	97.2	821	1092	798	0.0	1634
NODE_12_length_434403_cov_33.9.g2463.t1	XP_662995.1	100	168	168	192	6.60e-116	325
NODE_12_length_434403_cov_33.9.g2464.t1	XP_662994.1	99.9	693	698	706	0.0	1389
NODE_12_length_434403_cov_33.9.g2465.t1	XP_662993.1	100	147	147	147	6.78e-107	299
NODE_12_length_434403_cov_33.9.g2466.t1	XP_662991.1	100	386	386	386	2.38e-276	748
NODE_12_length_434403_cov_33.9.g2467.t1	XP_050468272.1	100	59	86	86	6.68e-24	85.1
NODE_12_length_434403_cov_33.9.g2468.t1	XP_662990.2	98.9	377	382	379	2.89e-272	737
NODE_12_length_434403_cov_33.9.g2469.t1	XP_662989.1	100	228	228	233	3.63e-161	443
NODE_12_length_434403_cov_33.9.g2470.t1	XP_662988.1	100	237	237	282	2.86e-181	496
NODE_12_length_434403_cov_33.9.g2471.t1	XP_662987.1	100	793	793	793	0.0	1618
NODE_12_length_434403_cov_33.9.g2472.t1	XP_662985.2	100	320	320	342	1.05e-226	617
NODE_12_length_434403_cov_33.9.g2474.t1	XP_662983.1	96.7	365	353	365	1.06e-247	673
NODE_12_length_434403_cov_33.9.g2475.t1	XP_662982.1	86.4	579	564	564	0.0	935
NODE_12_length_434403_cov_33.9.g2476.t1	XP_662981.1	100	262	305	270	4.04e-180	496
NODE_12_length_434403_cov_33.9.g2478.t1	XP_662980.2	100	412	412	412	5.33e-309	832
NODE_12_length_434403_cov_33.9.g2479.t1	XP_662979.1	100	317	317	317	1.60e-205	563
NODE_12_length_434403_cov_33.9.g2480.t1	XP_662978.1	100	395	400	395	1.68e-275	746
NODE_12_length_434403_cov_33.9.g2481.t1	XP_050468273.1	100	255	358	274	3.22e-173	481
NODE_12_length_434403_cov_33.9.g2482.t1	XP_050468274.1	99.7	286	348	286	1.71e-212	580
NODE_12_length_434403_cov_33.9.g2483.t1	XP_662975.1	100	308	327	377	2.89e-209	575
NODE_12_length_434403_cov_33.9.g2484.t1	XP_662974.1	94.0	618	632	617	0.0	1085
NODE_12_length_434403_cov_33.9.g2485.t1	XP_662973.1	98.9	524	529	538	0.0	1014
NODE_12_length_434403_cov_33.9.g2486.t1	XP_662972.1	100	261	261	261	1.02e-189	518
NODE_12_length_434403_cov_33.9.g2487.t1	XP_662971.1	97.1	746	746	725	0.0	1425
NODE_12_length_434403_cov_33.9.g2488.t1	XP_662968.1	100	1109	1109	1109	0.0	2102
NODE_12_length_434403_cov_33.9.g2489.t1	XP_662967.1	100	400	482	429	3.85e-297	806
NODE_12_length_434403_cov_33.9.g2490.t1	XP_662966.1	100	141	177	148	8.55e-100	283
NODE_12_length_434403_cov_33.9.g2491.t1	XP_662965.1	100	644	644	644	0.0	1304
NODE_12_length_434403_cov_33.9.g2492.t1	XP_050468275.1	96.7	509	537	533	0.0	970
NODE_12_length_434403_cov_33.9.g2493.t1	XP_662963.1	100	210	210	210	8.16e-157	431
NODE_12_length_434403_cov_33.9.g2494.t1	XP_661747.1	100	127	127	132	3.74e-82	235
NODE_12_length_434403_cov_33.9.g2495.t1	XP_661748.1	100	251	251	251	3.71e-162	447
NODE_12_length_434403_cov_33.9.g2496.t1	XP_661749.1	100	604	608	629	0.0	1198
NODE_12_length_434403_cov_33.9.g2497.t1	XP_661752.1	100	548	548	548	0.0	1080
NODE_12_length_434403_cov_33.9.g2498.t1	XP_661753.1	100	514	514	514	0.0	1031
NODE_12_length_434403_cov_33.9.g2499.t1	XP_661754.1	91.8	548	548	503	0.0	989
NODE_12_length_434403_cov_33.9.g2500.t1	XP_661755.1	100	542	542	542	0.0	1112
NODE_12_length_434403_cov_33.9.g2501.t1	XP_661756.1	99.8	481	487	483	0.0	965
NODE_12_length_434403_cov_33.9.g2502.t1	XP_661757.1	99.7	330	379	344	3.22e-246	669
NODE_12_length_434403_cov_33.9.g2503.t1	XP_661758.1	100	531	531	531	0.0	1055
NODE_12_length_434403_cov_33.9.g2504.t1	XP_661759.1	100	352	352	352	2.84e-269	727
NODE_12_length_434403_cov_33.9.g2505.t1	XP_661760.1	90.6	501	463	496	0.0	898
NODE_12_length_434403_cov_33.9.g2506.t1	XP_661761.1	93.3	418	422	450	1.10e-281	765
NODE_12_length_434403_cov_33.9.g2507.t1	XP_661762.1	100	122	122	122	1.04e-89	254
NODE_12_length_434403_cov_33.9.g2508.t1	XP_661763.2	100	357	357	357	5.39e-281	757
NODE_12_length_434403_cov_33.9.g2509.t1	XP_661764.1	99.9	732	739	741	0.0	1427
NODE_12_length_434403_cov_33.9.g2510.t1	XP_050467351.1	100	220	220	220	1.51e-157	433
NODE_12_length_434403_cov_33.9.g2511.t1	XP_661765.1	100	388	388	388	1.99e-285	771
NODE_12_length_434403_cov_33.9.g2512.t1	XP_661766.1	100	515	515	515	0.0	994
NODE_12_length_434403_cov_33.9.g2513.t1	XP_661767.1	100	316	316	316	1.14e-209	573
NODE_12_length_434403_cov_33.9.g2514.t1	XP_661768.1	100	282	282	296	8.92e-207	563
NODE_12_length_434403_cov_33.9.g2515.t1	XP_661769.1	100	216	216	216	4.86e-152	419
NODE_12_length_434403_cov_33.9.g2516.t1	XP_050467350.1	98.8	596	625	592	0.0	1172
NODE_12_length_434403_cov_33.9.g2517.t1	XP_661771.1	99.4	633	633	634	0.0	1205
NODE_12_length_434403_cov_33.9.g2518.t1	XP_050467349.1	93.0	441	480	410	2.06e-289	786
NODE_12_length_434403_cov_33.9.g2519.t1	XP_661773.1	100	839	839	839	0.0	1430
NODE_12_length_434403_cov_33.9.g2520.t1	XP_661774.1	100	516	567	597	0.0	1014
NODE_12_length_434403_cov_33.9.g2521.t1	XP_661775.1	100	521	521	521	0.0	961
NODE_12_length_434403_cov_33.9.g2522.t1	XP_661776.1	100	378	378	378	1.23e-258	702
NODE_12_length_434403_cov_33.9.g2523.t1	XP_661777.1	100	516	516	516	0.0	1013
NODE_12_length_434403_cov_33.9.g2524.t1	XP_661778.2	100	318	318	318	5.99e-247	667
NODE_12_length_434403_cov_33.9.g2525.t1	XP_663941.1	45.2	62	72	70	3.98e-14	59.3
NODE_13_length_434296_cov_33.2.g2526.t1	XP_659194.1	100	620	637	626	0.0	1216
NODE_13_length_434296_cov_33.2.g2527.t1	XP_659195.1	100	924	1019	924	0.0	1844
NODE_13_length_434296_cov_33.2.g2528.t1	XP_659196.1	100	397	397	397	5.12e-288	778
NODE_13_length_434296_cov_33.2.g2529.t1	XP_659197.2	100	416	705	416	1.21e-274	758
NODE_13_length_434296_cov_33.2.g2530.t1	XP_659198.1	98.3	951	944	979	0.0	1846
NODE_13_length_434296_cov_33.2.g2531.t1	XP_659199.1	100	251	251	266	4.35e-185	506
NODE_13_length_434296_cov_33.2.g2532.t1	XP_659200.1	100	333	333	333	1.59e-245	665
NODE_13_length_434296_cov_33.2.g2533.t1	XP_659201.1	98.9	270	292	295	1.13e-200	548
NODE_13_length_434296_cov_33.2.g2535.t1	XP_659202.2	100	534	534	534	0.0	1080
NODE_13_length_434296_cov_33.2.g2536.t1	XP_659203.1	97.8	763	763	746	0.0	1477
NODE_13_length_434296_cov_33.2.g2537.t1	XP_659204.2	100	318	318	318	4.49e-233	632
NODE_13_length_434296_cov_33.2.g2540.t1	XP_868826.1	90.1	395	386	406	3.69e-246	672
NODE_13_length_434296_cov_33.2.g2541.t1	XP_050468694.1	100	524	524	524	0.0	1048
NODE_13_length_434296_cov_33.2.g2542.t1	XP_659206.1	100	357	357	357	2.54e-199	550
NODE_13_length_434296_cov_33.2.g2544.t1	XP_659208.1	100	489	489	489	0.0	1009
NODE_13_length_434296_cov_33.2.g2545.t1	XP_659209.1	100	344	344	344	1.66e-179	499
NODE_13_length_434296_cov_33.2.g2546.t1	XP_659210.1	100	501	501	501	2.74e-285	780
NODE_13_length_434296_cov_33.2.g2547.t1	XP_659211.1	98.6	958	954	1139	0.0	1864
NODE_13_length_434296_cov_33.2.g2550.t1	XP_659214.2	100	332	339	343	1.46e-183	509
NODE_13_length_434296_cov_33.2.g2551.t1	XP_659215.1	100	629	629	629	0.0	1277
NODE_13_length_434296_cov_33.2.g2552.t1	XP_659216.1	100	664	664	664	0.0	1324
NODE_13_length_434296_cov_33.2.g2553.t1	XP_659217.1	99.6	265	267	336	6.25e-176	486
NODE_13_length_434296_cov_33.2.g2554.t1	XP_659218.1	100	387	387	387	3.57e-283	765
NODE_13_length_434296_cov_33.2.g2555.t1	XP_659219.1	100	430	463	636	5.45e-261	722
NODE_13_length_434296_cov_33.2.g2556.t1	XP_659220.1	100	404	404	404	1.84e-305	823
NODE_13_length_434296_cov_33.2.g2558.t1	XP_659222.1	100	130	130	130	1.23e-94	267
NODE_13_length_434296_cov_33.2.g2559.t1	XP_659223.1	100	501	501	501	0.0	982
NODE_13_length_434296_cov_33.2.g2560.t1	XP_659224.1	100	365	401	387	9.30e-285	769
NODE_13_length_434296_cov_33.2.g2561.t1	XP_659225.1	100	204	204	204	4.56e-151	416
NODE_13_length_434296_cov_33.2.g2562.t1	XP_659226.1	100	551	551	551	0.0	1082
NODE_13_length_434296_cov_33.2.g2563.t1	XP_659227.1	91.4	502	502	476	0.0	901
NODE_13_length_434296_cov_33.2.g2565.t1	XP_659228.1	100	143	143	143	8.14e-79	228
NODE_13_length_434296_cov_33.2.g2566.t1	XP_659229.1	97.3	691	691	680	0.0	1287
NODE_13_length_434296_cov_33.2.g2567.t1	XP_659230.1	97.1	594	594	578	0.0	1156
NODE_13_length_434296_cov_33.2.g2568.t1	XP_659231.1	100	174	174	174	2.59e-76	224
NODE_13_length_434296_cov_33.2.g2569.t1	XP_050468695.1	100	1051	1051	1051	0.0	2069
NODE_13_length_434296_cov_33.2.g2570.t1	XP_050468696.1	97.6	552	552	621	0.0	973
NODE_13_length_434296_cov_33.2.g2571.t1	XP_050468697.1	100	361	361	361	8.18e-269	726
NODE_13_length_434296_cov_33.2.g2572.t1	XP_050468698.1	100	188	188	188	3.01e-139	384
NODE_13_length_434296_cov_33.2.g2573.t1	XP_659235.2	100	540	540	540	0.0	1070
NODE_13_length_434296_cov_33.2.g2574.t1	XP_659236.1	100	935	935	935	0.0	1785
NODE_13_length_434296_cov_33.2.g2575.t1	XP_659237.1	100	210	210	210	2.02e-132	369
NODE_13_length_434296_cov_33.2.g2576.t1	XP_050468699.1	100	782	782	782	0.0	1396
NODE_13_length_434296_cov_33.2.g2577.t1	XP_659239.1	100	588	588	588	0.0	1168
NODE_13_length_434296_cov_33.2.g2578.t1	XP_659240.1	100	204	204	204	5.92e-138	382
NODE_13_length_434296_cov_33.2.g2579.t1	XP_659241.1	97.6	860	860	839	0.0	1670
NODE_13_length_434296_cov_33.2.g2580.t1	XP_659242.1	100	883	883	883	0.0	1758
NODE_13_length_434296_cov_33.2.g2581.t1	XP_659243.1	100	330	330	330	2.00e-242	657
NODE_13_length_434296_cov_33.2.g2582.t1	XP_659244.1	100	809	809	809	0.0	1670
NODE_13_length_434296_cov_33.2.g2583.t1	XP_659245.1	98.1	568	626	681	0.0	1090
NODE_13_length_434296_cov_33.2.g2584.t1	XP_659246.1	89.3	552	546	518	0.0	965
NODE_13_length_434296_cov_33.2.g2585.t1	XP_659247.1	95.6	502	502	480	0.0	994
NODE_13_length_434296_cov_33.2.g2586.t1	XP_659248.1	98.7	312	462	315	9.23e-228	625
NODE_13_length_434296_cov_33.2.g2587.t1	XP_659250.1	98.0	1118	1119	1120	0.0	2169
NODE_13_length_434296_cov_33.2.g2588.t1	XP_659252.1	92.8	430	422	417	1.02e-278	756
NODE_13_length_434296_cov_33.2.g2589.t1	XP_659253.1	94.8	362	356	375	1.17e-245	668
NODE_13_length_434296_cov_33.2.g2590.t1	XP_659254.1	100	270	270	270	3.54e-190	520
NODE_13_length_434296_cov_33.2.g2591.t1	XP_659255.1	100	208	247	225	3.39e-160	441
NODE_13_length_434296_cov_33.2.g2592.t1	XP_659256.2	100	575	575	580	0.0	1048
NODE_13_length_434296_cov_33.2.g2594.t1	XP_659257.1	99.1	849	849	1685	0.0	1628
NODE_13_length_434296_cov_33.2.g2595.t1	XP_659258.1	93.7	174	174	163	1.14e-79	232
NODE_13_length_434296_cov_33.2.g2596.t1	XP_050468701.1	100	631	631	631	0.0	1186
NODE_13_length_434296_cov_33.2.g2597.t1	XP_050468702.1	100	996	1497	996	0.0	1690
NODE_13_length_434296_cov_33.2.g2598.t1	XP_050468703.1	100	233	233	233	6.65e-172	471
NODE_13_length_434296_cov_33.2.g2599.t1	XP_050468704.1	100	301	301	301	8.55e-218	592
NODE_13_length_434296_cov_33.2.g2600.t1	XP_050468705.1	100	315	315	315	2.21e-227	618
NODE_13_length_434296_cov_33.2.g2601.t1	XP_659262.1	90.8	238	216	238	4.75e-155	427
NODE_13_length_434296_cov_33.2.g2602.t1	XP_050468706.1	100	467	571	467	0.0	943
NODE_13_length_434296_cov_33.2.g2603.t1	XP_659264.1	100	1764	1764	1764	0.0	3319
NODE_13_length_434296_cov_33.2.g2604.t1	XP_050468707.1	99.1	470	470	466	0.0	904
NODE_13_length_434296_cov_33.2.g2605.t1	XP_050468708.1	86.4	177	177	153	5.47e-104	293
NODE_13_length_434296_cov_33.2.g2606.t1	XP_659267.1	99.2	623	623	620	0.0	1217
NODE_13_length_434296_cov_33.2.g2607.t1	XP_659268.1	100	290	290	290	5.16e-218	592
NODE_13_length_434296_cov_33.2.g2608.t1	XP_659269.1	100	689	689	689	0.0	1385
NODE_13_length_434296_cov_33.2.g2609.t1	XP_050468709.1	100	560	560	560	0.0	1017
NODE_13_length_434296_cov_33.2.g2610.t1	XP_659271.1	100	285	285	285	2.41e-200	547
NODE_13_length_434296_cov_33.2.g2611.t1	XP_659272.1	99.3	282	375	282	1.00e-187	519
NODE_13_length_434296_cov_33.2.g2612.t1	XP_659273.1	100	603	603	603	0.0	1078
NODE_13_length_434296_cov_33.2.g2613.t1	XP_659274.2	89.5	656	632	656	4.60e-226	641
NODE_13_length_434296_cov_33.2.g2614.t1	XP_659275.1	100	436	436	436	0.0	905
NODE_13_length_434296_cov_33.2.g2615.t1	XP_659277.1	97.6	491	906	482	0.0	949
NODE_13_length_434296_cov_33.2.g2616.t1	XP_659278.1	100	1402	1402	1402	0.0	2543
NODE_13_length_434296_cov_33.2.g2617.t1	XP_659279.1	100	628	628	628	0.0	1256
NODE_13_length_434296_cov_33.2.g2618.t1	XP_659280.1	99.6	280	280	279	2.96e-205	559
NODE_13_length_434296_cov_33.2.g2619.t1	XP_659281.1	100	287	287	287	5.67e-200	546
NODE_13_length_434296_cov_33.2.g2620.t1	XP_659282.1	99.9	738	744	741	0.0	1479
NODE_13_length_434296_cov_33.2.g2621.t1	XP_659283.1	100	323	323	323	2.44e-244	661
NODE_13_length_434296_cov_33.2.g2622.t1	XP_659284.2	100	1237	1238	1237	0.0	2425
NODE_13_length_434296_cov_33.2.g2623.t1	XP_659285.1	66.1	519	345	519	2.96e-222	614
NODE_13_length_434296_cov_33.2.g2624.t1	XP_659286.1	100	203	203	203	2.16e-119	335
NODE_13_length_434296_cov_33.2.g2625.t1	XP_659287.1	100	290	290	290	2.23e-203	555
NODE_13_length_434296_cov_33.2.g2626.t1	XP_659288.1	100	919	943	941	0.0	1514
NODE_13_length_434296_cov_33.2.g2627.t1	XP_659289.1	100	463	492	463	0.0	954
NODE_13_length_434296_cov_33.2.g2628.t1	XP_659290.1	100	464	464	653	0.0	878
NODE_13_length_434296_cov_33.2.g2629.t1	XP_659292.1	100	281	309	442	3.13e-210	579
NODE_13_length_434296_cov_33.2.g2630.t1	XP_659293.1	100	501	501	501	0.0	997
NODE_13_length_434296_cov_33.2.g2631.t1	XP_659294.1	76.2	345	330	324	2.57e-170	474
NODE_13_length_434296_cov_33.2.g2632.t1	XP_659295.1	91.1	571	571	521	0.0	1012
NODE_13_length_434296_cov_33.2.g2633.t1	XP_050468711.1	100	213	223	213	2.19e-156	430
NODE_13_length_434296_cov_33.2.g2634.t1	XP_050468712.1	100	873	873	873	0.0	1695
NODE_13_length_434296_cov_33.2.g2635.t1	XP_659297.1	97.4	502	489	502	0.0	950
NODE_13_length_434296_cov_33.2.g2636.t1	XP_659298.1	100	409	409	409	1.05e-293	793
NODE_13_length_434296_cov_33.2.g2637.t1	XP_659299.1	100	609	609	609	0.0	1206
NODE_13_length_434296_cov_33.2.g2638.t1	XP_659300.1	100	547	547	547	0.0	1128
NODE_13_length_434296_cov_33.2.g2639.t1	XP_659301.1	100	765	765	765	0.0	1410
NODE_13_length_434296_cov_33.2.g2640.t1	XP_050468713.1	90.4	1016	1016	920	0.0	1493
NODE_13_length_434296_cov_33.2.g2641.t1	XP_659303.1	96.1	564	542	564	0.0	1058
NODE_13_length_434296_cov_33.2.g2642.t1	XP_659304.1	98.6	1144	1128	1144	0.0	2090
NODE_13_length_434296_cov_33.2.g2643.t1	XP_659305.2	100	446	446	454	4.20e-307	831
NODE_13_length_434296_cov_33.2.g2645.t1	XP_659306.2	93.0	230	293	391	6.37e-144	409
NODE_13_length_434296_cov_33.2.g2646.t1	XP_050468714.1	100	443	443	464	0.0	879
NODE_13_length_434296_cov_33.2.g2647.t1	XP_659308.1	100	575	616	575	0.0	1156
NODE_13_length_434296_cov_33.2.g2648.t1	XP_050468715.1	100	275	309	521	1.53e-203	565
NODE_13_length_434296_cov_33.2.g2650.t1	XP_659310.1	100	382	382	461	4.13e-292	790
NODE_13_length_434296_cov_33.2.g2652.t1	XP_659311.1	100	222	222	222	4.42e-119	336
NODE_13_length_434296_cov_33.2.g2653.t1	XP_659312.1	97.8	1202	1202	1186	0.0	2135
NODE_13_length_434296_cov_33.2.g2654.t1	XP_659313.1	100	427	617	427	4.11e-319	867
NODE_13_length_434296_cov_33.2.g2655.t1	XP_050468716.1	100	679	679	679	0.0	1361
NODE_13_length_434296_cov_33.2.g2656.t1	XP_659315.1	100	511	511	511	0.0	1015
NODE_13_length_434296_cov_33.2.g2657.t1	XP_659316.1	100	328	328	328	1.47e-243	660
NODE_13_length_434296_cov_33.2.g2658.t1	XP_659317.1	100	741	742	789	0.0	1457
NODE_13_length_434296_cov_33.2.g2659.t1	XP_659318.1	100	253	253	253	7.49e-163	449
NODE_13_length_434296_cov_33.2.g2660.t1	XP_050468717.1	95.5	404	388	404	2.64e-278	753
NODE_13_length_434296_cov_33.2.g2661.t1	XP_659320.2	100	311	311	311	2.28e-179	496
NODE_13_length_434296_cov_33.2.g2662.t1	XP_050468718.1	91.9	357	338	347	4.48e-243	660
NODE_14_length_416696_cov_33.9.g2663.t1	XP_658116.1	100	273	290	299	1.72e-200	548
NODE_14_length_416696_cov_33.9.g2664.t1	XP_658115.1	100	260	260	260	3.74e-171	471
NODE_14_length_416696_cov_33.9.g2665.t1	XP_658114.1	100	296	296	296	1.22e-219	597
NODE_14_length_416696_cov_33.9.g2666.t1	XP_658113.1	100	1481	1481	1481	0.0	3066
NODE_14_length_416696_cov_33.9.g2667.t1	XP_658111.1	88.0	718	698	739	0.0	1187
NODE_14_length_416696_cov_33.9.g2668.t1	XP_658110.2	100	247	266	315	4.25e-171	473
NODE_14_length_416696_cov_33.9.g2669.t1	XP_658109.1	99.0	508	585	590	1.70e-285	788
NODE_14_length_416696_cov_33.9.g2670.t1	XP_658108.1	100	393	393	393	2.42e-284	768
NODE_14_length_416696_cov_33.9.g2671.t1	XP_050469202.1	97.0	606	862	590	0.0	1181
NODE_14_length_416696_cov_33.9.g2672.t1	XP_658106.1	100	786	786	786	0.0	1547
NODE_14_length_416696_cov_33.9.g2673.t1	XP_658105.1	100	480	480	539	0.0	956
NODE_14_length_416696_cov_33.9.g2674.t1	XP_658104.1	92.6	419	419	390	2.75e-248	678
NODE_14_length_416696_cov_33.9.g2675.t1	XP_658103.1	100	121	121	121	3.36e-90	255
NODE_14_length_416696_cov_33.9.g2676.t1	XP_658102.1	100	491	545	545	0.0	986
NODE_14_length_416696_cov_33.9.g2677.t1	XP_658101.1	88.6	507	644	518	1.84e-310	850
NODE_14_length_416696_cov_33.9.g2678.t1	XP_050469204.1	100	453	881	453	0.0	914
NODE_14_length_416696_cov_33.9.g2679.t1	XP_658099.1	100	289	289	289	7.00e-211	574
NODE_14_length_416696_cov_33.9.g2680.t1	XP_658098.1	100	526	526	526	0.0	1029
NODE_14_length_416696_cov_33.9.g2681.t1	XP_658097.1	100	145	145	145	4.98e-99	279
NODE_14_length_416696_cov_33.9.g2682.t1	XP_658096.1	100	141	141	141	5.45e-101	284
NODE_14_length_416696_cov_33.9.g2683.t1	XP_658095.2	99.3	290	346	463	3.95e-221	609
NODE_14_length_416696_cov_33.9.g2685.t1	XP_050469206.1	100	583	583	583	0.0	1182
NODE_14_length_416696_cov_33.9.g2686.t1	XP_658093.1	100	552	552	552	0.0	1092
NODE_14_length_416696_cov_33.9.g2687.t1	XP_050469207.1	99.5	212	213	211	1.84e-145	402
NODE_14_length_416696_cov_33.9.g2688.t1	XP_658092.2	95.7	370	370	354	5.85e-265	717
NODE_14_length_416696_cov_33.9.g2689.t1	XP_050469208.1	100	332	332	332	1.17e-251	681
NODE_14_length_416696_cov_33.9.g2690.t1	XP_658091.1	100	746	836	749	0.0	1500
NODE_14_length_416696_cov_33.9.g2691.t1	XP_658090.1	86.5	840	861	786	0.0	1403
NODE_14_length_416696_cov_33.9.g2692.t1	XP_658089.1	100	471	471	471	0.0	929
NODE_14_length_416696_cov_33.9.g2693.t1	XP_658088.2	100	409	409	414	1.20e-307	829
NODE_14_length_416696_cov_33.9.g2694.t1	XP_658087.1	100	115	115	115	3.59e-80	229
NODE_14_length_416696_cov_33.9.g2695.t1	XP_658086.1	99.1	1135	1135	1125	0.0	2269
NODE_14_length_416696_cov_33.9.g2696.t1	XP_658085.1	96.2	919	919	1114	0.0	1267
NODE_14_length_416696_cov_33.9.g2698.t1	XP_658084.1	90.5	242	250	324	1.72e-161	449
NODE_14_length_416696_cov_33.9.g2699.t1	XP_050469209.1	100	271	271	271	5.11e-204	555
NODE_14_length_416696_cov_33.9.g2700.t1	XP_658083.1	84.0	595	659	517	0.0	956
NODE_14_length_416696_cov_33.9.g2701.t1	XP_658082.1	96.1	179	204	205	4.64e-117	330
NODE_14_length_416696_cov_33.9.g2702.t1	XP_050469210.1	96.2	447	725	458	0.0	883
NODE_14_length_416696_cov_33.9.g2703.t1	XP_658080.1	100	137	137	137	2.08e-94	267
NODE_14_length_416696_cov_33.9.g2704.t1	XP_658079.1	100	955	955	955	0.0	1375
NODE_14_length_416696_cov_33.9.g2705.t1	XP_658078.1	100	263	263	263	1.10e-185	508
NODE_14_length_416696_cov_33.9.g2706.t1	XP_658077.1	100	507	507	507	0.0	992
NODE_14_length_416696_cov_33.9.g2707.t1	XP_050469211.1	100	907	907	907	0.0	1778
NODE_14_length_416696_cov_33.9.g2708.t1	XP_658075.1	100	434	434	434	3.41e-298	807
NODE_14_length_416696_cov_33.9.g2709.t1	XP_658074.2	100	371	371	371	6.13e-260	705
NODE_14_length_416696_cov_33.9.g2710.t1	XP_658073.1	99.9	914	935	1113	0.0	1752
NODE_14_length_416696_cov_33.9.g2711.t1	XP_658072.2	100	177	177	177	2.90e-86	249
NODE_14_length_416696_cov_33.9.g2712.t1	XP_658071.1	100	149	149	150	5.08e-76	221
NODE_14_length_416696_cov_33.9.g2713.t1	XP_658070.1	100	222	222	222	5.29e-168	460
NODE_14_length_416696_cov_33.9.g2714.t1	XP_658069.1	100	201	201	201	8.14e-139	384
NODE_14_length_416696_cov_33.9.g2715.t1	XP_050469212.1	91.5	294	361	279	3.85e-190	524
NODE_14_length_416696_cov_33.9.g2716.t1	XP_658067.1	100	2132	2132	2132	0.0	4070
NODE_14_length_416696_cov_33.9.g2717.t1	XP_658066.1	100	1482	1482	1482	0.0	2728
NODE_14_length_416696_cov_33.9.g2718.t1	XP_658065.1	85.3	435	391	435	8.32e-93	284
NODE_14_length_416696_cov_33.9.g2719.t1	XP_658064.1	100	597	597	597	0.0	1217
NODE_14_length_416696_cov_33.9.g2720.t1	XP_050469213.1	100	527	527	527	0.0	1070
NODE_14_length_416696_cov_33.9.g2721.t1	XP_658062.1	100	511	511	511	0.0	961
NODE_14_length_416696_cov_33.9.g2722.t1	XP_658061.1	100	207	207	207	1.75e-136	379
NODE_14_length_416696_cov_33.9.g2723.t1	XP_658060.1	100	275	275	275	6.22e-207	563
NODE_14_length_416696_cov_33.9.g2724.t1	XP_050469215.1	100	468	468	468	2.29e-311	843
NODE_14_length_416696_cov_33.9.g2725.t1	XP_658059.2	100	503	503	503	0.0	1065
NODE_14_length_416696_cov_33.9.g2726.t1	XP_658058.1	100	476	476	476	0.0	917
NODE_14_length_416696_cov_33.9.g2727.t1	XP_658057.1	100	420	420	420	8.26e-292	790
NODE_14_length_416696_cov_33.9.g2728.t1	XP_658056.1	100	239	239	239	1.61e-166	457
NODE_14_length_416696_cov_33.9.g2729.t1	XP_050469216.1	100	215	215	215	2.25e-161	442
NODE_14_length_416696_cov_33.9.g2730.t1	XP_658054.1	100	422	422	422	5.31e-305	823
NODE_14_length_416696_cov_33.9.g2732.t1	XP_050469217.1	100	842	869	1041	0.0	1648
NODE_14_length_416696_cov_33.9.g2733.t1	XP_658052.1	98.7	149	154	186	1.48e-107	303
NODE_14_length_416696_cov_33.9.g2734.t1	XP_658051.1	100	326	326	326	1.55e-228	622
NODE_14_length_416696_cov_33.9.g2735.t1	XP_658050.1	100	867	867	867	0.0	1690
NODE_14_length_416696_cov_33.9.g2736.t1	XP_658049.1	100	203	242	203	3.79e-146	405
NODE_14_length_416696_cov_33.9.g2737.t1	XP_050469218.1	92.6	1169	1165	1090	0.0	2057
NODE_14_length_416696_cov_33.9.g2738.t1	XP_050469219.1	100	348	348	348	1.51e-262	709
NODE_14_length_416696_cov_33.9.g2739.t1	XP_658046.1	100	277	286	290	1.79e-192	527
NODE_14_length_416696_cov_33.9.g2740.t1	XP_658044.1	100	659	659	659	0.0	1270
NODE_14_length_416696_cov_33.9.g2741.t1	XP_658043.1	100	564	564	564	0.0	1110
NODE_14_length_416696_cov_33.9.g2742.t1	XP_050469221.1	100	300	300	300	3.92e-218	593
NODE_14_length_416696_cov_33.9.g2743.t1	XP_658041.1	83.8	782	778	845	0.0	1087
NODE_14_length_416696_cov_33.9.g2744.t1	XP_658040.1	100	413	413	413	2.94e-302	815
NODE_14_length_416696_cov_33.9.g2745.t1	XP_658039.1	100	278	278	278	4.69e-199	543
NODE_14_length_416696_cov_33.9.g2746.t1	XP_050469222.1	100	452	452	452	0.0	912
NODE_14_length_416696_cov_33.9.g2747.t1	XP_050469223.1	100	148	174	148	1.17e-103	292
NODE_14_length_416696_cov_33.9.g2748.t1	XP_658036.1	100	322	322	322	5.54e-245	663
NODE_14_length_416696_cov_33.9.g2749.t1	XP_050469224.1	100	297	297	297	1.81e-155	434
NODE_14_length_416696_cov_33.9.g2750.t1	XP_050469225.1	100	836	836	836	0.0	1643
NODE_14_length_416696_cov_33.9.g2751.t1	XP_658034.1	100	845	845	845	0.0	1660
NODE_14_length_416696_cov_33.9.g2752.t1	XP_658033.1	100	93	93	93	1.84e-65	190
NODE_14_length_416696_cov_33.9.g2753.t1	XP_658032.1	99.2	393	398	527	4.81e-293	796
NODE_14_length_416696_cov_33.9.g2754.t1	XP_658031.1	100	362	362	362	1.53e-269	728
NODE_14_length_416696_cov_33.9.g2755.t1	XP_050469226.1	99.0	685	683	680	0.0	1351
NODE_14_length_416696_cov_33.9.g2756.t1	XP_050469227.1	100	820	820	820	0.0	1619
NODE_14_length_416696_cov_33.9.g2757.t1	XP_658029.2	98.6	564	560	560	0.0	1006
NODE_14_length_416696_cov_33.9.g2758.t1	XP_050469228.1	99.7	339	344	355	3.14e-112	329
NODE_14_length_416696_cov_33.9.g2759.t1	XP_658028.1	91.1	292	305	283	3.37e-182	502
NODE_14_length_416696_cov_33.9.g2760.t1	XP_658027.1	100	319	319	319	2.72e-239	648
NODE_14_length_416696_cov_33.9.g2761.t1	XP_658026.1	99.9	674	689	796	0.0	1368
NODE_14_length_416696_cov_33.9.g2762.t1	XP_658025.1	100	819	819	819	0.0	1561
NODE_14_length_416696_cov_33.9.g2763.t1	XP_050469229.1	100	50	88	94	8.16e-27	92.8
NODE_14_length_416696_cov_33.9.g2764.t1	XP_658023.1	71.7	145	143	133	3.71e-52	160
NODE_14_length_416696_cov_33.9.g2765.t1	XP_658022.1	100	693	693	693	0.0	1289
NODE_14_length_416696_cov_33.9.g2767.t1	XP_658020.1	100	335	335	335	1.18e-232	633
NODE_14_length_416696_cov_33.9.g2769.t1	XP_658019.2	98.5	601	601	592	0.0	1123
NODE_14_length_416696_cov_33.9.g2770.t1	XP_658018.1	99.4	896	971	981	0.0	1712
NODE_14_length_416696_cov_33.9.g2771.t1	XP_658016.1	100	712	712	731	0.0	1279
NODE_14_length_416696_cov_33.9.g2772.t1	XP_658015.1	100	189	189	189	1.61e-139	385
NODE_14_length_416696_cov_33.9.g2773.t1	XP_658014.1	100	323	323	323	1.26e-246	667
NODE_14_length_416696_cov_33.9.g2774.t1	XP_658013.1	100	807	807	807	0.0	1468
NODE_14_length_416696_cov_33.9.g2775.t1	XP_658012.1	100	749	750	749	0.0	1514
NODE_14_length_416696_cov_33.9.g2776.t1	XP_658011.1	99.4	1083	1083	1077	0.0	2040
NODE_14_length_416696_cov_33.9.g2777.t1	XP_658010.1	99.7	611	609	611	0.0	1142
NODE_14_length_416696_cov_33.9.g2778.t1	XP_658009.1	100	143	153	143	2.16e-97	275
NODE_14_length_416696_cov_33.9.g2779.t1	XP_658008.1	100	1324	1324	1324	0.0	2472
NODE_14_length_416696_cov_33.9.g2780.t1	XP_658007.1	100	440	443	534	1.40e-317	860
NODE_14_length_416696_cov_33.9.g2781.t1	XP_658006.1	100	304	304	304	4.45e-226	613
NODE_14_length_416696_cov_33.9.g2782.t1	XP_050469231.1	91.5	235	235	225	6.98e-159	437
NODE_14_length_416696_cov_33.9.g2783.t1	XP_658004.1	100	146	146	146	3.50e-104	292
NODE_14_length_416696_cov_33.9.g2784.t1	XP_658003.1	100	497	497	497	0.0	988
NODE_14_length_416696_cov_33.9.g2785.t1	XP_050469232.1	100	569	569	569	0.0	1148
NODE_14_length_416696_cov_33.9.g2786.t1	XP_658000.1	92.4	367	367	339	4.14e-224	613
NODE_14_length_416696_cov_33.9.g2787.t1	XP_657999.1	100	332	332	332	2.88e-252	682
NODE_14_length_416696_cov_33.9.g2788.t1	XP_657998.1	100	398	398	398	3.12e-294	794
NODE_14_length_416696_cov_33.9.g2789.t1	XP_657997.1	100	464	464	464	0.0	979
NODE_14_length_416696_cov_33.9.g2790.t1	XP_657996.1	98.8	419	418	419	9.50e-304	820
NODE_14_length_416696_cov_33.9.g2791.t1	XP_657995.1	100	2006	2006	2006	0.0	3910
NODE_14_length_416696_cov_33.9.g2792.t1	XP_657994.1	100	287	287	287	4.05e-209	569
NODE_14_length_416696_cov_33.9.g2793.t1	XP_657993.1	100	308	308	308	2.92e-233	632
NODE_14_length_416696_cov_33.9.g2794.t1	XP_657992.1	98.6	837	837	825	0.0	1620
NODE_14_length_416696_cov_33.9.g2795.t1	XP_657991.1	100	567	567	567	0.0	1172
NODE_14_length_416696_cov_33.9.g2796.t1	XP_657990.1	100	305	305	305	2.26e-215	587
NODE_14_length_416696_cov_33.9.g2797.t1	XP_657989.1	100	394	394	394	1.01e-297	802
NODE_14_length_416696_cov_33.9.g2798.t1	XP_657988.1	100	1067	1067	1067	0.0	1557
NODE_14_length_416696_cov_33.9.g2799.t1	XP_657987.1	85.4	309	299	286	2.72e-194	532
NODE_14_length_416696_cov_33.9.g2800.t1	XP_657986.1	95.5	449	449	431	1.16e-260	712
NODE_14_length_416696_cov_33.9.g2801.t1	XP_657985.1	100	531	531	531	0.0	999
NODE_14_length_416696_cov_33.9.g2802.t1	XP_657984.1	100	629	629	629	0.0	1240
NODE_14_length_416696_cov_33.9.g2803.t1	XP_657983.1	100	298	298	298	1.64e-177	490
NODE_14_length_416696_cov_33.9.g2804.t1	XP_657982.1	100	279	279	279	2.26e-211	574
NODE_14_length_416696_cov_33.9.g2805.t1	XP_657981.1	100	346	346	346	1.44e-259	702
NODE_15_length_414877_cov_34.9.g2806.t1	XP_662702.2	100	549	549	549	0.0	1048
NODE_15_length_414877_cov_34.9.g2807.t1	XP_050468129.1	100	375	375	392	2.40e-270	732
NODE_15_length_414877_cov_34.9.g2808.t1	XP_050468130.1	94.1	269	269	385	3.68e-187	517
NODE_15_length_414877_cov_34.9.g2809.t1	XP_662705.1	100	311	311	311	9.07e-234	634
NODE_15_length_414877_cov_34.9.g2810.t1	XP_050468131.1	100	1019	1019	1019	0.0	1919
NODE_15_length_414877_cov_34.9.g2811.t1	XP_050468133.1	95.0	576	548	576	0.0	1081
NODE_15_length_414877_cov_34.9.g2812.t1	XP_662709.1	88.2	740	653	740	0.0	1326
NODE_15_length_414877_cov_34.9.g2813.t1	XP_662710.1	100	175	282	175	4.74e-123	347
NODE_15_length_414877_cov_34.9.g2814.t1	XP_050468134.1	100	729	729	745	0.0	1379
NODE_15_length_414877_cov_34.9.g2815.t1	XP_662712.1	100	809	809	809	0.0	1525
NODE_15_length_414877_cov_34.9.g2816.t1	XP_662713.1	100	294	294	294	1.37e-215	586
NODE_15_length_414877_cov_34.9.g2817.t1	XP_662714.2	90.2	624	622	603	0.0	1114
NODE_15_length_414877_cov_34.9.g2818.t1	XP_050468135.1	85.5	159	176	171	2.75e-33	115
NODE_15_length_414877_cov_34.9.g2820.t1	XP_662716.1	100	719	724	782	0.0	1327
NODE_15_length_414877_cov_34.9.g2821.t1	XP_050468136.1	100	252	252	382	6.42e-185	510
NODE_15_length_414877_cov_34.9.g2822.t1	XP_662718.1	100	339	339	339	1.28e-254	689
NODE_15_length_414877_cov_34.9.g2823.t1	XP_662719.1	98.0	552	612	552	0.0	985
NODE_15_length_414877_cov_34.9.g2824.t1	XP_662720.1	100	272	272	272	2.16e-201	548
NODE_15_length_414877_cov_34.9.g2826.t1	XP_662723.1	95.0	238	236	228	2.26e-165	454
NODE_15_length_414877_cov_34.9.g2827.t1	XP_662724.1	85.5	304	304	260	3.90e-173	478
NODE_15_length_414877_cov_34.9.g2828.t1	XP_050468137.1	100	349	349	349	2.93e-224	613
NODE_15_length_414877_cov_34.9.g2829.t1	XP_662726.1	100	259	259	259	7.49e-191	521
NODE_15_length_414877_cov_34.9.g2830.t1	XP_662727.1	100	388	388	388	1.57e-282	763
NODE_15_length_414877_cov_34.9.g2831.t1	XP_662728.1	100	641	641	641	0.0	1234
NODE_15_length_414877_cov_34.9.g2832.t1	XP_662729.1	100	91	91	91	6.53e-56	166
NODE_15_length_414877_cov_34.9.g2833.t1	XP_662730.1	100	638	638	638	0.0	1081
NODE_15_length_414877_cov_34.9.g2834.t1	XP_662731.1	100	168	168	168	2.01e-116	325
NODE_15_length_414877_cov_34.9.g2835.t1	XP_662732.1	100	115	115	115	1.85e-41	131
NODE_15_length_414877_cov_34.9.g2836.t1	XP_662733.1	100	644	644	644	0.0	1221
NODE_15_length_414877_cov_34.9.g2838.t1	XP_050468138.1	100	336	336	454	1.05e-255	696
NODE_15_length_414877_cov_34.9.g2839.t1	XP_662735.1	100	118	118	118	1.90e-81	233
NODE_15_length_414877_cov_34.9.g2840.t1	XP_050468139.1	100	306	306	306	7.94e-221	600
NODE_15_length_414877_cov_34.9.g2841.t1	XP_662737.1	99.2	399	399	399	2.81e-196	546
NODE_15_length_414877_cov_34.9.g2842.t1	XP_050468140.1	100	2126	2126	2126	0.0	4274
NODE_15_length_414877_cov_34.9.g2843.t1	XP_662739.1	99.3	286	294	346	2.97e-195	537
NODE_15_length_414877_cov_34.9.g2844.t1	XP_662740.1	100	221	221	221	1.09e-146	406
NODE_15_length_414877_cov_34.9.g2845.t1	XP_662741.2	100	831	1396	834	0.0	1636
NODE_15_length_414877_cov_34.9.g2846.t1	XP_662742.1	100	596	596	596	0.0	1157
NODE_15_length_414877_cov_34.9.g2847.t1	XP_050468142.1	99.6	824	1153	836	0.0	1662
NODE_15_length_414877_cov_34.9.g2848.t1	XP_662744.1	96.2	472	472	454	1.76e-308	835
NODE_15_length_414877_cov_34.9.g2849.t1	XP_662745.1	100	429	429	429	5.73e-253	692
NODE_15_length_414877_cov_34.9.g2850.t1	XP_050468145.1	100	448	448	448	0.0	905
NODE_15_length_414877_cov_34.9.g2851.t1	XP_050468146.1	100	779	779	779	0.0	1536
NODE_15_length_414877_cov_34.9.g2852.t1	XP_050468147.1	84.5	226	235	202	1.18e-131	368
NODE_15_length_414877_cov_34.9.g2853.t1	XP_662748.2	100	688	688	700	0.0	1345
NODE_15_length_414877_cov_34.9.g2854.t1	XP_662749.1	100	136	136	136	1.78e-90	257
NODE_15_length_414877_cov_34.9.g2855.t1	XP_662750.1	99.4	478	478	475	0.0	941
NODE_15_length_414877_cov_34.9.g2856.t1	XP_662751.2	99.9	670	895	759	0.0	1309
NODE_15_length_414877_cov_34.9.g2857.t1	XP_050468149.1	91.1	327	327	298	2.89e-222	605
NODE_15_length_414877_cov_34.9.g2858.t1	XP_662753.1	100	281	337	472	2.20e-187	524
NODE_15_length_414877_cov_34.9.g2859.t1	XP_050468150.1	99.8	555	806	565	0.0	1068
NODE_15_length_414877_cov_34.9.g2860.t1	XP_662755.1	100	498	498	498	0.0	999
NODE_15_length_414877_cov_34.9.g2861.t1	XP_662756.2	93.3	299	279	299	4.50e-200	546
NODE_15_length_414877_cov_34.9.g2862.t1	XP_662757.2	100	154	154	154	1.51e-111	311
NODE_15_length_414877_cov_34.9.g2863.t1	XP_662758.1	100	1438	1438	1438	0.0	2701
NODE_15_length_414877_cov_34.9.g2864.t1	XP_050468152.1	100	510	510	510	0.0	1010
NODE_15_length_414877_cov_34.9.g2865.t1	XP_050468153.1	100	288	288	390	5.70e-195	538
NODE_15_length_414877_cov_34.9.g2866.t1	XP_662761.1	100	993	993	993	0.0	1940
NODE_15_length_414877_cov_34.9.g2867.t1	XP_050468155.1	100	392	748	392	9.15e-279	769
NODE_15_length_414877_cov_34.9.g2868.t1	XP_662763.1	100	521	548	580	0.0	1051
NODE_15_length_414877_cov_34.9.g2869.t1	XP_662765.1	100	455	496	785	0.0	944
NODE_15_length_414877_cov_34.9.g2871.t1	XP_662766.1	100	405	405	405	5.03e-299	806
NODE_15_length_414877_cov_34.9.g2872.t1	XP_662767.1	100	628	628	628	0.0	1009
NODE_15_length_414877_cov_34.9.g2873.t1	XP_662768.1	100	409	409	457	7.32e-253	692
NODE_15_length_414877_cov_34.9.g2874.t1	XP_662769.1	100	778	778	778	0.0	1484
NODE_15_length_414877_cov_34.9.g2875.t1	XP_050468156.1	99.8	450	450	450	0.0	887
NODE_15_length_414877_cov_34.9.g2876.t1	XP_662771.1	98.7	1166	1151	1166	0.0	2136
NODE_15_length_414877_cov_34.9.g2877.t1	XP_662772.1	94.2	1288	1276	1307	0.0	2111
NODE_15_length_414877_cov_34.9.g2878.t1	XP_662773.1	100	858	858	858	0.0	1584
NODE_15_length_414877_cov_34.9.g2879.t1	XP_662774.1	93.1	713	704	713	0.0	1235
NODE_15_length_414877_cov_34.9.g2880.t1	XP_662776.1	100	215	215	215	4.69e-154	424
NODE_15_length_414877_cov_34.9.g2881.t1	XP_662777.1	98.8	506	501	569	0.0	991
NODE_15_length_414877_cov_34.9.g2882.t1	XP_050468157.1	91.0	334	306	334	1.45e-216	591
NODE_15_length_414877_cov_34.9.g2883.t1	XP_050468159.1	100	77	77	77	2.42e-47	143
NODE_15_length_414877_cov_34.9.g2884.t1	XP_662779.1	100	405	405	405	3.16e-302	815
NODE_15_length_414877_cov_34.9.g2885.t1	XP_662780.1	100	446	446	446	0.0	922
NODE_15_length_414877_cov_34.9.g2886.t1	XP_662781.1	100	410	410	410	4.33e-282	764
NODE_15_length_414877_cov_34.9.g2887.t1	XP_662782.1	100	357	357	357	2.40e-259	702
NODE_15_length_414877_cov_34.9.g2888.t1	XP_662783.1	100	582	582	582	0.0	1132
NODE_15_length_414877_cov_34.9.g2889.t1	XP_662784.1	100	881	888	881	0.0	1783
NODE_15_length_414877_cov_34.9.g2890.t1	XP_662787.1	92.6	780	1383	780	0.0	1443
NODE_15_length_414877_cov_34.9.g2891.t1	XP_662788.2	100	557	834	567	0.0	1031
NODE_15_length_414877_cov_34.9.g2892.t1	XP_662789.2	97.5	719	719	702	0.0	1355
NODE_15_length_414877_cov_34.9.g2893.t1	XP_662790.1	100	840	840	840	0.0	1536
NODE_15_length_414877_cov_34.9.g2894.t1	XP_662791.1	96.2	552	953	605	0.0	1021
NODE_15_length_414877_cov_34.9.g2895.t1	XP_662793.1	92.4	382	382	353	4.85e-260	705
NODE_15_length_414877_cov_34.9.g2896.t1	XP_662794.1	99.4	717	714	717	0.0	1271
NODE_15_length_414877_cov_34.9.g2897.t1	XP_662795.1	100	376	376	376	1.17e-271	735
NODE_15_length_414877_cov_34.9.g2898.t1	XP_662796.1	100	655	655	723	0.0	1338
NODE_15_length_414877_cov_34.9.g2899.t1	XP_662797.1	100	409	409	409	9.11e-304	819
NODE_15_length_414877_cov_34.9.g2900.t1	XP_662798.1	100	963	1070	963	0.0	1875
NODE_15_length_414877_cov_34.9.g2901.t1	XP_662799.1	100	138	138	138	5.72e-97	273
NODE_15_length_414877_cov_34.9.g2902.t1	XP_050468161.1	96.5	543	595	531	0.0	1026
NODE_15_length_414877_cov_34.9.g2903.t1	XP_662801.1	100	1118	1118	1118	0.0	2112
NODE_15_length_414877_cov_34.9.g2904.t1	XP_662802.1	99.3	550	547	550	0.0	1055
NODE_15_length_414877_cov_34.9.g2905.t1	XP_662803.1	100	402	402	402	3.75e-313	842
NODE_15_length_414877_cov_34.9.g2906.t1	XP_050468162.1	100	506	506	506	0.0	1002
NODE_15_length_414877_cov_34.9.g2907.t1	XP_662805.1	100	242	242	357	2.66e-173	479
NODE_15_length_414877_cov_34.9.g2908.t1	XP_662806.1	99.2	129	139	168	3.20e-94	268
NODE_15_length_414877_cov_34.9.g2909.t1	XP_662807.1	100	170	170	170	9.19e-123	341
NODE_15_length_414877_cov_34.9.g2910.t1	XP_662808.1	100	509	509	509	0.0	940
NODE_15_length_414877_cov_34.9.g2911.t1	XP_662809.1	100	593	593	593	1.99e-282	780
NODE_15_length_414877_cov_34.9.g2912.t1	XP_662810.1	100	360	360	360	1.88e-253	687
NODE_15_length_414877_cov_34.9.g2913.t1	XP_662811.1	100	296	296	296	1.88e-223	606
NODE_15_length_414877_cov_34.9.g2914.t1	XP_662812.1	100	737	762	779	0.0	1299
NODE_15_length_414877_cov_34.9.g2915.t1	XP_662813.1	100	457	457	457	0.0	946
NODE_15_length_414877_cov_34.9.g2916.t1	XP_050468164.1	71.6	88	88	76	1.51e-37	119
NODE_15_length_414877_cov_34.9.g2917.t1	XP_662814.1	100	526	526	526	0.0	1045
NODE_15_length_414877_cov_34.9.g2919.t1	XP_662816.1	93.5	1503	1503	1406	0.0	2586
NODE_15_length_414877_cov_34.9.g2920.t1	XP_662817.1	100	326	326	326	1.64e-239	649
NODE_15_length_414877_cov_34.9.g2921.t1	XP_662818.1	97.9	334	328	334	3.71e-243	659
NODE_15_length_414877_cov_34.9.g2922.t1	XP_662819.1	100	1132	1132	1132	0.0	2270
NODE_15_length_414877_cov_34.9.g2923.t1	XP_662820.1	100	1141	1141	1141	0.0	2174
NODE_15_length_414877_cov_34.9.g2924.t1	XP_662821.1	100	347	347	347	2.06e-239	651
NODE_15_length_414877_cov_34.9.g2925.t1	XP_662822.1	100	279	279	279	3.36e-188	516
NODE_15_length_414877_cov_34.9.g2926.t1	XP_050468166.1	100	883	896	962	0.0	1613
NODE_15_length_414877_cov_34.9.g2927.t1	XP_662825.1	99.6	1527	1521	1527	0.0	2724
NODE_15_length_414877_cov_34.9.g2928.t1	XP_662826.1	100	160	160	160	6.34e-116	323
NODE_15_length_414877_cov_34.9.g2929.t1	XP_662827.1	86.4	623	545	623	0.0	1041
NODE_15_length_414877_cov_34.9.g2930.t1	XP_662828.1	99.7	593	591	593	0.0	1038
NODE_15_length_414877_cov_34.9.g2931.t1	XP_662829.1	100	699	699	699	0.0	1358
NODE_15_length_414877_cov_34.9.g2932.t1	XP_662830.1	100	298	298	298	6.97e-211	575
NODE_16_length_407545_cov_35.0.g2933.t1	XP_664164.1	100	459	459	459	0.0	882
NODE_16_length_407545_cov_35.0.g2934.t1	XP_664165.1	100	352	352	352	3.31e-204	562
NODE_16_length_407545_cov_35.0.g2935.t1	XP_664166.1	100	619	663	619	0.0	1176
NODE_16_length_407545_cov_35.0.g2936.t1	XP_664167.1	100	411	411	411	2.47e-293	793
NODE_16_length_407545_cov_35.0.g2937.t1	XP_664168.2	100	308	308	320	2.15e-222	605
NODE_16_length_407545_cov_35.0.g2938.t1	XP_664169.1	100	345	507	354	1.97e-250	686
NODE_16_length_407545_cov_35.0.g2939.t1	XP_050467122.1	99.4	180	207	181	1.55e-124	348
NODE_16_length_407545_cov_35.0.g2940.t1	XP_664171.1	100	561	630	570	0.0	1065
NODE_16_length_407545_cov_35.0.g2941.t1	XP_664172.1	100	484	484	484	0.0	933
NODE_16_length_407545_cov_35.0.g2942.t1	XP_664173.1	100	363	363	363	2.35e-269	728
NODE_16_length_407545_cov_35.0.g2943.t1	XP_664174.2	100	449	466	459	4.21e-318	860
NODE_16_length_407545_cov_35.0.g2944.t1	XP_664175.1	99.8	423	423	509	6.42e-314	849
NODE_16_length_407545_cov_35.0.g2945.t1	XP_664176.1	100	767	767	767	0.0	1466
NODE_16_length_407545_cov_35.0.g2946.t1	XP_664177.1	99.6	243	303	291	6.68e-172	476
NODE_16_length_407545_cov_35.0.g2947.t1	XP_664178.2	100	698	698	698	0.0	1244
NODE_16_length_407545_cov_35.0.g2948.t1	XP_664179.1	100	573	573	573	0.0	965
NODE_16_length_407545_cov_35.0.g2949.t1	XP_868911.2	100	308	308	308	2.92e-233	632
NODE_16_length_407545_cov_35.0.g2950.t1	XP_050467123.1	100	467	473	472	0.0	877
NODE_16_length_407545_cov_35.0.g2951.t1	XP_664180.1	100	178	178	178	4.33e-134	370
NODE_16_length_407545_cov_35.0.g2952.t1	XP_664181.1	100	700	700	700	0.0	1363
NODE_16_length_407545_cov_35.0.g2953.t1	XP_664182.1	99.8	442	473	476	0.0	872
NODE_16_length_407545_cov_35.0.g2954.t1	XP_664183.1	99.3	459	474	464	0.0	891
NODE_16_length_407545_cov_35.0.g2955.t1	XP_664184.1	98.9	179	240	255	2.98e-120	341
NODE_16_length_407545_cov_35.0.g2956.t1	XP_664185.1	100	1517	1517	1517	0.0	2986
NODE_16_length_407545_cov_35.0.g2957.t1	XP_664187.1	85.4	541	1074	523	1.15e-305	855
NODE_16_length_407545_cov_35.0.g2958.t1	XP_664188.1	100	154	154	154	3.06e-111	311
NODE_16_length_407545_cov_35.0.g2959.t1	XP_664189.1	100	949	1225	956	0.0	1636
NODE_16_length_407545_cov_35.0.g2960.t1	XP_664190.1	100	176	205	313	6.42e-107	308
NODE_16_length_407545_cov_35.0.g2961.t1	XP_664191.1	100	849	867	849	0.0	1181
NODE_16_length_407545_cov_35.0.g2962.t1	XP_050467125.1	99.4	177	177	181	1.10e-107	304
NODE_16_length_407545_cov_35.0.g2963.t1	XP_664193.1	100	1065	1068	1067	0.0	2080
NODE_16_length_407545_cov_35.0.g2964.t1	XP_664194.1	100	1570	1570	1570	0.0	3042
NODE_16_length_407545_cov_35.0.g2965.t1	XP_664195.1	100	961	961	961	0.0	1890
NODE_16_length_407545_cov_35.0.g2967.t1	XP_664196.1	100	119	119	119	6.86e-80	229
NODE_16_length_407545_cov_35.0.g2968.t1	XP_664197.1	100	84	111	111	2.36e-56	169
NODE_16_length_407545_cov_35.0.g2969.t1	XP_664198.1	100	407	407	407	4.83e-298	804
NODE_16_length_407545_cov_35.0.g2970.t1	XP_050467126.1	100	275	275	361	1.03e-189	523
NODE_16_length_407545_cov_35.0.g2971.t1	XP_664199.2	99.8	481	490	488	0.0	947
NODE_16_length_407545_cov_35.0.g2972.t1	XP_050467127.1	97.7	778	760	778	0.0	1456
NODE_16_length_407545_cov_35.0.g2973.t1	XP_664201.1	100	452	452	452	2.88e-283	771
NODE_16_length_407545_cov_35.0.g2974.t1	XP_664202.1	100	2070	2070	2070	0.0	3917
NODE_16_length_407545_cov_35.0.g2975.t1	XP_664203.1	100	218	218	277	9.08e-149	413
NODE_16_length_407545_cov_35.0.g2976.t1	XP_050467128.1	100	717	723	740	0.0	1409
NODE_16_length_407545_cov_35.0.g2977.t1	XP_664205.1	100	633	633	633	0.0	1238
NODE_16_length_407545_cov_35.0.g2978.t1	XP_664206.1	99.5	394	392	394	3.15e-280	758
NODE_16_length_407545_cov_35.0.g2979.t1	XP_050467129.1	99.3	459	467	475	9.25e-271	741
NODE_16_length_407545_cov_35.0.g2981.t1	XP_664208.1	100	350	350	350	1.26e-246	669
NODE_16_length_407545_cov_35.0.g2982.t1	XP_050467130.1	100	408	668	408	2.60e-293	803
NODE_16_length_407545_cov_35.0.g2983.t1	XP_664210.1	91.8	816	816	749	0.0	1499
NODE_16_length_407545_cov_35.0.g2984.t1	XP_664211.1	92.7	137	180	137	4.39e-89	255
NODE_16_length_407545_cov_35.0.g2985.t1	XP_664212.1	95.8	834	834	800	0.0	1538
NODE_16_length_407545_cov_35.0.g2986.t1	XP_664213.1	100	620	620	620	0.0	1263
NODE_16_length_407545_cov_35.0.g2987.t1	XP_664214.1	100	199	232	238	6.40e-139	387
NODE_16_length_407545_cov_35.0.g2988.t1	XP_664215.1	96.9	1061	1364	1028	0.0	1992
NODE_16_length_407545_cov_35.0.g2989.t1	XP_664217.1	100	225	229	244	8.78e-149	412
NODE_16_length_407545_cov_35.0.g2990.t1	XP_664218.1	100	1265	1265	1265	0.0	2419
NODE_16_length_407545_cov_35.0.g2991.t1	XP_664219.1	100	1947	1947	1947	0.0	3389
NODE_16_length_407545_cov_35.0.g2992.t1	XP_664220.1	92.1	380	350	380	6.40e-245	666
NODE_16_length_407545_cov_35.0.g2993.t1	XP_664221.1	100	1160	1160	1160	0.0	2028
NODE_16_length_407545_cov_35.0.g2994.t1	XP_050467131.1	100	817	817	817	0.0	1627
NODE_16_length_407545_cov_35.0.g2995.t1	XP_050467132.1	82.1	257	265	285	8.31e-150	418
NODE_16_length_407545_cov_35.0.g2996.t1	XP_664223.2	100	394	394	445	5.84e-289	782
NODE_16_length_407545_cov_35.0.g2998.t1	XP_664224.1	100	363	363	388	6.65e-282	761
NODE_16_length_407545_cov_35.0.g2999.t1	XP_664225.1	100	383	383	383	1.53e-291	786
NODE_16_length_407545_cov_35.0.g3000.t1	XP_050467133.1	95.8	385	385	369	2.45e-260	706
NODE_16_length_407545_cov_35.0.g3001.t1	XP_664227.1	100	559	576	576	0.0	1103
NODE_16_length_407545_cov_35.0.g3002.t1	XP_664228.1	92.3	843	1079	804	0.0	1185
NODE_16_length_407545_cov_35.0.g3003.t1	XP_664229.1	100	1048	1065	1048	0.0	2020
NODE_16_length_407545_cov_35.0.g3004.t1	XP_664230.2	100	212	212	212	3.64e-136	379
NODE_16_length_407545_cov_35.0.g3005.t1	XP_664231.1	100	636	636	636	0.0	1213
NODE_16_length_407545_cov_35.0.g3006.t1	XP_664232.1	100	355	355	355	2.50e-260	704
NODE_16_length_407545_cov_35.0.g3007.t1	XP_664233.1	100	196	201	218	3.51e-137	381
NODE_16_length_407545_cov_35.0.g3008.t1	XP_664234.1	100	203	203	203	5.07e-118	332
NODE_16_length_407545_cov_35.0.g3009.t1	XP_664235.1	100	173	173	173	5.91e-116	324
NODE_16_length_407545_cov_35.0.g3010.t1	XP_664236.1	100	68	68	68	6.93e-43	131
NODE_16_length_407545_cov_35.0.g3011.t1	XP_664238.1	91.0	443	443	438	6.19e-286	776
NODE_16_length_407545_cov_35.0.g3012.t1	XP_664239.1	100	609	609	609	0.0	1267
NODE_16_length_407545_cov_35.0.g3013.t1	XP_664240.1	100	642	642	642	0.0	1276
NODE_16_length_407545_cov_35.0.g3014.t1	XP_050467134.1	100	477	477	502	0.0	946
NODE_16_length_407545_cov_35.0.g3015.t1	XP_664241.2	100	584	584	584	0.0	1153
NODE_16_length_407545_cov_35.0.g3016.t1	XP_664242.1	100	578	578	615	0.0	1199
NODE_16_length_407545_cov_35.0.g3017.t1	XP_664243.2	100	504	504	635	0.0	1004
NODE_16_length_407545_cov_35.0.g3018.t1	XP_664244.1	99.5	421	421	419	1.00e-308	832
NODE_16_length_407545_cov_35.0.g3019.t1	XP_664246.1	100	1066	1066	1066	0.0	2047
NODE_16_length_407545_cov_35.0.g3020.t1	XP_664247.1	100	393	393	393	1.99e-283	766
NODE_16_length_407545_cov_35.0.g3021.t1	XP_664248.1	100	787	787	787	0.0	1592
NODE_16_length_407545_cov_35.0.g3022.t1	XP_664249.2	100	412	412	412	9.47e-303	816
NODE_16_length_407545_cov_35.0.g3023.t1	XP_664250.1	100	310	310	310	5.90e-234	634
NODE_16_length_407545_cov_35.0.g3024.t1	XP_664251.1	100	440	440	440	0.0	889
NODE_16_length_407545_cov_35.0.g3025.t1	XP_664252.1	100	245	248	307	2.10e-185	508
NODE_16_length_407545_cov_35.0.g3026.t1	XP_664253.1	100	672	672	710	0.0	1364
NODE_16_length_407545_cov_35.0.g3027.t1	XP_664254.1	100	460	460	460	0.0	919
NODE_16_length_407545_cov_35.0.g3028.t1	XP_664255.2	100	1109	1109	1118	0.0	2146
NODE_16_length_407545_cov_35.0.g3029.t1	XP_664256.1	96.7	1023	1021	1023	0.0	1972
NODE_16_length_407545_cov_35.0.g3030.t1	XP_050467136.1	100	539	539	539	0.0	1098
NODE_16_length_407545_cov_35.0.g3031.t1	XP_664258.1	100	478	478	478	0.0	983
NODE_16_length_407545_cov_35.0.g3032.t1	XP_664259.1	100	279	279	279	4.16e-198	541
NODE_16_length_407545_cov_35.0.g3033.t1	XP_664260.1	100	514	514	514	0.0	902
NODE_16_length_407545_cov_35.0.g3034.t1	XP_664261.1	100	96	96	96	7.68e-64	186
NODE_16_length_407545_cov_35.0.g3035.t1	XP_664262.1	98.5	536	528	536	0.0	1077
NODE_16_length_407545_cov_35.0.g3036.t1	XP_664263.1	98.9	273	270	273	7.64e-188	514
NODE_16_length_407545_cov_35.0.g3037.t1	XP_664264.1	100	164	164	164	3.24e-120	334
NODE_16_length_407545_cov_35.0.g3038.t1	XP_050467138.1	100	226	232	242	1.66e-176	483
NODE_16_length_407545_cov_35.0.g3040.t1	XP_664266.2	93.7	1155	1161	1233	0.0	2242
NODE_16_length_407545_cov_35.0.g3042.t1	XP_664267.1	100	371	371	712	5.50e-278	764
NODE_16_length_407545_cov_35.0.g3043.t1	XP_664268.1	94.4	450	425	450	4.52e-284	771
NODE_16_length_407545_cov_35.0.g3044.t1	XP_664270.1	100	207	207	253	7.48e-160	440
NODE_16_length_407545_cov_35.0.g3045.t1	XP_050467139.1	100	706	706	706	0.0	1402
NODE_16_length_407545_cov_35.0.g3046.t1	XP_664272.1	99.7	317	317	317	1.45e-233	634
NODE_16_length_407545_cov_35.0.g3047.t1	XP_664273.1	100	534	534	534	0.0	1061
NODE_16_length_407545_cov_35.0.g3049.t1	XP_664274.1	100	345	345	345	2.15e-265	716
NODE_16_length_407545_cov_35.0.g3050.t1	XP_664275.1	100	96	107	144	1.38e-63	188
NODE_16_length_407545_cov_35.0.g3051.t1	XP_664276.1	100	142	148	142	5.51e-103	289
NODE_16_length_407545_cov_35.0.g3052.t1	XP_664277.1	99.8	801	807	831	0.0	1613
NODE_16_length_407545_cov_35.0.g3053.t1	XP_664278.1	97.9	140	140	137	1.86e-91	259
NODE_16_length_407545_cov_35.0.g3054.t1	XP_664279.1	99.9	1173	1173	1173	0.0	2257
NODE_16_length_407545_cov_35.0.g3055.t1	XP_664280.1	100	307	307	307	1.03e-196	540
NODE_16_length_407545_cov_35.0.g3056.t1	XP_050467140.1	100	87	87	151	7.30e-55	165
NODE_16_length_407545_cov_35.0.g3057.t1	XP_664282.1	100	781	841	789	0.0	1557
NODE_16_length_407545_cov_35.0.g3058.t1	XP_050467141.1	89.3	169	169	151	1.02e-101	287
NODE_16_length_407545_cov_35.0.g3059.t1	XP_664284.1	100	489	489	489	0.0	999
NODE_16_length_407545_cov_35.0.g3060.t1	XP_050467142.1	99.3	547	543	547	0.0	894
NODE_16_length_407545_cov_35.0.g3061.t1	XP_664286.1	100	414	414	414	9.24e-311	837
NODE_16_length_407545_cov_35.0.g3062.t1	XP_664287.1	96.6	503	486	503	0.0	980
NODE_16_length_407545_cov_35.0.g3063.t1	XP_050467143.1	99.1	701	701	748	0.0	1370
NODE_16_length_407545_cov_35.0.g3064.t1	XP_664289.1	100	1214	1214	1214	0.0	2367
NODE_16_length_407545_cov_35.0.g3065.t1	XP_050467144.1	100	575	950	575	0.0	1043
NODE_16_length_407545_cov_35.0.g3066.t1	XP_664292.2	99.8	459	520	459	0.0	880
NODE_16_length_407545_cov_35.0.g3067.t1	XP_664293.1	100	280	280	280	7.45e-197	538
NODE_16_length_407545_cov_35.0.g3068.t1	XP_664294.1	96.7	336	336	325	1.06e-226	617
NODE_17_length_407025_cov_33.1.g3071.t1	XP_660424.1	95.9	290	290	285	1.52e-202	553
NODE_17_length_407025_cov_33.1.g3072.t1	XP_050468530.1	100	451	451	451	0.0	883
NODE_17_length_407025_cov_33.1.g3073.t1	XP_050468529.1	100	442	499	449	0.0	875
NODE_17_length_407025_cov_33.1.g3074.t1	XP_660427.1	100	140	140	140	3.56e-101	284
NODE_17_length_407025_cov_33.1.g3076.t1	XP_660428.1	99.0	822	872	1270	0.0	1669
NODE_17_length_407025_cov_33.1.g3077.t1	XP_050468528.1	97.1	452	816	462	0.0	908
NODE_17_length_407025_cov_33.1.g3078.t1	XP_660430.1	100	310	397	396	1.11e-208	577
NODE_17_length_407025_cov_33.1.g3079.t1	XP_660431.1	100	1152	1152	1152	0.0	2207
NODE_17_length_407025_cov_33.1.g3081.t1	XP_660432.1	100	737	737	737	0.0	1464
NODE_17_length_407025_cov_33.1.g3082.t1	XP_660433.1	100	538	538	538	0.0	1076
NODE_17_length_407025_cov_33.1.g3083.t1	XP_660434.1	100	348	348	348	3.34e-275	741
NODE_17_length_407025_cov_33.1.g3084.t1	XP_660435.1	100	496	496	496	0.0	979
NODE_17_length_407025_cov_33.1.g3085.t1	XP_660436.1	93.0	185	185	181	6.58e-118	330
NODE_17_length_407025_cov_33.1.g3087.t1	XP_660438.1	100	250	250	250	6.86e-178	487
NODE_17_length_407025_cov_33.1.g3088.t1	XP_050468523.1	100	436	504	436	0.0	908
NODE_17_length_407025_cov_33.1.g3089.t1	XP_660440.1	92.8	208	254	325	1.88e-136	385
NODE_17_length_407025_cov_33.1.g3091.t1	XP_660441.1	100	453	453	453	0.0	941
NODE_17_length_407025_cov_33.1.g3092.t1	XP_660442.1	100	282	283	366	1.42e-204	561
NODE_17_length_407025_cov_33.1.g3093.t1	XP_660443.2	97.1	659	1106	662	0.0	1266
NODE_17_length_407025_cov_33.1.g3094.t1	XP_660444.2	100	430	430	445	1.41e-310	838
NODE_17_length_407025_cov_33.1.g3095.t1	XP_660445.1	100	500	500	500	0.0	996
NODE_17_length_407025_cov_33.1.g3096.t1	XP_660448.1	88.8	179	163	179	2.19e-73	216
NODE_17_length_407025_cov_33.1.g3097.t1	XP_660449.1	100	113	113	113	7.04e-77	221
NODE_17_length_407025_cov_33.1.g3098.t1	XP_660450.2	87.3	221	221	282	2.53e-134	377
NODE_17_length_407025_cov_33.1.g3099.t1	XP_660451.1	91.4	255	402	255	1.25e-153	432
NODE_17_length_407025_cov_33.1.g3100.t1	XP_050468519.1	100	366	366	366	4.45e-280	755
NODE_17_length_407025_cov_33.1.g3101.t1	XP_050468518.1	95.2	375	403	365	4.31e-244	666
NODE_17_length_407025_cov_33.1.g3102.t1	XP_660454.1	92.5	863	863	799	0.0	1483
NODE_17_length_407025_cov_33.1.g3103.t1	XP_660455.1	100	300	300	300	4.83e-228	618
NODE_17_length_407025_cov_33.1.g3104.t1	XP_050468517.1	100	1018	1018	1018	0.0	1986
NODE_17_length_407025_cov_33.1.g3105.t1	XP_660457.1	100	257	257	257	5.27e-190	518
NODE_17_length_407025_cov_33.1.g3106.t1	XP_660458.1	100	710	710	710	0.0	1363
NODE_17_length_407025_cov_33.1.g3107.t1	XP_660459.1	99.9	678	678	678	0.0	1224
NODE_17_length_407025_cov_33.1.g3108.t1	XP_660460.1	95.4	393	379	393	1.24e-271	736
NODE_17_length_407025_cov_33.1.g3109.t1	XP_660461.1	100	646	693	651	0.0	1205
NODE_17_length_407025_cov_33.1.g3110.t1	XP_660462.2	100	414	414	414	2.37e-313	843
NODE_17_length_407025_cov_33.1.g3111.t1	XP_660463.1	100	335	335	335	4.90e-241	654
NODE_17_length_407025_cov_33.1.g3112.t1	XP_050468516.1	100	360	360	360	1.48e-275	743
NODE_17_length_407025_cov_33.1.g3113.t1	XP_660465.1	100	656	656	656	0.0	1096
NODE_17_length_407025_cov_33.1.g3114.t1	XP_660466.1	100	246	246	246	6.32e-172	472
NODE_17_length_407025_cov_33.1.g3115.t1	XP_050468515.1	100	666	666	666	2.63e-310	857
NODE_17_length_407025_cov_33.1.g3116.t1	XP_660468.1	99.4	476	476	473	0.0	907
NODE_17_length_407025_cov_33.1.g3117.t1	XP_660470.1	100	559	1067	559	0.0	1125
NODE_17_length_407025_cov_33.1.g3118.t1	XP_660471.1	100	556	556	556	0.0	1115
NODE_17_length_407025_cov_33.1.g3119.t1	XP_050468514.1	100	178	178	194	2.87e-129	359
NODE_17_length_407025_cov_33.1.g3120.t1	XP_660472.2	100	600	600	600	0.0	1053
NODE_17_length_407025_cov_33.1.g3121.t1	XP_660473.1	99.5	631	628	631	0.0	1269
NODE_17_length_407025_cov_33.1.g3122.t1	XP_660474.1	100	366	366	366	1.33e-281	759
NODE_17_length_407025_cov_33.1.g3123.t1	XP_660475.1	100	870	870	870	0.0	1428
NODE_17_length_407025_cov_33.1.g3124.t1	XP_660476.1	95.9	338	422	625	1.58e-227	635
NODE_17_length_407025_cov_33.1.g3126.t1	XP_660477.2	90.8	413	413	375	3.35e-269	730
NODE_17_length_407025_cov_33.1.g3128.t1	XP_660478.1	91.9	1426	1373	1365	0.0	2187
NODE_17_length_407025_cov_33.1.g3129.t1	XP_660479.1	100	360	360	360	6.95e-265	716
NODE_17_length_407025_cov_33.1.g3130.t1	XP_050468513.1	100	561	617	561	0.0	1129
NODE_17_length_407025_cov_33.1.g3131.t1	XP_660481.1	100	415	415	415	6.20e-305	822
NODE_17_length_407025_cov_33.1.g3132.t1	XP_660482.1	100	577	580	594	0.0	1165
NODE_17_length_407025_cov_33.1.g3133.t1	XP_660483.1	100	543	543	543	0.0	1082
NODE_17_length_407025_cov_33.1.g3134.t1	XP_660484.1	100	941	1077	1033	0.0	1885
NODE_17_length_407025_cov_33.1.g3135.t1	XP_050468512.1	100	441	441	441	0.0	900
NODE_17_length_407025_cov_33.1.g3136.t1	XP_660486.1	100	368	368	368	6.61e-258	699
NODE_17_length_407025_cov_33.1.g3137.t1	XP_660487.1	100	358	358	358	1.35e-229	627
NODE_17_length_407025_cov_33.1.g3138.t1	XP_660488.1	93.1	525	489	525	0.0	954
NODE_17_length_407025_cov_33.1.g3139.t1	XP_660489.1	100	106	106	106	6.74e-65	190
NODE_17_length_407025_cov_33.1.g3140.t1	XP_660490.1	100	238	238	238	6.99e-156	431
NODE_17_length_407025_cov_33.1.g3141.t1	XP_050468511.1	100	1285	1285	1329	0.0	2042
NODE_17_length_407025_cov_33.1.g3142.t1	XP_660492.1	100	365	365	365	1.10e-259	704
NODE_17_length_407025_cov_33.1.g3143.t1	XP_660493.1	100	843	843	843	0.0	1619
NODE_17_length_407025_cov_33.1.g3144.t1	XP_660494.1	100	500	500	500	0.0	994
NODE_17_length_407025_cov_33.1.g3145.t1	XP_660495.1	100	250	250	250	1.76e-180	494
NODE_17_length_407025_cov_33.1.g3146.t1	XP_660496.1	100	525	525	525	0.0	1009
NODE_17_length_407025_cov_33.1.g3148.t1	XP_660497.1	100	351	351	351	1.47e-188	523
NODE_17_length_407025_cov_33.1.g3149.t1	XP_660498.1	100	90	125	125	6.46e-49	151
NODE_17_length_407025_cov_33.1.g3150.t1	XP_050468510.1	100	1115	1115	1478	0.0	2155
NODE_17_length_407025_cov_33.1.g3152.t1	XP_660500.1	100	305	305	305	3.74e-214	583
NODE_17_length_407025_cov_33.1.g3153.t1	XP_660501.1	100	1047	1047	1047	0.0	2099
NODE_17_length_407025_cov_33.1.g3154.t1	XP_660502.1	100	866	872	873	0.0	1573
NODE_17_length_407025_cov_33.1.g3155.t1	XP_660503.1	100	495	495	495	0.0	899
NODE_17_length_407025_cov_33.1.g3156.t1	XP_660504.1	100	602	602	602	0.0	1158
NODE_17_length_407025_cov_33.1.g3157.t1	XP_660505.1	98.4	319	584	324	1.98e-229	635
NODE_17_length_407025_cov_33.1.g3158.t1	XP_660506.1	100	829	829	829	0.0	1577
NODE_17_length_407025_cov_33.1.g3159.t1	XP_660507.1	100	394	394	394	4.41e-292	788
NODE_17_length_407025_cov_33.1.g3160.t1	XP_050468509.1	100	422	422	422	4.19e-286	775
NODE_17_length_407025_cov_33.1.g3161.t1	XP_660509.2	100	980	980	980	0.0	1910
NODE_17_length_407025_cov_33.1.g3162.t1	XP_660510.1	100	198	198	198	8.46e-135	374
NODE_17_length_407025_cov_33.1.g3163.t1	XP_660511.1	100	443	449	448	0.0	876
NODE_17_length_407025_cov_33.1.g3164.t1	XP_660513.1	100	340	340	340	1.93e-245	665
NODE_17_length_407025_cov_33.1.g3165.t1	XP_660514.1	100	124	148	133	6.66e-84	241
NODE_17_length_407025_cov_33.1.g3166.t1	XP_050468508.1	99.7	390	398	485	5.39e-238	655
NODE_17_length_407025_cov_33.1.g3167.t1	XP_050468505.1	94.9	98	148	136	1.05e-60	182
NODE_17_length_407025_cov_33.1.g3168.t1	XP_660517.2	100	267	267	267	9.50e-198	539
NODE_17_length_407025_cov_33.1.g3169.t1	XP_660518.2	100	463	463	463	0.0	914
NODE_17_length_407025_cov_33.1.g3170.t1	XP_660519.1	99.4	354	432	428	1.39e-249	684
NODE_17_length_407025_cov_33.1.g3171.t1	XP_050468504.1	100	647	647	647	0.0	1300
NODE_17_length_407025_cov_33.1.g3172.t1	XP_660521.1	98.2	443	439	443	1.18e-313	847
NODE_17_length_407025_cov_33.1.g3173.t1	XP_050468503.1	100	536	536	536	0.0	998
NODE_17_length_407025_cov_33.1.g3174.t1	XP_660523.1	100	698	698	698	0.0	1296
NODE_17_length_407025_cov_33.1.g3175.t1	XP_660525.1	100	437	437	437	0.0	894
NODE_17_length_407025_cov_33.1.g3176.t1	XP_660526.1	99.6	232	261	319	1.12e-154	432
NODE_17_length_407025_cov_33.1.g3177.t1	XP_660527.1	94.9	332	388	339	9.77e-233	635
NODE_17_length_407025_cov_33.1.g3178.t1	XP_660528.1	93.0	1048	1048	984	0.0	1893
NODE_17_length_407025_cov_33.1.g3179.t1	XP_660529.2	100	1476	1476	1476	0.0	2758
NODE_17_length_407025_cov_33.1.g3180.t1	XP_660530.1	92.2	282	261	282	1.34e-174	481
NODE_17_length_407025_cov_33.1.g3182.t1	XP_660531.1	100	806	806	828	0.0	1507
NODE_17_length_407025_cov_33.1.g3183.t1	XP_660532.1	100	730	730	730	0.0	954
NODE_17_length_407025_cov_33.1.g3184.t1	XP_050468502.1	52.9	469	411	472	4.14e-111	333
NODE_17_length_407025_cov_33.1.g3185.t1	XP_660534.1	96.1	232	232	229	5.87e-158	435
NODE_17_length_407025_cov_33.1.g3186.t1	XP_660535.1	100	445	445	445	9.19e-251	688
NODE_17_length_407025_cov_33.1.g3187.t1	XP_050468500.1	100	398	398	398	1.07e-285	772
NODE_17_length_407025_cov_33.1.g3188.t1	XP_660537.1	100	340	494	384	2.71e-259	709
NODE_17_length_407025_cov_33.1.g3189.t1	XP_050468499.1	100	254	254	254	3.87e-124	352
NODE_17_length_407025_cov_33.1.g3190.t1	XP_050468498.1	100	1095	1095	1095	0.0	2265
NODE_17_length_407025_cov_33.1.g3191.t1	XP_660541.1	100	519	519	519	0.0	1027
NODE_17_length_407025_cov_33.1.g3192.t1	XP_660542.1	93.5	307	292	375	2.33e-203	558
NODE_17_length_407025_cov_33.1.g3193.t1	XP_660543.1	100	543	543	543	0.0	997
NODE_17_length_407025_cov_33.1.g3194.t1	XP_660544.1	100	506	506	506	0.0	996
NODE_17_length_407025_cov_33.1.g3195.t1	XP_660545.1	95.0	479	479	455	0.0	911
NODE_17_length_407025_cov_33.1.g3196.t1	XP_660546.1	96.8	253	253	245	4.18e-174	478
NODE_17_length_407025_cov_33.1.g3197.t1	XP_660547.2	95.5	469	469	448	0.0	894
NODE_17_length_407025_cov_33.1.g3198.t1	XP_660548.1	100	739	739	739	0.0	1368
NODE_17_length_407025_cov_33.1.g3200.t1	XP_050468493.1	100	906	906	906	0.0	1838
NODE_17_length_407025_cov_33.1.g3201.t1	XP_050468492.1	87.9	630	630	554	0.0	1058
NODE_17_length_407025_cov_33.1.g3202.t1	XP_660552.1	100	268	268	268	1.41e-204	556
NODE_17_length_407025_cov_33.1.g3203.t1	XP_660553.1	100	236	236	236	1.33e-168	462
NODE_18_length_406959_cov_35.9.g3204.t1	XP_050468172.1	95.0	1269	1269	1205	0.0	2325
NODE_18_length_406959_cov_35.9.g3205.t1	XP_663400.2	100	396	396	396	4.94e-290	783
NODE_18_length_406959_cov_35.9.g3207.t1	XP_663399.1	100	1220	1220	1220	0.0	2316
NODE_18_length_406959_cov_35.9.g3208.t1	XP_050468175.1	99.9	694	940	694	0.0	1365
NODE_18_length_406959_cov_35.9.g3209.t1	XP_663397.1	100	298	298	298	9.49e-209	569
NODE_18_length_406959_cov_35.9.g3210.t1	XP_050468177.1	100	197	197	253	7.44e-146	404
NODE_18_length_406959_cov_35.9.g3211.t1	XP_663395.1	100	128	128	128	7.14e-59	176
NODE_18_length_406959_cov_35.9.g3212.t1	XP_663394.2	100	386	386	439	7.76e-279	756
NODE_18_length_406959_cov_35.9.g3213.t1	XP_663393.1	100	279	279	279	3.32e-204	556
NODE_18_length_406959_cov_35.9.g3214.t1	XP_663392.2	92.8	235	235	218	1.17e-153	424
NODE_18_length_406959_cov_35.9.g3215.t1	XP_663391.2	94.6	1393	1368	1411	0.0	2462
NODE_18_length_406959_cov_35.9.g3216.t1	XP_663390.1	98.6	717	717	707	0.0	1388
NODE_18_length_406959_cov_35.9.g3217.t1	XP_663389.1	100	258	258	258	1.96e-181	497
NODE_18_length_406959_cov_35.9.g3218.t1	XP_663388.1	100	261	261	261	1.57e-193	528
NODE_18_length_406959_cov_35.9.g3220.t1	XP_663386.1	100	289	289	289	8.88e-214	581
NODE_18_length_406959_cov_35.9.g3221.t1	XP_050468180.1	100	205	205	205	2.74e-148	409
NODE_18_length_406959_cov_35.9.g3222.t1	XP_663383.2	100	188	188	188	1.22e-129	360
NODE_18_length_406959_cov_35.9.g3223.t1	XP_663381.1	100	404	791	404	1.75e-304	837
NODE_18_length_406959_cov_35.9.g3224.t1	XP_663380.1	99.5	1208	1202	1208	0.0	2171
NODE_18_length_406959_cov_35.9.g3225.t1	XP_663379.2	88.0	375	361	679	3.58e-232	646
NODE_18_length_406959_cov_35.9.g3226.t1	XP_050468183.1	100	1899	1899	1899	0.0	3679
NODE_18_length_406959_cov_35.9.g3227.t1	XP_050468184.1	98.2	1415	1389	1415	0.0	2741
NODE_18_length_406959_cov_35.9.g3228.t1	XP_050468185.1	97.7	622	934	661	0.0	1206
NODE_18_length_406959_cov_35.9.g3229.t1	XP_663376.2	100	270	270	270	2.01e-205	558
NODE_18_length_406959_cov_35.9.g3230.t1	XP_050468187.1	100	211	211	211	5.12e-131	365
NODE_18_length_406959_cov_35.9.g3231.t1	XP_663375.1	100	158	158	158	1.74e-103	291
NODE_18_length_406959_cov_35.9.g3232.t1	XP_050468188.1	100	392	392	392	4.25e-273	740
NODE_18_length_406959_cov_35.9.g3233.t1	XP_050468189.1	98.9	267	437	338	2.98e-181	507
NODE_18_length_406959_cov_35.9.g3234.t1	XP_663372.1	100	275	275	275	1.92e-201	549
NODE_18_length_406959_cov_35.9.g3235.t1	XP_050468190.1	100	250	318	267	5.39e-160	446
NODE_18_length_406959_cov_35.9.g3236.t1	XP_050468191.1	97.3	549	720	548	0.0	1082
NODE_18_length_406959_cov_35.9.g3237.t1	XP_663368.1	100	772	772	772	0.0	1328
NODE_18_length_406959_cov_35.9.g3238.t1	XP_050468193.1	91.2	523	483	546	0.0	911
NODE_18_length_406959_cov_35.9.g3239.t1	XP_663366.1	95.4	195	187	195	3.33e-80	235
NODE_18_length_406959_cov_35.9.g3240.t1	XP_663365.1	79.3	213	213	169	4.52e-109	308
NODE_18_length_406959_cov_35.9.g3241.t1	XP_050468194.1	100	446	446	446	0.0	888
NODE_18_length_406959_cov_35.9.g3242.t1	XP_663363.1	98.1	901	901	884	0.0	1560
NODE_18_length_406959_cov_35.9.g3243.t1	XP_663362.1	94.3	458	458	432	2.60e-278	758
NODE_18_length_406959_cov_35.9.g3244.t1	XP_663361.1	100	444	445	444	0.0	889
NODE_18_length_406959_cov_35.9.g3245.t1	XP_663359.1	100	362	362	362	2.62e-245	667
NODE_18_length_406959_cov_35.9.g3246.t1	XP_050468199.1	100	564	564	564	0.0	1073
NODE_18_length_406959_cov_35.9.g3247.t1	XP_663357.1	100	120	120	120	4.11e-86	244
NODE_18_length_406959_cov_35.9.g3248.t1	XP_663356.1	100	265	265	265	1.69e-190	520
NODE_18_length_406959_cov_35.9.g3249.t1	XP_663355.1	97.1	444	444	519	3.39e-317	859
NODE_18_length_406959_cov_35.9.g3250.t1	XP_663354.1	100	495	495	495	0.0	966
NODE_18_length_406959_cov_35.9.g3251.t1	XP_663353.1	100	424	424	424	6.94e-302	815
NODE_18_length_406959_cov_35.9.g3252.t1	XP_663352.1	100	708	708	708	0.0	1444
NODE_18_length_406959_cov_35.9.g3253.t1	XP_050468200.1	100	393	393	393	6.37e-280	757
NODE_18_length_406959_cov_35.9.g3254.t1	XP_663350.1	100	438	438	438	1.15e-319	862
NODE_18_length_406959_cov_35.9.g3255.t1	XP_663349.2	100	265	265	265	5.28e-125	355
NODE_18_length_406959_cov_35.9.g3256.t1	XP_050468201.1	100	270	270	270	3.89e-178	489
NODE_18_length_406959_cov_35.9.g3257.t1	XP_663347.2	100	1006	1006	1006	0.0	1915
NODE_18_length_406959_cov_35.9.g3258.t1	XP_663346.1	96.8	474	474	459	0.0	897
NODE_18_length_406959_cov_35.9.g3259.t1	XP_663345.1	100	363	412	363	2.55e-263	715
NODE_18_length_406959_cov_35.9.g3260.t1	XP_663344.1	100	193	193	193	3.24e-141	390
NODE_18_length_406959_cov_35.9.g3261.t1	XP_663343.1	94.3	818	818	804	0.0	1461
NODE_18_length_406959_cov_35.9.g3262.t1	XP_050468202.1	99.3	278	278	398	1.16e-207	570
NODE_18_length_406959_cov_35.9.g3263.t1	XP_050468203.1	100	253	253	253	3.15e-180	493
NODE_18_length_406959_cov_35.9.g3264.t1	XP_663340.1	100	301	301	301	2.25e-213	581
NODE_18_length_406959_cov_35.9.g3265.t1	XP_663339.1	98.7	870	870	860	0.0	1649
NODE_18_length_406959_cov_35.9.g3266.t1	XP_663338.1	100	524	524	524	0.0	1046
NODE_18_length_406959_cov_35.9.g3267.t1	XP_663337.1	86.5	564	649	518	0.0	988
NODE_18_length_406959_cov_35.9.g3268.t1	XP_663336.1	100	437	437	437	3.27e-318	858
NODE_18_length_406959_cov_35.9.g3269.t1	XP_663335.1	100	410	410	410	3.59e-306	825
NODE_18_length_406959_cov_35.9.g3270.t1	XP_663334.2	100	908	908	918	0.0	1687
NODE_18_length_406959_cov_35.9.g3271.t1	XP_663333.1	77.4	190	169	175	4.78e-94	269
NODE_18_length_406959_cov_35.9.g3272.t1	XP_663332.1	100	1202	1204	1202	0.0	2276
NODE_18_length_406959_cov_35.9.g3273.t1	XP_663331.1	98.3	346	350	369	3.18e-256	694
NODE_18_length_406959_cov_35.9.g3274.t1	XP_663330.1	100	730	730	730	0.0	1292
NODE_18_length_406959_cov_35.9.g3275.t1	XP_663329.1	100	585	586	585	0.0	1122
NODE_18_length_406959_cov_35.9.g3276.t1	XP_663328.1	100	267	267	329	2.00e-191	525
NODE_18_length_406959_cov_35.9.g3277.t1	XP_663327.1	100	335	335	390	2.19e-255	692
NODE_18_length_406959_cov_35.9.g3278.t1	XP_663326.1	100	596	596	596	0.0	1108
NODE_18_length_406959_cov_35.9.g3279.t1	XP_663325.1	100	730	730	730	0.0	1419
NODE_18_length_406959_cov_35.9.g3280.t1	XP_050468204.1	100	318	318	318	3.29e-235	638
NODE_18_length_406959_cov_35.9.g3281.t1	XP_663323.1	100	109	109	109	5.73e-47	145
NODE_18_length_406959_cov_35.9.g3282.t1	XP_663322.1	100	440	440	440	1.20e-301	816
NODE_18_length_406959_cov_35.9.g3283.t1	XP_663321.1	100	1095	1095	1095	0.0	1962
NODE_18_length_406959_cov_35.9.g3284.t1	XP_663320.1	100	606	606	666	0.0	1102
NODE_18_length_406959_cov_35.9.g3285.t1	XP_663319.1	100	119	119	119	3.02e-83	237
NODE_18_length_406959_cov_35.9.g3286.t1	XP_663318.1	100	807	807	807	0.0	1595
NODE_18_length_406959_cov_35.9.g3288.t1	XP_663317.1	96.4	584	584	563	0.0	1061
NODE_18_length_406959_cov_35.9.g3289.t1	XP_663316.2	96.7	396	403	438	2.01e-276	751
NODE_18_length_406959_cov_35.9.g3290.t1	XP_663315.2	100	370	370	370	2.88e-253	688
NODE_18_length_406959_cov_35.9.g3291.t1	XP_663314.2	100	626	626	626	0.0	1200
NODE_18_length_406959_cov_35.9.g3292.t1	XP_663313.1	98.5	539	539	537	0.0	926
NODE_18_length_406959_cov_35.9.g3293.t1	XP_663312.1	100	425	425	425	7.32e-309	833
NODE_18_length_406959_cov_35.9.g3294.t1	XP_050468205.1	100	274	274	285	4.42e-200	546
NODE_18_length_406959_cov_35.9.g3295.t1	XP_050468206.1	100	405	405	405	2.63e-310	835
NODE_18_length_406959_cov_35.9.g3296.t1	XP_663310.2	100	378	378	378	4.84e-281	759
NODE_18_length_406959_cov_35.9.g3297.t1	XP_663309.1	100	353	353	353	3.80e-254	689
NODE_18_length_406959_cov_35.9.g3298.t1	XP_663308.1	100	137	137	137	6.43e-89	253
NODE_18_length_406959_cov_35.9.g3299.t1	XP_663307.2	100	224	224	224	8.45e-141	391
NODE_18_length_406959_cov_35.9.g3300.t1	XP_663306.1	100	525	951	525	4.62e-283	793
NODE_18_length_406959_cov_35.9.g3301.t1	XP_663304.1	100	199	199	199	5.78e-147	405
NODE_18_length_406959_cov_35.9.g3302.t1	XP_663302.1	100	413	413	413	1.01e-293	794
NODE_18_length_406959_cov_35.9.g3303.t1	XP_663301.2	100	391	391	391	2.42e-283	766
NODE_18_length_406959_cov_35.9.g3305.t1	XP_050468207.1	100	567	567	567	0.0	1107
NODE_18_length_406959_cov_35.9.g3306.t1	XP_663299.1	100	336	336	336	1.14e-260	704
NODE_18_length_406959_cov_35.9.g3307.t1	XP_663298.1	99.9	694	694	694	0.0	1296
NODE_18_length_406959_cov_35.9.g3308.t1	XP_663297.1	100	135	135	135	2.74e-89	254
NODE_18_length_406959_cov_35.9.g3309.t1	XP_050468208.1	99.2	627	627	627	0.0	1036
NODE_18_length_406959_cov_35.9.g3310.t1	XP_663295.2	100	397	397	573	2.66e-287	783
NODE_18_length_406959_cov_35.9.g3311.t1	XP_663294.1	100	668	668	668	0.0	1391
NODE_18_length_406959_cov_35.9.g3312.t1	XP_663293.1	100	667	667	667	0.0	1340
NODE_18_length_406959_cov_35.9.g3313.t1	XP_663292.1	100	517	517	517	0.0	1063
NODE_18_length_406959_cov_35.9.g3314.t1	XP_663291.1	100	411	411	411	1.25e-286	776
NODE_18_length_406959_cov_35.9.g3315.t1	XP_663290.1	93.5	154	154	161	2.32e-71	210
NODE_18_length_406959_cov_35.9.g3316.t1	XP_663289.1	100	221	221	221	2.13e-121	342
NODE_18_length_406959_cov_35.9.g3317.t1	XP_663288.1	100	282	282	289	8.86e-194	530
NODE_18_length_406959_cov_35.9.g3318.t1	XP_663287.1	98.9	266	322	293	1.18e-147	416
NODE_18_length_406959_cov_35.9.g3319.t1	XP_663286.1	100	401	401	401	2.93e-305	822
NODE_18_length_406959_cov_35.9.g3320.t1	XP_663285.1	100	373	373	373	6.25e-270	730
NODE_18_length_406959_cov_35.9.g3321.t1	XP_663284.1	100	320	417	320	5.39e-219	601
NODE_18_length_406959_cov_35.9.g3322.t1	XP_663282.2	100	565	645	588	0.0	1115
NODE_18_length_406959_cov_35.9.g3323.t1	XP_663281.1	99.1	897	897	890	0.0	1647
NODE_18_length_406959_cov_35.9.g3324.t1	XP_663280.1	94.5	637	637	612	0.0	1102
NODE_18_length_406959_cov_35.9.g3325.t1	XP_663279.1	100	521	521	521	0.0	1014
NODE_18_length_406959_cov_35.9.g3326.t1	XP_663278.1	95.3	679	657	672	0.0	1206
NODE_18_length_406959_cov_35.9.g3328.t1	XP_663276.2	100	425	425	425	0.0	885
NODE_18_length_406959_cov_35.9.g3329.t1	XP_050468210.1	100	828	828	828	0.0	1562
NODE_18_length_406959_cov_35.9.g3330.t1	XP_663274.1	100	197	197	197	7.59e-142	392
NODE_18_length_406959_cov_35.9.g3331.t1	XP_050468211.1	100	1111	1291	1111	0.0	2123
NODE_18_length_406959_cov_35.9.g3332.t1	XP_050468212.1	94.7	492	492	519	0.0	901
NODE_18_length_406959_cov_35.9.g3333.t1	XP_663272.2	100	375	375	375	8.65e-230	629
NODE_18_length_406959_cov_35.9.g3334.t1	XP_663271.1	99.9	691	691	691	0.0	1266
NODE_18_length_406959_cov_35.9.g3335.t1	XP_050468214.1	100	319	418	330	3.70e-238	650
NODE_18_length_406959_cov_35.9.g3336.t1	XP_663269.1	100	516	516	516	0.0	1063
NODE_18_length_406959_cov_35.9.g3337.t1	XP_663268.1	99.2	371	369	371	2.69e-258	701
NODE_18_length_406959_cov_35.9.g3338.t1	XP_663267.1	100	526	526	526	0.0	1047
NODE_18_length_406959_cov_35.9.g3339.t1	XP_663266.1	100	722	722	722	0.0	1472
NODE_18_length_406959_cov_35.9.g3340.t1	XP_050468216.1	98.2	219	427	231	7.10e-151	426
NODE_18_length_406959_cov_35.9.g3341.t1	XP_663264.1	100	280	280	280	5.31e-158	439
NODE_18_length_406959_cov_35.9.g3342.t1	XP_663263.1	100	299	343	314	2.48e-199	548
NODE_18_length_406959_cov_35.9.g3343.t1	XP_663262.1	100	606	606	606	0.0	1207
NODE_18_length_406959_cov_35.9.g3344.t1	XP_663261.2	100	420	420	420	0.0	866
NODE_18_length_406959_cov_35.9.g3345.t1	XP_663260.1	100	568	711	568	0.0	1096
NODE_18_length_406959_cov_35.9.g3346.t1	XP_050468218.1	81.1	560	543	498	3.38e-310	845
NODE_19_length_397641_cov_33.7.g3347.t1	XP_658288.1	100	850	885	850	0.0	1588
NODE_19_length_397641_cov_33.7.g3348.t1	XP_658289.1	100	452	452	452	7.03e-307	830
NODE_19_length_397641_cov_33.7.g3349.t1	XP_658290.1	100	280	280	280	3.39e-193	528
NODE_19_length_397641_cov_33.7.g3351.t1	XP_658291.1	99.3	293	293	292	1.96e-221	601
NODE_19_length_397641_cov_33.7.g3352.t1	XP_050469164.1	100	684	684	684	0.0	1386
NODE_19_length_397641_cov_33.7.g3353.t1	XP_658293.1	100	867	867	867	0.0	1694
NODE_19_length_397641_cov_33.7.g3354.t1	XP_658294.1	97.4	493	493	480	0.0	937
NODE_19_length_397641_cov_33.7.g3355.t1	XP_658295.1	100	136	136	136	9.18e-93	263
NODE_19_length_397641_cov_33.7.g3356.t1	XP_050469163.1	99.3	414	414	412	3.58e-303	818
NODE_19_length_397641_cov_33.7.g3357.t1	XP_658297.2	100	136	136	136	5.32e-92	261
NODE_19_length_397641_cov_33.7.g3358.t1	XP_658298.1	100	245	245	245	1.61e-169	466
NODE_19_length_397641_cov_33.7.g3359.t1	XP_658299.1	100	224	224	224	2.80e-123	347
NODE_19_length_397641_cov_33.7.g3360.t1	XP_050469162.1	100	633	709	666	0.0	1026
NODE_19_length_397641_cov_33.7.g3361.t1	XP_658301.2	100	837	837	837	0.0	1499
NODE_19_length_397641_cov_33.7.g3362.t1	XP_658302.1	100	726	726	726	0.0	986
NODE_19_length_397641_cov_33.7.g3363.t1	XP_658303.1	100	395	395	395	6.49e-290	783
NODE_19_length_397641_cov_33.7.g3364.t1	XP_658304.1	100	754	788	754	0.0	1453
NODE_19_length_397641_cov_33.7.g3365.t1	XP_050469161.1	95.2	351	351	334	7.08e-238	647
NODE_19_length_397641_cov_33.7.g3367.t1	XP_658307.1	99.8	1372	2439	1373	0.0	2749
NODE_19_length_397641_cov_33.7.g3369.t1	XP_658311.1	100	1032	1032	1032	0.0	1992
NODE_19_length_397641_cov_33.7.g3371.t1	XP_658313.1	100	701	701	703	0.0	1340
NODE_19_length_397641_cov_33.7.g3372.t1	XP_658314.1	98.6	213	210	213	5.85e-144	398
NODE_19_length_397641_cov_33.7.g3373.t1	XP_658315.1	100	893	895	1507	0.0	1828
NODE_19_length_397641_cov_33.7.g3375.t1	XP_658316.1	100	845	845	845	0.0	1694
NODE_19_length_397641_cov_33.7.g3376.t1	XP_658317.1	100	533	533	533	0.0	1045
NODE_19_length_397641_cov_33.7.g3377.t1	XP_050469156.1	100	215	215	215	1.31e-135	377
NODE_19_length_397641_cov_33.7.g3378.t1	XP_658319.1	97.7	833	833	833	0.0	1191
NODE_19_length_397641_cov_33.7.g3379.t1	XP_658320.1	100	398	398	535	9.18e-293	796
NODE_19_length_397641_cov_33.7.g3380.t1	XP_658321.1	100	447	447	447	0.0	894
NODE_19_length_397641_cov_33.7.g3381.t1	XP_050469155.1	91.5	695	695	636	0.0	1231
NODE_19_length_397641_cov_33.7.g3382.t1	XP_658323.1	100	324	325	331	1.84e-221	604
NODE_19_length_397641_cov_33.7.g3383.t1	XP_050469154.1	93.8	304	304	285	4.44e-201	550
NODE_19_length_397641_cov_33.7.g3384.t1	XP_658325.1	100	202	202	202	4.21e-146	403
NODE_19_length_397641_cov_33.7.g3385.t1	XP_658326.1	100	145	145	145	1.09e-102	288
NODE_19_length_397641_cov_33.7.g3386.t1	XP_050469153.1	100	285	285	285	1.81e-220	598
NODE_19_length_397641_cov_33.7.g3387.t1	XP_050469152.1	95.1	586	661	587	0.0	1141
NODE_19_length_397641_cov_33.7.g3388.t1	XP_658328.2	100	663	663	663	0.0	1325
NODE_19_length_397641_cov_33.7.g3389.t1	XP_658329.1	100	405	405	405	5.17e-230	632
NODE_19_length_397641_cov_33.7.g3390.t1	XP_658330.1	100	451	451	451	2.51e-288	783
NODE_19_length_397641_cov_33.7.g3391.t1	XP_050469151.1	98.9	1573	1965	1626	0.0	2935
NODE_19_length_397641_cov_33.7.g3392.t1	XP_050469150.1	100	791	791	791	0.0	1564
NODE_19_length_397641_cov_33.7.g3393.t1	XP_658413.1	29.8	1344	1677	1745	1.11e-123	427
NODE_19_length_397641_cov_33.7.g3394.t1	XP_658331.1	100	591	591	591	0.0	994
NODE_19_length_397641_cov_33.7.g3395.t1	XP_658332.1	100	680	680	680	0.0	1033
NODE_19_length_397641_cov_33.7.g3396.t1	XP_658333.2	99.7	600	954	600	0.0	1205
NODE_19_length_397641_cov_33.7.g3397.t1	XP_658334.1	98.2	653	642	653	0.0	1145
NODE_19_length_397641_cov_33.7.g3398.t1	XP_658335.1	100	305	305	305	2.67e-223	607
NODE_19_length_397641_cov_33.7.g3399.t1	XP_050469148.1	92.2	614	614	592	0.0	1099
NODE_19_length_397641_cov_33.7.g3400.t1	XP_050469147.1	100	136	136	136	8.14e-87	248
NODE_19_length_397641_cov_33.7.g3401.t1	XP_050469146.1	100	103	103	103	9.71e-68	197
NODE_19_length_397641_cov_33.7.g3402.t1	XP_658340.1	100	247	247	247	1.63e-179	491
NODE_19_length_397641_cov_33.7.g3403.t1	XP_681240.1	37.0	341	388	665	1.57e-74	243
NODE_19_length_397641_cov_33.7.g3405.t1	XP_658343.1	100	486	486	486	0.0	921
NODE_19_length_397641_cov_33.7.g3406.t1	XP_658344.1	100	479	479	479	0.0	976
NODE_19_length_397641_cov_33.7.g3407.t1	XP_658345.1	100	326	326	326	1.84e-236	642
NODE_19_length_397641_cov_33.7.g3408.t1	XP_050469145.1	96.3	730	758	791	0.0	1382
NODE_19_length_397641_cov_33.7.g3409.t1	XP_658347.1	100	168	168	173	1.63e-123	343
NODE_19_length_397641_cov_33.7.g3410.t1	XP_050469143.1	93.4	497	497	472	0.0	916
NODE_19_length_397641_cov_33.7.g3411.t1	XP_050469142.1	100	317	317	317	1.87e-181	502
NODE_19_length_397641_cov_33.7.g3412.t1	XP_658350.1	100	321	321	321	3.67e-229	623
NODE_19_length_397641_cov_33.7.g3413.t1	XP_658351.1	100	479	479	479	0.0	923
NODE_19_length_397641_cov_33.7.g3414.t1	XP_658352.1	99.1	333	336	413	1.26e-237	649
NODE_19_length_397641_cov_33.7.g3415.t1	XP_658354.1	100	1085	1085	1479	0.0	1995
NODE_19_length_397641_cov_33.7.g3418.t1	XP_658355.1	100	544	544	544	0.0	1058
NODE_19_length_397641_cov_33.7.g3419.t1	XP_658356.1	100	235	235	235	1.91e-172	472
NODE_19_length_397641_cov_33.7.g3420.t1	XP_658357.1	100	484	484	484	2.89e-313	849
NODE_19_length_397641_cov_33.7.g3421.t1	XP_658358.1	100	64	114	114	2.49e-24	88.2
NODE_19_length_397641_cov_33.7.g3422.t1	XP_658359.1	100	200	200	200	8.80e-138	382
NODE_19_length_397641_cov_33.7.g3423.t1	XP_658360.1	96.6	1013	1007	985	0.0	2003
NODE_19_length_397641_cov_33.7.g3424.t1	XP_050469141.1	99.9	873	874	990	0.0	1729
NODE_19_length_397641_cov_33.7.g3425.t1	XP_658362.1	94.6	496	479	496	0.0	960
NODE_19_length_397641_cov_33.7.g3426.t1	XP_658363.1	100	131	131	131	1.49e-100	282
NODE_19_length_397641_cov_33.7.g3428.t1	XP_658365.1	98.1	413	405	413	3.94e-298	805
NODE_19_length_397641_cov_33.7.g3429.t1	XP_658366.1	97.0	755	755	732	0.0	1287
NODE_19_length_397641_cov_33.7.g3430.t1	XP_658367.1	85.1	1230	1224	1125	0.0	1959
NODE_19_length_397641_cov_33.7.g3431.t1	XP_658368.1	100	329	329	329	1.48e-248	672
NODE_19_length_397641_cov_33.7.g3432.t1	XP_658369.1	100	343	343	343	4.79e-252	682
NODE_19_length_397641_cov_33.7.g3433.t1	XP_658370.1	100	661	661	661	0.0	1177
NODE_19_length_397641_cov_33.7.g3434.t1	XP_658371.1	100	136	136	136	1.56e-75	219
NODE_19_length_397641_cov_33.7.g3435.t1	XP_658372.1	100	492	492	492	0.0	956
NODE_19_length_397641_cov_33.7.g3436.t1	XP_050469140.1	100	443	639	447	0.0	889
NODE_19_length_397641_cov_33.7.g3437.t1	XP_658374.1	100	512	512	512	0.0	942
NODE_19_length_397641_cov_33.7.g3438.t1	XP_658375.1	100	1499	1499	1499	0.0	2965
NODE_19_length_397641_cov_33.7.g3439.t1	XP_050469138.1	100	251	251	251	4.29e-177	485
NODE_19_length_397641_cov_33.7.g3440.t1	XP_050469137.1	99.3	738	738	733	0.0	1454
NODE_19_length_397641_cov_33.7.g3441.t1	XP_658377.1	100	627	627	627	0.0	1256
NODE_19_length_397641_cov_33.7.g3442.t1	XP_658378.1	100	400	400	400	6.04e-293	791
NODE_19_length_397641_cov_33.7.g3443.t1	XP_658379.1	100	327	327	327	1.98e-236	642
NODE_19_length_397641_cov_33.7.g3444.t1	XP_050469136.1	100	420	690	435	8.16e-293	804
NODE_19_length_397641_cov_33.7.g3445.t1	XP_658382.1	99.7	301	301	306	7.90e-146	410
NODE_19_length_397641_cov_33.7.g3446.t1	XP_050469135.1	81.0	964	964	781	0.0	1469
NODE_19_length_397641_cov_33.7.g3447.t1	XP_658384.1	100	437	437	437	0.0	886
NODE_19_length_397641_cov_33.7.g3448.t1	XP_658385.1	100	905	905	905	0.0	1758
NODE_19_length_397641_cov_33.7.g3449.t1	XP_658386.1	100	1139	1139	1139	0.0	1915
NODE_19_length_397641_cov_33.7.g3450.t1	XP_050469134.1	90.1	573	573	533	0.0	998
NODE_19_length_397641_cov_33.7.g3451.t1	XP_658388.1	100	281	281	281	8.63e-192	525
NODE_19_length_397641_cov_33.7.g3452.t1	XP_658389.1	100	213	213	213	8.45e-156	428
NODE_19_length_397641_cov_33.7.g3453.t1	XP_050469133.1	100	505	505	505	0.0	1031
NODE_19_length_397641_cov_33.7.g3454.t1	XP_658392.1	100	313	313	313	2.42e-239	648
NODE_19_length_397641_cov_33.7.g3455.t1	XP_050469130.1	100	417	417	484	2.66e-296	803
NODE_19_length_397641_cov_33.7.g3456.t1	XP_050469129.1	100	306	323	323	4.32e-124	357
NODE_19_length_397641_cov_33.7.g3457.t1	XP_658396.1	97.8	646	646	635	0.0	1261
NODE_19_length_397641_cov_33.7.g3459.t1	XP_658398.1	100	287	287	287	2.34e-153	428
NODE_19_length_397641_cov_33.7.g3460.t1	XP_658399.1	100	133	133	133	3.02e-67	198
NODE_19_length_397641_cov_33.7.g3461.t1	XP_658400.1	100	286	286	286	1.16e-171	474
NODE_19_length_397641_cov_33.7.g3462.t1	XP_658401.1	100	867	867	867	0.0	1654
NODE_19_length_397641_cov_33.7.g3463.t1	XP_658402.1	100	291	291	291	6.25e-215	584
NODE_19_length_397641_cov_33.7.g3464.t1	XP_658403.1	100	797	797	797	0.0	1606
NODE_19_length_397641_cov_33.7.g3465.t1	XP_658404.1	100	800	800	800	0.0	1599
NODE_19_length_397641_cov_33.7.g3466.t1	XP_050469127.1	95.4	586	568	578	0.0	1103
NODE_19_length_397641_cov_33.7.g3467.t1	XP_658406.1	100	730	730	730	0.0	1388
NODE_19_length_397641_cov_33.7.g3468.t1	XP_658407.1	100	1066	1132	1066	0.0	1954
NODE_19_length_397641_cov_33.7.g3469.t1	XP_050469126.1	100	235	288	235	6.82e-173	476
NODE_19_length_397641_cov_33.7.g3470.t1	XP_658409.1	100	276	276	276	1.10e-98	289
NODE_19_length_397641_cov_33.7.g3471.t1	XP_658410.1	100	360	360	360	3.45e-265	717
NODE_19_length_397641_cov_33.7.g3472.t1	XP_658411.2	89.9	395	395	374	1.29e-268	728
NODE_19_length_397641_cov_33.7.g3473.t1	XP_658412.1	100	477	477	477	0.0	938
NODE_19_length_397641_cov_33.7.g3474.t1	XP_658413.1	100	1567	1745	1745	0.0	3084
NODE_19_length_397641_cov_33.7.g3475.t1	XP_658414.1	100	1121	1121	1121	0.0	2131
NODE_19_length_397641_cov_33.7.g3476.t1	XP_658415.1	98.3	520	512	520	0.0	989
NODE_19_length_397641_cov_33.7.g3477.t1	XP_658416.2	100	483	483	483	0.0	1021
NODE_20_length_367305_cov_33.1.g3478.t1	XP_660922.1	96.3	1446	1430	1678	0.0	2758
NODE_20_length_367305_cov_33.1.g3480.t1	XP_660919.1	100	342	383	570	1.83e-250	689
NODE_20_length_367305_cov_33.1.g3481.t1	XP_660917.1	100	403	403	403	1.80e-291	787
NODE_20_length_367305_cov_33.1.g3482.t1	XP_660916.1	94.7	263	263	249	1.46e-173	477
NODE_20_length_367305_cov_33.1.g3484.t1	XP_660914.1	100	220	220	220	1.53e-90	264
NODE_20_length_367305_cov_33.1.g3485.t1	XP_660913.1	98.0	543	548	576	0.0	1120
NODE_20_length_367305_cov_33.1.g3486.t1	XP_660912.1	100	552	552	552	0.0	1108
NODE_20_length_367305_cov_33.1.g3487.t1	XP_660911.1	100	2444	2444	2444	0.0	4995
NODE_20_length_367305_cov_33.1.g3488.t1	XP_660910.1	83.9	583	609	595	0.0	965
NODE_20_length_367305_cov_33.1.g3489.t1	XP_660909.1	100	331	331	331	3.21e-244	662
NODE_20_length_367305_cov_33.1.g3490.t1	XP_050468412.1	84.5	502	523	517	1.01e-292	800
NODE_20_length_367305_cov_33.1.g3491.t1	XP_660907.1	90.8	207	385	211	1.22e-99	293
NODE_20_length_367305_cov_33.1.g3492.t1	XP_660906.1	100	221	407	276	6.20e-158	444
NODE_20_length_367305_cov_33.1.g3493.t1	XP_660905.1	100	510	521	516	0.0	985
NODE_20_length_367305_cov_33.1.g3494.t1	XP_660904.1	100	497	498	622	0.0	989
NODE_20_length_367305_cov_33.1.g3495.t1	XP_660903.1	100	236	236	236	9.39e-169	463
NODE_20_length_367305_cov_33.1.g3496.t1	XP_660902.1	77.5	227	227	176	6.07e-126	352
NODE_20_length_367305_cov_33.1.g3497.t1	XP_660901.1	100	409	409	409	0.0	861
NODE_20_length_367305_cov_33.1.g3498.t1	XP_660900.1	100	162	162	162	1.28e-125	348
NODE_20_length_367305_cov_33.1.g3499.t1	XP_660899.1	100	315	315	315	3.31e-238	645
NODE_20_length_367305_cov_33.1.g3501.t1	XP_660897.2	100	264	264	264	1.18e-185	508
NODE_20_length_367305_cov_33.1.g3503.t1	XP_660895.1	100	457	457	457	0.0	915
NODE_20_length_367305_cov_33.1.g3504.t1	XP_050468414.1	99.0	716	761	859	0.0	1341
NODE_20_length_367305_cov_33.1.g3505.t1	XP_660893.2	100	632	632	657	0.0	1285
NODE_20_length_367305_cov_33.1.g3506.t1	XP_660891.1	100	562	562	562	0.0	1135
NODE_20_length_367305_cov_33.1.g3507.t1	XP_660890.1	99.1	572	567	572	0.0	1111
NODE_20_length_367305_cov_33.1.g3508.t1	XP_660889.2	98.1	414	414	406	4.77e-286	774
NODE_20_length_367305_cov_33.1.g3509.t1	XP_050468416.1	100	357	357	357	3.27e-257	697
NODE_20_length_367305_cov_33.1.g3510.t1	XP_660886.1	100	212	321	304	1.31e-151	426
NODE_20_length_367305_cov_33.1.g3511.t1	XP_050468417.1	100	468	903	506	0.0	957
NODE_20_length_367305_cov_33.1.g3512.t1	XP_660883.1	97.0	304	315	308	7.30e-213	581
NODE_20_length_367305_cov_33.1.g3513.t1	XP_660882.1	99.8	454	489	454	0.0	905
NODE_20_length_367305_cov_33.1.g3514.t1	XP_660881.1	100	341	341	341	7.39e-255	689
NODE_20_length_367305_cov_33.1.g3515.t1	XP_660880.1	100	279	279	279	7.19e-199	543
NODE_20_length_367305_cov_33.1.g3516.t1	XP_050468419.1	90.4	449	414	508	6.82e-288	783
NODE_20_length_367305_cov_33.1.g3517.t1	XP_660878.2	99.6	502	985	509	0.0	995
NODE_20_length_367305_cov_33.1.g3518.t1	XP_660877.1	98.4	1758	2496	1730	0.0	3410
NODE_20_length_367305_cov_33.1.g3519.t1	XP_660876.1	100	568	568	568	0.0	1137
NODE_20_length_367305_cov_33.1.g3520.t1	XP_660875.1	99.4	346	351	427	4.38e-266	722
NODE_20_length_367305_cov_33.1.g3521.t1	XP_660874.1	96.2	546	525	546	0.0	980
NODE_20_length_367305_cov_33.1.g3522.t1	XP_660873.1	96.6	651	629	651	0.0	1246
NODE_20_length_367305_cov_33.1.g3523.t1	XP_660872.2	100	471	471	471	0.0	923
NODE_20_length_367305_cov_33.1.g3524.t1	XP_050468070.1	35.2	341	377	456	8.17e-57	191
NODE_20_length_367305_cov_33.1.g3526.t1	XP_868807.1	32.0	175	155	273	2.39e-21	85.9
NODE_20_length_367305_cov_33.1.g3527.t1	XP_660869.1	98.4	368	362	368	1.11e-268	726
NODE_20_length_367305_cov_33.1.g3528.t1	XP_660868.1	98.0	562	859	571	0.0	1065
NODE_20_length_367305_cov_33.1.g3529.t1	XP_050468421.1	95.4	411	411	392	7.56e-297	801
NODE_20_length_367305_cov_33.1.g3530.t1	XP_660865.1	91.3	415	389	524	2.08e-270	738
NODE_20_length_367305_cov_33.1.g3531.t1	XP_660864.1	97.5	562	802	554	0.0	1063
NODE_20_length_367305_cov_33.1.g3532.t1	XP_660863.1	92.3	466	476	565	7.14e-262	722
NODE_20_length_367305_cov_33.1.g3533.t1	XP_660862.1	96.0	253	254	254	1.82e-159	441
NODE_20_length_367305_cov_33.1.g3534.t1	XP_660861.1	99.4	338	348	392	1.07e-243	664
NODE_20_length_367305_cov_33.1.g3535.t1	XP_660860.1	100	505	537	527	0.0	996
NODE_20_length_367305_cov_33.1.g3536.t1	XP_660859.1	98.0	255	250	327	1.16e-185	510
NODE_20_length_367305_cov_33.1.g3539.t1	XP_660857.1	100	520	520	520	0.0	1062
NODE_20_length_367305_cov_33.1.g3540.t1	XP_660856.1	99.8	968	973	1091	0.0	1923
NODE_20_length_367305_cov_33.1.g3541.t1	XP_660855.1	100	306	306	306	2.58e-226	614
NODE_20_length_367305_cov_33.1.g3542.t1	XP_660854.2	100	384	411	460	3.37e-287	779
NODE_20_length_367305_cov_33.1.g3543.t1	XP_660853.1	97.4	340	340	332	6.15e-231	629
NODE_20_length_367305_cov_33.1.g3544.t1	XP_660852.1	100	480	480	514	0.0	984
NODE_20_length_367305_cov_33.1.g3545.t1	XP_660851.1	98.6	1448	1460	1457	0.0	2845
NODE_20_length_367305_cov_33.1.g3546.t1	XP_660850.1	100	198	198	198	4.08e-151	415
NODE_20_length_367305_cov_33.1.g3547.t1	XP_660848.1	81.0	542	659	553	3.53e-297	819
NODE_20_length_367305_cov_33.1.g3548.t1	XP_660847.1	100	335	335	335	1.88e-254	688
NODE_20_length_367305_cov_33.1.g3549.t1	XP_660845.1	89.1	340	561	355	2.38e-206	577
NODE_20_length_367305_cov_33.1.g3551.t1	XP_660844.1	100	333	338	649	5.16e-252	694
NODE_20_length_367305_cov_33.1.g3552.t1	XP_050468423.1	98.1	322	426	364	2.22e-231	635
NODE_20_length_367305_cov_33.1.g3553.t1	XP_660842.1	100	96	122	152	1.25e-67	199
NODE_20_length_367305_cov_33.1.g3554.t1	XP_660841.1	97.4	586	614	586	0.0	1087
NODE_20_length_367305_cov_33.1.g3555.t1	XP_050468424.1	100	249	249	249	1.01e-174	479
NODE_20_length_367305_cov_33.1.g3557.t1	XP_660838.1	86.9	274	274	238	1.67e-161	446
NODE_20_length_367305_cov_33.1.g3558.t1	XP_660837.1	89.0	566	566	517	0.0	973
NODE_20_length_367305_cov_33.1.g3559.t1	XP_050468426.1	100	460	460	460	0.0	941
NODE_20_length_367305_cov_33.1.g3560.t1	XP_050468427.1	100	379	379	379	5.62e-276	746
NODE_20_length_367305_cov_33.1.g3561.t1	XP_660834.1	99.5	2196	2214	2193	0.0	4331
NODE_20_length_367305_cov_33.1.g3562.t1	XP_660833.1	100	611	611	611	0.0	1223
NODE_20_length_367305_cov_33.1.g3563.t1	XP_660832.1	100	309	309	309	1.42e-220	600
NODE_20_length_367305_cov_33.1.g3564.t1	XP_660831.1	100	496	823	504	0.0	951
NODE_20_length_367305_cov_33.1.g3565.t1	XP_660829.2	100	508	508	508	0.0	1042
NODE_20_length_367305_cov_33.1.g3566.t1	XP_660828.1	100	632	632	632	0.0	1237
NODE_20_length_367305_cov_33.1.g3567.t1	XP_660827.1	100	795	795	795	0.0	1592
NODE_20_length_367305_cov_33.1.g3568.t1	XP_050468429.1	93.2	471	451	471	1.65e-314	850
NODE_20_length_367305_cov_33.1.g3569.t1	XP_660825.1	100	510	510	510	0.0	1026
NODE_20_length_367305_cov_33.1.g3570.t1	XP_660824.1	100	570	570	570	0.0	1126
NODE_20_length_367305_cov_33.1.g3571.t1	XP_050468430.1	100	148	148	148	6.51e-110	307
NODE_20_length_367305_cov_33.1.g3572.t1	XP_660821.1	100	681	681	681	0.0	1389
NODE_20_length_367305_cov_33.1.g3573.t1	XP_660820.1	97.5	486	486	791	0.0	903
NODE_20_length_367305_cov_33.1.g3575.t1	XP_660819.1	100	187	187	187	5.44e-112	315
NODE_20_length_367305_cov_33.1.g3576.t1	XP_660818.1	93.0	916	916	852	0.0	1631
NODE_20_length_367305_cov_33.1.g3577.t1	XP_681758.1	49.6	1369	1345	1425	0.0	1267
NODE_20_length_367305_cov_33.1.g3578.t1	XP_868906.1	95.5	421	421	402	1.16e-206	573
NODE_20_length_367305_cov_33.1.g3579.t1	XP_660817.1	100	354	354	354	7.06e-200	551
NODE_20_length_367305_cov_33.1.g3580.t1	XP_660816.1	98.3	298	293	298	2.04e-204	558
NODE_20_length_367305_cov_33.1.g3581.t1	XP_660815.1	100	247	247	247	5.06e-183	500
NODE_20_length_367305_cov_33.1.g3582.t1	XP_050468431.1	98.5	67	72	123	1.77e-43	135
NODE_20_length_367305_cov_33.1.g3583.t1	XP_050468432.1	94.3	633	616	633	0.0	1211
NODE_20_length_367305_cov_33.1.g3584.t1	XP_050468433.1	93.1	743	743	692	0.0	1369
NODE_20_length_367305_cov_33.1.g3585.t1	XP_050468434.1	100	326	326	326	4.08e-224	610
NODE_20_length_367305_cov_33.1.g3586.t1	XP_660813.2	100	188	188	188	5.61e-135	374
NODE_20_length_367305_cov_33.1.g3587.t1	XP_660812.2	100	682	682	682	0.0	1391
NODE_20_length_367305_cov_33.1.g3588.t1	XP_660811.1	100	462	462	462	8.60e-297	806
NODE_20_length_367305_cov_33.1.g3589.t1	XP_660810.1	100	575	575	575	0.0	1168
NODE_20_length_367305_cov_33.1.g3590.t1	XP_660809.1	100	473	473	473	0.0	926
NODE_20_length_367305_cov_33.1.g3591.t1	XP_050468435.1	100	540	540	540	0.0	1069
NODE_20_length_367305_cov_33.1.g3593.t1	XP_660807.1	100	310	310	310	1.33e-230	625
NODE_21_length_350277_cov_33.7.g3594.t1	XP_663253.1	99.5	1058	1085	1720	1.35e-317	930
NODE_21_length_350277_cov_33.7.g3595.t1	XP_663252.1	95.3	846	839	842	0.0	1488
NODE_21_length_350277_cov_33.7.g3596.t1	XP_663251.1	100	219	219	219	1.04e-143	398
NODE_21_length_350277_cov_33.7.g3597.t1	XP_663250.1	100	417	417	417	7.44e-298	805
NODE_21_length_350277_cov_33.7.g3599.t1	XP_663248.2	98.1	515	515	505	0.0	973
NODE_21_length_350277_cov_33.7.g3600.t1	XP_663247.1	100	1111	1111	1111	0.0	2098
NODE_21_length_350277_cov_33.7.g3601.t1	XP_663246.1	100	261	261	261	1.05e-182	500
NODE_21_length_350277_cov_33.7.g3602.t1	XP_663245.1	100	636	636	636	0.0	1221
NODE_21_length_350277_cov_33.7.g3603.t1	XP_050468221.1	100	86	86	86	4.19e-61	179
NODE_21_length_350277_cov_33.7.g3604.t1	XP_663244.1	100	1068	1068	1068	0.0	1917
NODE_21_length_350277_cov_33.7.g3605.t1	XP_663243.1	100	432	435	432	7.39e-311	839
NODE_21_length_350277_cov_33.7.g3606.t1	XP_663242.1	100	340	340	340	3.42e-207	569
NODE_21_length_350277_cov_33.7.g3607.t1	XP_663241.1	100	262	262	262	4.31e-187	511
NODE_21_length_350277_cov_33.7.g3608.t1	XP_050468222.1	95.5	660	645	673	0.0	1203
NODE_21_length_350277_cov_33.7.g3609.t1	XP_050468223.1	100	751	751	751	0.0	1523
NODE_21_length_350277_cov_33.7.g3610.t1	XP_663238.1	100	538	538	538	0.0	1087
NODE_21_length_350277_cov_33.7.g3611.t1	XP_663237.1	100	597	597	597	0.0	1130
NODE_21_length_350277_cov_33.7.g3612.t1	XP_663236.1	100	216	216	216	1.96e-126	354
NODE_21_length_350277_cov_33.7.g3613.t1	XP_663235.1	97.8	1108	1108	1084	0.0	2030
NODE_21_length_350277_cov_33.7.g3614.t1	XP_663234.1	99.7	700	710	707	0.0	1404
NODE_21_length_350277_cov_33.7.g3615.t1	XP_663233.1	100	497	497	497	0.0	1016
NODE_21_length_350277_cov_33.7.g3616.t1	XP_663231.1	99.7	1959	3209	1962	0.0	3162
NODE_21_length_350277_cov_33.7.g3617.t1	XP_663229.1	100	291	291	291	3.91e-177	489
NODE_21_length_350277_cov_33.7.g3618.t1	XP_663228.1	100	1237	1237	1237	0.0	2407
NODE_21_length_350277_cov_33.7.g3619.t1	XP_050468224.1	100	567	567	567	0.0	1074
NODE_21_length_350277_cov_33.7.g3620.t1	XP_050468225.1	100	408	454	411	9.70e-309	833
NODE_21_length_350277_cov_33.7.g3621.t1	XP_663225.1	100	390	390	390	4.50e-228	626
NODE_21_length_350277_cov_33.7.g3622.t1	XP_663224.1	100	573	573	573	0.0	1104
NODE_21_length_350277_cov_33.7.g3623.t1	XP_663223.1	100	825	825	825	0.0	1622
NODE_21_length_350277_cov_33.7.g3624.t1	XP_663222.2	100	252	252	252	1.27e-174	479
NODE_21_length_350277_cov_33.7.g3625.t1	XP_663221.1	100	528	528	528	0.0	1018
NODE_21_length_350277_cov_33.7.g3626.t1	XP_663220.1	97.4	429	429	418	8.37e-312	840
NODE_21_length_350277_cov_33.7.g3627.t1	XP_663219.1	97.6	954	932	980	0.0	1604
NODE_21_length_350277_cov_33.7.g3628.t1	XP_663218.1	100	739	739	739	0.0	1278
NODE_21_length_350277_cov_33.7.g3629.t1	XP_663217.1	99.9	1363	1363	1363	0.0	2689
NODE_21_length_350277_cov_33.7.g3630.t1	XP_663216.2	100	591	591	591	0.0	1174
NODE_21_length_350277_cov_33.7.g3631.t1	XP_663215.1	100	212	212	212	2.16e-153	422
NODE_21_length_350277_cov_33.7.g3632.t1	XP_663214.1	100	1421	1950	1421	0.0	2798
NODE_21_length_350277_cov_33.7.g3633.t1	XP_663213.1	100	629	629	629	0.0	1253
NODE_21_length_350277_cov_33.7.g3634.t1	XP_663212.1	100	541	541	541	0.0	1128
NODE_21_length_350277_cov_33.7.g3635.t1	XP_868856.1	100	348	348	348	3.14e-255	691
NODE_21_length_350277_cov_33.7.g3636.t1	XP_868855.1	100	566	566	566	0.0	1058
NODE_21_length_350277_cov_33.7.g3637.t1	XP_663211.1	100	1968	2426	1968	0.0	3924
NODE_21_length_350277_cov_33.7.g3638.t1	XP_663210.1	100	852	852	852	0.0	1679
NODE_21_length_350277_cov_33.7.g3639.t1	XP_663208.1	100	355	355	355	3.18e-263	712
NODE_21_length_350277_cov_33.7.g3640.t1	XP_663207.1	100	1146	1327	1146	0.0	2092
NODE_21_length_350277_cov_33.7.g3642.t1	XP_050468229.1	100	562	562	562	0.0	1165
NODE_21_length_350277_cov_33.7.g3643.t1	XP_050468230.1	100	276	276	279	2.70e-200	546
NODE_21_length_350277_cov_33.7.g3644.t1	XP_050468232.1	100	322	322	327	8.99e-234	635
NODE_21_length_350277_cov_33.7.g3645.t1	XP_663205.1	100	450	450	450	0.0	904
NODE_21_length_350277_cov_33.7.g3646.t1	XP_663204.2	100	403	403	403	2.55e-291	787
NODE_21_length_350277_cov_33.7.g3647.t1	XP_663203.1	97.3	770	770	749	0.0	1454
NODE_21_length_350277_cov_33.7.g3648.t1	XP_663202.1	100	224	270	228	3.30e-160	442
NODE_21_length_350277_cov_33.7.g3649.t1	XP_663201.1	100	162	162	162	4.94e-54	167
NODE_21_length_350277_cov_33.7.g3650.t1	XP_663200.1	100	486	486	486	0.0	942
NODE_21_length_350277_cov_33.7.g3651.t1	XP_663199.1	99.5	946	946	941	0.0	1324
NODE_21_length_350277_cov_33.7.g3652.t1	XP_663198.1	100	494	494	494	0.0	944
NODE_21_length_350277_cov_33.7.g3653.t1	XP_663197.1	100	854	859	854	0.0	1487
NODE_21_length_350277_cov_33.7.g3654.t1	XP_663196.1	100	913	913	913	0.0	1786
NODE_21_length_350277_cov_33.7.g3655.t1	XP_663195.1	100	481	505	481	0.0	974
NODE_21_length_350277_cov_33.7.g3656.t1	XP_663194.1	100	553	553	553	0.0	1011
NODE_21_length_350277_cov_33.7.g3657.t1	XP_663193.1	100	567	567	567	0.0	1141
NODE_21_length_350277_cov_33.7.g3658.t1	XP_050468233.1	97.6	802	802	784	0.0	1473
NODE_21_length_350277_cov_33.7.g3659.t1	XP_663191.1	100	361	361	361	1.07e-264	716
NODE_21_length_350277_cov_33.7.g3660.t1	XP_663190.2	100	364	364	364	5.41e-255	692
NODE_21_length_350277_cov_33.7.g3661.t1	XP_050468234.1	97.0	460	460	447	0.0	884
NODE_21_length_350277_cov_33.7.g3662.t1	XP_663185.1	100	369	369	369	1.03e-266	722
NODE_21_length_350277_cov_33.7.g3663.t1	XP_663184.1	100	291	309	309	1.53e-199	547
NODE_21_length_350277_cov_33.7.g3664.t1	XP_663183.1	100	3169	3169	3169	0.0	6180
NODE_21_length_350277_cov_33.7.g3665.t1	XP_663182.1	100	778	778	778	0.0	1432
NODE_21_length_350277_cov_33.7.g3666.t1	XP_663181.1	100	223	223	223	8.40e-161	442
NODE_21_length_350277_cov_33.7.g3667.t1	XP_663180.2	100	490	490	490	0.0	1010
NODE_21_length_350277_cov_33.7.g3668.t1	XP_663179.1	99.1	906	899	906	0.0	1593
NODE_21_length_350277_cov_33.7.g3669.t1	XP_663178.1	76.8	198	198	152	3.20e-99	282
NODE_21_length_350277_cov_33.7.g3670.t1	XP_663177.1	100	897	897	897	0.0	1696
NODE_21_length_350277_cov_33.7.g3671.t1	XP_663176.1	100	1065	1065	1065	0.0	2047
NODE_21_length_350277_cov_33.7.g3672.t1	XP_663175.1	100	1048	1048	1048	0.0	2121
NODE_21_length_350277_cov_33.7.g3673.t1	XP_663174.1	100	609	626	870	0.0	1113
NODE_21_length_350277_cov_33.7.g3675.t1	XP_663173.1	100	633	694	633	0.0	1103
NODE_21_length_350277_cov_33.7.g3676.t1	XP_663172.1	100	638	638	638	0.0	1228
NODE_21_length_350277_cov_33.7.g3677.t1	XP_663171.2	100	207	207	207	3.60e-154	424
NODE_21_length_350277_cov_33.7.g3678.t1	XP_663170.1	100	533	533	533	0.0	1087
NODE_21_length_350277_cov_33.7.g3679.t1	XP_663169.1	100	335	335	335	6.84e-257	694
NODE_21_length_350277_cov_33.7.g3680.t1	XP_663168.1	100	483	483	483	0.0	967
NODE_21_length_350277_cov_33.7.g3681.t1	XP_663167.1	100	325	325	325	6.25e-248	671
NODE_21_length_350277_cov_33.7.g3682.t1	XP_663166.2	100	623	872	623	0.0	1115
NODE_21_length_350277_cov_33.7.g3683.t1	XP_050468239.1	100	266	266	266	5.07e-172	474
NODE_21_length_350277_cov_33.7.g3684.t1	XP_050468240.1	100	402	663	430	2.25e-270	746
NODE_21_length_350277_cov_33.7.g3685.t1	XP_663163.1	93.6	503	503	471	0.0	895
NODE_21_length_350277_cov_33.7.g3686.t1	XP_663162.1	100	403	403	403	3.72e-284	769
NODE_21_length_350277_cov_33.7.g3687.t1	XP_663161.2	100	302	302	328	8.47e-218	593
NODE_21_length_350277_cov_33.7.g3688.t1	XP_663160.1	100	266	266	266	1.99e-194	530
NODE_21_length_350277_cov_33.7.g3691.t1	XP_663158.2	97.1	651	1013	671	0.0	1259
NODE_21_length_350277_cov_33.7.g3692.t1	XP_663157.2	100	492	492	492	0.0	996
NODE_21_length_350277_cov_33.7.g3693.t1	XP_050468242.1	100	721	950	735	0.0	1380
NODE_21_length_350277_cov_33.7.g3694.t1	XP_663155.1	93.4	527	527	500	0.0	996
NODE_21_length_350277_cov_33.7.g3695.t1	XP_663154.1	100	482	482	482	0.0	919
NODE_21_length_350277_cov_33.7.g3696.t1	XP_663153.1	100	488	488	488	0.0	976
NODE_22_length_338850_cov_33.5.g3697.t1	XP_681726.1	92.3	775	857	1131	0.0	1405
NODE_22_length_338850_cov_33.5.g3698.t1	XP_681727.1	98.3	116	114	116	2.32e-76	219
NODE_22_length_338850_cov_33.5.g3699.t1	XP_681728.1	70.6	540	381	540	1.33e-235	650
NODE_22_length_338850_cov_33.5.g3700.t1	XP_681729.1	100	647	647	647	0.0	1246
NODE_22_length_338850_cov_33.5.g3701.t1	XP_681730.1	100	353	353	353	5.21e-236	643
NODE_22_length_338850_cov_33.5.g3702.t1	XP_050468100.1	100	285	285	285	2.09e-210	572
NODE_22_length_338850_cov_33.5.g3703.t1	XP_681732.1	100	287	287	287	4.72e-208	566
NODE_22_length_338850_cov_33.5.g3704.t1	XP_681733.1	95.8	479	477	461	0.0	872
NODE_22_length_338850_cov_33.5.g3705.t1	XP_681734.1	100	914	914	914	0.0	1906
NODE_22_length_338850_cov_33.5.g3706.t1	XP_681735.1	100	229	229	289	3.87e-174	478
NODE_22_length_338850_cov_33.5.g3708.t1	XP_681736.2	100	532	532	532	0.0	1071
NODE_22_length_338850_cov_33.5.g3709.t1	XP_681737.1	100	786	1364	1364	0.0	1564
NODE_22_length_338850_cov_33.5.g3710.t1	XP_050468101.1	86.7	611	642	571	0.0	1056
NODE_22_length_338850_cov_33.5.g3711.t1	XP_681739.1	100	362	417	366	1.11e-259	706
NODE_22_length_338850_cov_33.5.g3712.t1	XP_681740.1	97.4	352	343	352	4.65e-268	723
NODE_22_length_338850_cov_33.5.g3713.t1	XP_681741.1	99.4	346	344	346	3.14e-258	698
NODE_22_length_338850_cov_33.5.g3714.t1	XP_681742.1	95.9	764	764	733	0.0	1471
NODE_22_length_338850_cov_33.5.g3715.t1	XP_681743.1	95.3	556	556	530	0.0	1057
NODE_22_length_338850_cov_33.5.g3716.t1	XP_681744.1	100	350	350	350	4.95e-278	749
NODE_22_length_338850_cov_33.5.g3717.t1	XP_681745.1	100	548	555	591	0.0	1139
NODE_22_length_338850_cov_33.5.g3718.t1	XP_681746.1	100	546	546	546	0.0	1141
NODE_22_length_338850_cov_33.5.g3719.t1	XP_681747.1	92.8	433	402	433	4.12e-295	798
NODE_22_length_338850_cov_33.5.g3720.t1	XP_681748.1	100	901	901	901	0.0	1780
NODE_22_length_338850_cov_33.5.g3721.t1	XP_681749.1	99.1	1393	1393	1380	0.0	2806
NODE_22_length_338850_cov_33.5.g3722.t1	XP_681750.1	98.5	1415	1463	1443	0.0	2900
NODE_22_length_338850_cov_33.5.g3723.t1	XP_050468103.1	100	421	713	434	0.0	881
NODE_22_length_338850_cov_33.5.g3724.t1	XP_681753.1	100	483	488	483	2.60e-119	357
NODE_22_length_338850_cov_33.5.g3725.t1	XP_681754.1	100	310	310	310	6.30e-204	558
NODE_22_length_338850_cov_33.5.g3726.t1	XP_050468105.1	100	528	788	528	0.0	1051
NODE_22_length_338850_cov_33.5.g3727.t1	XP_681756.1	86.6	337	337	293	4.48e-156	437
NODE_22_length_338850_cov_33.5.g3728.t1	XP_681757.1	100	197	197	197	2.01e-137	380
NODE_22_length_338850_cov_33.5.g3729.t1	XP_681758.1	100	1425	1425	1425	0.0	2826
NODE_22_length_338850_cov_33.5.g3731.t1	XP_681760.1	100	188	188	188	2.12e-139	385
NODE_22_length_338850_cov_33.5.g3732.t1	XP_681761.1	99.5	212	212	223	4.06e-156	429
NODE_22_length_338850_cov_33.5.g3734.t1	XP_681763.1	89.4	329	335	389	1.31e-203	561
NODE_22_length_338850_cov_33.5.g3735.t1	XP_681764.1	100	847	847	847	0.0	1629
NODE_22_length_338850_cov_33.5.g3736.t1	XP_681765.1	85.4	294	256	301	5.14e-173	477
NODE_22_length_338850_cov_33.5.g3737.t1	XP_681767.1	97.5	601	759	678	0.0	1189
NODE_22_length_338850_cov_33.5.g3738.t1	XP_681768.1	93.7	589	576	608	0.0	1040
NODE_22_length_338850_cov_33.5.g3739.t1	XP_681769.1	100	280	280	280	1.16e-209	570
NODE_22_length_338850_cov_33.5.g3740.t1	XP_681770.1	97.1	617	617	599	0.0	1185
NODE_22_length_338850_cov_33.5.g3741.t1	XP_681771.1	100	500	618	503	0.0	979
NODE_22_length_338850_cov_33.5.g3742.t1	XP_681773.1	100	809	813	892	0.0	1601
NODE_22_length_338850_cov_33.5.g3743.t1	XP_050468110.1	92.9	751	793	954	0.0	1320
NODE_22_length_338850_cov_33.5.g3744.t1	XP_681775.1	100	768	768	768	0.0	1484
NODE_22_length_338850_cov_33.5.g3745.t1	XP_681776.1	100	442	442	442	5.69e-317	855
NODE_22_length_338850_cov_33.5.g3746.t1	XP_681777.1	92.0	337	337	310	1.98e-214	586
NODE_22_length_338850_cov_33.5.g3747.t1	XP_681778.1	96.0	449	441	477	2.21e-288	784
NODE_22_length_338850_cov_33.5.g3748.t1	XP_681779.1	80.3	386	386	324	1.78e-217	596
NODE_22_length_338850_cov_33.5.g3749.t1	XP_681780.1	88.6	341	330	313	6.52e-212	579
NODE_22_length_338850_cov_33.5.g3750.t1	XP_681781.1	100	375	375	375	3.47e-268	726
NODE_22_length_338850_cov_33.5.g3751.t1	XP_681782.1	97.8	970	970	949	0.0	1884
NODE_22_length_338850_cov_33.5.g3752.t1	XP_681783.1	100	419	419	419	6.06e-314	845
NODE_22_length_338850_cov_33.5.g3753.t1	XP_681784.1	100	355	355	355	7.17e-260	703
NODE_22_length_338850_cov_33.5.g3754.t1	XP_681785.1	93.3	416	415	444	3.66e-279	758
NODE_22_length_338850_cov_33.5.g3755.t1	XP_681786.1	71.1	315	315	296	1.36e-152	428
NODE_22_length_338850_cov_33.5.g3756.t1	XP_681790.1	99.7	385	426	469	3.56e-279	760
NODE_22_length_338850_cov_33.5.g3757.t1	XP_681791.1	100	401	401	401	9.93e-313	841
NODE_22_length_338850_cov_33.5.g3758.t1	XP_681792.1	100	385	385	385	1.24e-282	763
NODE_22_length_338850_cov_33.5.g3759.t1	XP_681794.1	100	480	480	480	0.0	932
NODE_22_length_338850_cov_33.5.g3760.t1	XP_681795.1	100	483	483	483	0.0	996
NODE_22_length_338850_cov_33.5.g3761.t1	XP_681796.1	100	284	284	284	7.87e-210	571
NODE_22_length_338850_cov_33.5.g3762.t1	XP_050468111.1	100	402	402	402	4.70e-307	827
NODE_22_length_338850_cov_33.5.g3763.t1	XP_050468112.1	100	367	380	391	1.86e-275	745
NODE_22_length_338850_cov_33.5.g3764.t1	XP_681799.1	98.0	504	504	494	0.0	976
NODE_22_length_338850_cov_33.5.g3765.t1	XP_681800.2	100	305	305	305	4.81e-226	613
NODE_22_length_338850_cov_33.5.g3766.t1	XP_681801.1	100	331	331	331	4.89e-239	649
NODE_22_length_338850_cov_33.5.g3767.t1	XP_681803.1	100	580	580	580	0.0	1164
NODE_22_length_338850_cov_33.5.g3768.t1	XP_050468114.1	99.6	560	558	560	0.0	1089
NODE_22_length_338850_cov_33.5.g3769.t1	XP_681805.1	94.7	430	431	412	1.10e-306	827
NODE_22_length_338850_cov_33.5.g3771.t1	XP_681808.1	100	202	202	202	2.27e-159	436
NODE_22_length_338850_cov_33.5.g3772.t1	XP_681809.1	96.9	607	604	607	0.0	1126
NODE_22_length_338850_cov_33.5.g3773.t1	XP_681811.1	100	335	335	335	6.30e-253	684
NODE_22_length_338850_cov_33.5.g3777.t1	XP_681815.1	100	508	508	508	0.0	1043
NODE_22_length_338850_cov_33.5.g3778.t1	XP_050468118.1	99.0	582	582	576	0.0	1201
NODE_22_length_338850_cov_33.5.g3779.t1	XP_681817.1	100	370	370	370	3.06e-264	716
NODE_22_length_338850_cov_33.5.g3780.t1	XP_681818.1	100	399	399	399	1.51e-306	825
NODE_22_length_338850_cov_33.5.g3781.t1	XP_681819.1	92.4	874	874	808	0.0	1620
NODE_22_length_338850_cov_33.5.g3782.t1	XP_681820.1	100	696	696	696	0.0	1402
NODE_22_length_338850_cov_33.5.g3783.t1	XP_681821.1	100	363	363	363	1.54e-274	741
NODE_22_length_338850_cov_33.5.g3784.t1	XP_681822.1	100	475	584	528	0.0	993
NODE_22_length_338850_cov_33.5.g3786.t1	XP_681825.1	100	357	360	420	1.09e-262	713
NODE_22_length_338850_cov_33.5.g3787.t1	XP_681826.1	88.6	648	617	778	0.0	1082
NODE_22_length_338850_cov_33.5.g3788.t1	XP_681827.1	100	593	593	593	0.0	1241
NODE_22_length_338850_cov_33.5.g3789.t1	XP_050468120.1	100	386	386	386	4.30e-279	754
NODE_22_length_338850_cov_33.5.g3790.t1	XP_050468121.1	90.9	482	690	499	1.45e-302	832
NODE_22_length_338850_cov_33.5.g3791.t1	XP_681830.1	100	248	270	298	2.96e-175	483
NODE_22_length_338850_cov_33.5.g3792.t1	XP_681831.1	100	1707	1707	1764	0.0	3294
NODE_22_length_338850_cov_33.5.g3793.t1	XP_681834.1	100	517	517	517	0.0	1037
NODE_22_length_338850_cov_33.5.g3794.t1	XP_681835.1	100	313	313	313	9.86e-239	646
NODE_23_length_315782_cov_33.0.g3795.t1	XP_664394.1	100	609	609	609	0.0	1263
NODE_23_length_315782_cov_33.0.g3796.t1	XP_664393.1	100	351	351	351	7.45e-260	703
NODE_23_length_315782_cov_33.0.g3797.t1	XP_664392.1	91.6	645	593	645	0.0	1117
NODE_23_length_315782_cov_33.0.g3798.t1	XP_050467170.1	100	535	535	535	0.0	1075
NODE_23_length_315782_cov_33.0.g3799.t1	XP_664390.1	100	209	244	247	1.90e-143	400
NODE_23_length_315782_cov_33.0.g3800.t1	XP_050467169.1	100	87	112	88	8.14e-55	164
NODE_23_length_315782_cov_33.0.g3801.t1	XP_664389.1	92.2	487	488	470	5.23e-309	838
NODE_23_length_315782_cov_33.0.g3802.t1	XP_664388.1	100	446	446	446	0.0	914
NODE_23_length_315782_cov_33.0.g3803.t1	XP_664387.2	100	489	503	514	0.0	954
NODE_23_length_315782_cov_33.0.g3804.t1	XP_664386.1	100	471	471	471	0.0	874
NODE_23_length_315782_cov_33.0.g3805.t1	XP_664385.1	89.0	154	161	208	7.87e-96	274
NODE_23_length_315782_cov_33.0.g3806.t1	XP_664384.1	90.0	180	180	162	1.95e-118	330
NODE_23_length_315782_cov_33.0.g3807.t1	XP_664383.1	99.6	1520	1520	1514	0.0	2907
NODE_23_length_315782_cov_33.0.g3808.t1	XP_664382.1	85.6	499	448	478	1.27e-296	805
NODE_23_length_315782_cov_33.0.g3809.t1	XP_664381.1	100	512	512	512	0.0	1082
NODE_23_length_315782_cov_33.0.g3810.t1	XP_664380.1	100	188	253	194	2.07e-137	383
NODE_23_length_315782_cov_33.0.g3811.t1	XP_664379.2	100	345	345	345	3.02e-256	693
NODE_23_length_315782_cov_33.0.g3812.t1	XP_050467168.1	100	457	457	457	0.0	916
NODE_23_length_315782_cov_33.0.g3813.t1	XP_664377.1	100	448	448	448	0.0	909
NODE_23_length_315782_cov_33.0.g3814.t1	XP_664376.1	100	372	372	372	2.39e-278	751
NODE_23_length_315782_cov_33.0.g3815.t1	XP_664375.2	97.8	508	520	516	0.0	1010
NODE_23_length_315782_cov_33.0.g3816.t1	XP_664374.1	96.6	674	672	666	0.0	1277
NODE_23_length_315782_cov_33.0.g3817.t1	XP_664373.2	100	353	353	463	6.43e-259	705
NODE_23_length_315782_cov_33.0.g3818.t1	XP_050467167.1	100	902	902	902	0.0	1809
NODE_23_length_315782_cov_33.0.g3819.t1	XP_664371.1	100	244	244	244	2.52e-186	508
NODE_23_length_315782_cov_33.0.g3820.t1	XP_664370.1	100	579	579	579	0.0	1141
NODE_23_length_315782_cov_33.0.g3821.t1	XP_664369.1	98.0	708	708	695	0.0	1382
NODE_23_length_315782_cov_33.0.g3822.t1	XP_664368.1	97.8	508	508	497	0.0	990
NODE_23_length_315782_cov_33.0.g3823.t1	XP_664367.1	91.7	448	448	411	2.98e-290	786
NODE_23_length_315782_cov_33.0.g3824.t1	XP_664366.1	91.7	616	724	566	0.0	1061
NODE_23_length_315782_cov_33.0.g3825.t1	XP_664365.2	100	414	425	427	4.01e-302	816
NODE_23_length_315782_cov_33.0.g3826.t1	XP_664364.1	100	234	234	234	4.33e-173	474
NODE_23_length_315782_cov_33.0.g3827.t1	XP_050467166.1	83.9	510	599	493	3.49e-295	809
NODE_23_length_315782_cov_33.0.g3828.t1	XP_664362.1	89.2	933	933	851	0.0	1611
NODE_23_length_315782_cov_33.0.g3829.t1	XP_664361.1	95.5	646	646	618	0.0	1199
NODE_23_length_315782_cov_33.0.g3830.t1	XP_664360.1	100	148	148	177	8.45e-108	303
NODE_23_length_315782_cov_33.0.g3831.t1	XP_664359.1	97.4	643	633	643	0.0	1243
NODE_23_length_315782_cov_33.0.g3832.t1	XP_664358.1	100	215	215	215	1.88e-105	301
NODE_23_length_315782_cov_33.0.g3833.t1	XP_664357.1	100	422	422	422	4.62e-315	848
NODE_23_length_315782_cov_33.0.g3834.t1	XP_664356.1	100	696	696	696	0.0	1386
NODE_23_length_315782_cov_33.0.g3835.t1	XP_664355.1	100	591	591	591	0.0	1228
NODE_23_length_315782_cov_33.0.g3836.t1	XP_664354.1	100	417	435	447	3.50e-315	850
NODE_23_length_315782_cov_33.0.g3837.t1	XP_050467165.1	89.1	321	362	291	3.51e-219	598
NODE_23_length_315782_cov_33.0.g3838.t1	XP_664352.1	100	257	257	257	4.85e-186	508
NODE_23_length_315782_cov_33.0.g3839.t1	XP_664351.1	94.7	962	926	962	0.0	1732
NODE_23_length_315782_cov_33.0.g3840.t1	XP_664350.1	99.3	299	297	299	2.38e-227	616
NODE_23_length_315782_cov_33.0.g3841.t1	XP_664349.1	99.2	495	491	495	0.0	935
NODE_23_length_315782_cov_33.0.g3842.t1	XP_664348.1	100	122	122	122	2.36e-86	245
NODE_23_length_315782_cov_33.0.g3843.t1	XP_664347.1	100	793	793	793	0.0	1624
NODE_23_length_315782_cov_33.0.g3844.t1	XP_664346.1	100	697	697	697	0.0	1393
NODE_23_length_315782_cov_33.0.g3845.t1	XP_664345.1	100	418	418	433	1.65e-296	802
NODE_23_length_315782_cov_33.0.g3847.t1	XP_664343.1	100	376	376	376	4.89e-289	779
NODE_23_length_315782_cov_33.0.g3848.t1	XP_664342.2	99.1	1358	1358	1346	0.0	2620
NODE_23_length_315782_cov_33.0.g3849.t1	XP_664341.1	100	182	182	182	8.93e-120	335
NODE_23_length_315782_cov_33.0.g3850.t1	XP_664340.1	100	234	234	234	3.17e-175	479
NODE_23_length_315782_cov_33.0.g3852.t1	XP_664339.2	100	94	94	94	2.71e-63	185
NODE_23_length_315782_cov_33.0.g3853.t1	XP_050467163.1	100	761	940	761	0.0	1491
NODE_23_length_315782_cov_33.0.g3854.t1	XP_664337.1	100	1003	1003	1003	0.0	2003
NODE_23_length_315782_cov_33.0.g3855.t1	XP_050467162.1	90.6	106	150	110	1.39e-67	199
NODE_23_length_315782_cov_33.0.g3856.t1	XP_050467161.1	100	192	192	192	9.64e-138	381
NODE_23_length_315782_cov_33.0.g3857.t1	XP_664335.1	100	455	455	455	0.0	958
NODE_23_length_315782_cov_33.0.g3858.t1	XP_664334.1	100	580	580	580	0.0	1134
NODE_23_length_315782_cov_33.0.g3859.t1	XP_664333.2	96.1	464	476	478	0.0	912
NODE_23_length_315782_cov_33.0.g3860.t1	XP_664332.1	100	366	366	366	4.64e-257	697
NODE_23_length_315782_cov_33.0.g3861.t1	XP_664331.1	99.1	226	339	228	9.89e-152	424
NODE_23_length_315782_cov_33.0.g3862.t1	XP_664330.1	100	278	278	278	4.89e-201	548
NODE_23_length_315782_cov_33.0.g3863.t1	XP_664329.2	100	303	313	304	3.71e-225	612
NODE_23_length_315782_cov_33.0.g3864.t1	XP_664328.1	100	907	907	907	0.0	1797
NODE_23_length_315782_cov_33.0.g3865.t1	XP_664327.1	100	338	338	338	2.14e-266	718
NODE_23_length_315782_cov_33.0.g3866.t1	XP_050467160.1	83.3	630	923	643	0.0	1014
NODE_23_length_315782_cov_33.0.g3867.t1	XP_664325.1	100	541	541	541	0.0	1107
NODE_23_length_315782_cov_33.0.g3868.t1	XP_664324.2	99.1	1053	1477	1124	0.0	1981
NODE_23_length_315782_cov_33.0.g3870.t1	XP_050467157.1	96.9	847	847	904	0.0	1472
NODE_23_length_315782_cov_33.0.g3871.t1	XP_664323.1	100	247	247	247	6.54e-170	467
NODE_23_length_315782_cov_33.0.g3872.t1	XP_664322.2	100	822	1006	822	0.0	1584
NODE_23_length_315782_cov_33.0.g3873.t1	XP_050467156.1	100	340	552	340	1.29e-235	650
NODE_23_length_315782_cov_33.0.g3874.t1	XP_050467155.1	78.2	165	165	142	9.03e-63	188
NODE_23_length_315782_cov_33.0.g3875.t1	XP_050467154.1	93.9	374	374	351	1.00e-254	691
NODE_23_length_315782_cov_33.0.g3876.t1	XP_664319.1	100	854	854	888	0.0	1642
NODE_23_length_315782_cov_33.0.g3877.t1	XP_664318.2	100	996	996	996	0.0	1885
NODE_23_length_315782_cov_33.0.g3878.t1	XP_664317.2	86.0	444	428	434	1.69e-262	716
NODE_23_length_315782_cov_33.0.g3879.t1	XP_050467153.1	100	829	834	833	0.0	1707
NODE_23_length_315782_cov_33.0.g3880.t1	XP_050467152.1	100	489	489	489	0.0	947
NODE_23_length_315782_cov_33.0.g3881.t1	XP_664314.2	100	242	242	242	2.14e-177	485
NODE_23_length_315782_cov_33.0.g3882.t1	XP_664313.1	99.9	1999	1997	1999	0.0	3704
NODE_23_length_315782_cov_33.0.g3883.t1	XP_664312.1	100	488	488	488	0.0	920
NODE_23_length_315782_cov_33.0.g3884.t1	XP_664311.1	100	527	527	643	0.0	1043
NODE_23_length_315782_cov_33.0.g3885.t1	XP_664310.1	100	694	694	694	0.0	1345
NODE_23_length_315782_cov_33.0.g3886.t1	XP_664309.1	100	681	681	681	0.0	1276
NODE_23_length_315782_cov_33.0.g3887.t1	XP_664308.1	100	132	132	202	4.97e-83	240
NODE_23_length_315782_cov_33.0.g3888.t1	XP_664307.1	100	495	495	495	0.0	998
NODE_23_length_315782_cov_33.0.g3889.t1	XP_664306.1	98.1	1285	1285	1319	0.0	2444
NODE_23_length_315782_cov_33.0.g3890.t1	XP_050467150.1	83.6	152	193	231	6.46e-58	180
NODE_23_length_315782_cov_33.0.g3891.t1	XP_664304.2	100	917	1103	917	0.0	1694
NODE_23_length_315782_cov_33.0.g3892.t1	XP_050467149.1	100	349	349	349	2.69e-236	643
NODE_23_length_315782_cov_33.0.g3893.t1	XP_664302.1	100	402	402	402	1.34e-265	722
NODE_23_length_315782_cov_33.0.g3894.t1	XP_664301.1	100	410	410	410	1.06e-266	725
NODE_23_length_315782_cov_33.0.g3895.t1	XP_664300.1	100	510	510	510	0.0	957
NODE_23_length_315782_cov_33.0.g3896.t1	XP_664299.1	98.6	1143	1143	1170	0.0	2073
NODE_23_length_315782_cov_33.0.g3897.t1	XP_050467146.1	100	968	1379	993	0.0	1855
NODE_23_length_315782_cov_33.0.g3898.t1	XP_050467145.1	100	73	73	73	2.16e-28	95.5
NODE_24_length_310942_cov_33.3.g3904.t1	XP_661510.1	100	1157	1157	1157	0.0	1321
NODE_24_length_310942_cov_33.3.g3906.t1	XP_661509.1	100	432	432	432	0.0	882
NODE_24_length_310942_cov_33.3.g3907.t1	XP_050467414.1	100	383	383	383	2.11e-273	740
NODE_24_length_310942_cov_33.3.g3908.t1	XP_050467415.1	100	868	868	868	0.0	1759
NODE_24_length_310942_cov_33.3.g3910.t1	XP_661507.1	96.6	594	769	578	0.0	1144
NODE_24_length_310942_cov_33.3.g3911.t1	XP_050467416.1	100	485	485	614	0.0	981
NODE_24_length_310942_cov_33.3.g3912.t1	XP_050467417.1	99.3	602	1135	607	0.0	1200
NODE_24_length_310942_cov_33.3.g3913.t1	XP_661504.1	96.0	729	722	729	0.0	1361
NODE_24_length_310942_cov_33.3.g3914.t1	XP_050467418.1	100	315	315	315	3.50e-224	610
NODE_24_length_310942_cov_33.3.g3915.t1	XP_050467419.1	100	303	303	303	5.78e-217	590
NODE_24_length_310942_cov_33.3.g3916.t1	XP_661502.1	98.5	401	498	415	7.27e-282	768
NODE_24_length_310942_cov_33.3.g3917.t1	XP_661501.2	100	686	701	686	0.0	1353
NODE_24_length_310942_cov_33.3.g3918.t1	XP_661500.1	77.2	202	298	156	4.78e-99	286
NODE_24_length_310942_cov_33.3.g3919.t1	XP_661499.1	99.8	570	569	570	0.0	1142
NODE_24_length_310942_cov_33.3.g3920.t1	XP_661498.1	99.4	796	791	796	0.0	1546
NODE_24_length_310942_cov_33.3.g3921.t1	XP_661497.1	100	149	268	273	6.51e-112	322
NODE_24_length_310942_cov_33.3.g3923.t1	XP_661494.1	98.5	965	965	951	0.0	1781
NODE_24_length_310942_cov_33.3.g3924.t1	XP_661493.1	100	269	270	394	6.45e-188	519
NODE_24_length_310942_cov_33.3.g3927.t1	XP_661490.1	100	185	185	315	3.74e-127	358
NODE_24_length_310942_cov_33.3.g3928.t1	XP_661489.1	100	406	406	406	9.14e-307	826
NODE_24_length_310942_cov_33.3.g3929.t1	XP_661488.1	98.5	545	560	551	0.0	1025
NODE_24_length_310942_cov_33.3.g3930.t1	XP_050467421.1	100	380	380	380	4.57e-296	797
NODE_24_length_310942_cov_33.3.g3931.t1	XP_661486.1	97.3	524	642	540	0.0	1016
NODE_24_length_310942_cov_33.3.g3933.t1	XP_661484.1	99.8	458	458	458	0.0	941
NODE_24_length_310942_cov_33.3.g3934.t1	XP_661483.1	100	533	533	533	0.0	1051
NODE_24_length_310942_cov_33.3.g3936.t1	XP_661481.1	100	249	249	249	6.68e-189	515
NODE_24_length_310942_cov_33.3.g3937.t1	XP_661480.1	100	547	547	547	0.0	1108
NODE_24_length_310942_cov_33.3.g3938.t1	XP_661479.1	100	435	560	435	1.98e-272	747
NODE_24_length_310942_cov_33.3.g3939.t1	XP_661478.1	100	863	863	863	0.0	1751
NODE_24_length_310942_cov_33.3.g3940.t1	XP_050467424.1	100	347	347	347	4.30e-257	696
NODE_24_length_310942_cov_33.3.g3941.t1	XP_661476.1	100	252	252	252	1.80e-142	398
NODE_24_length_310942_cov_33.3.g3942.t1	XP_661475.1	100	585	585	585	0.0	1166
NODE_24_length_310942_cov_33.3.g3943.t1	XP_661474.2	97.1	311	492	318	4.60e-227	625
NODE_24_length_310942_cov_33.3.g3944.t1	XP_661473.1	87.5	742	838	735	0.0	1229
NODE_24_length_310942_cov_33.3.g3945.t1	XP_661472.1	100	692	692	692	0.0	1382
NODE_24_length_310942_cov_33.3.g3946.t1	XP_661471.1	89.6	345	345	323	1.35e-224	612
NODE_24_length_310942_cov_33.3.g3947.t1	XP_661470.1	100	444	444	444	9.05e-315	850
NODE_24_length_310942_cov_33.3.g3948.t1	XP_050467425.1	97.2	569	556	569	0.0	1105
NODE_24_length_310942_cov_33.3.g3949.t1	XP_661468.1	100	157	157	157	1.14e-112	315
NODE_24_length_310942_cov_33.3.g3951.t1	XP_050467426.1	100	80	80	80	1.27e-48	147
NODE_24_length_310942_cov_33.3.g3952.t1	XP_050467427.1	91.2	682	628	699	0.0	1164
NODE_24_length_310942_cov_33.3.g3953.t1	XP_661466.2	100	508	508	510	0.0	1005
NODE_24_length_310942_cov_33.3.g3954.t1	XP_661465.2	100	554	554	554	0.0	1134
NODE_24_length_310942_cov_33.3.g3955.t1	XP_050467428.1	98.9	613	606	613	0.0	1238
NODE_24_length_310942_cov_33.3.g3956.t1	XP_661464.1	98.8	250	247	250	1.69e-184	504
NODE_24_length_310942_cov_33.3.g3958.t1	XP_661461.2	91.4	510	705	538	0.0	916
NODE_24_length_310942_cov_33.3.g3959.t1	XP_050467431.1	100	161	161	204	1.82e-107	303
NODE_24_length_310942_cov_33.3.g3960.t1	XP_661459.1	100	346	346	346	1.46e-243	661
NODE_24_length_310942_cov_33.3.g3961.t1	XP_661458.1	97.3	443	433	443	1.06e-264	723
NODE_24_length_310942_cov_33.3.g3962.t1	XP_661457.1	100	1049	1049	1049	0.0	2085
NODE_24_length_310942_cov_33.3.g3963.t1	XP_661456.1	100	461	461	461	0.0	883
NODE_24_length_310942_cov_33.3.g3964.t1	XP_661455.1	100	356	356	356	1.10e-259	703
NODE_24_length_310942_cov_33.3.g3965.t1	XP_661454.1	100	362	387	362	1.99e-267	724
NODE_24_length_310942_cov_33.3.g3966.t1	XP_661453.1	100	220	220	220	1.25e-165	454
NODE_24_length_310942_cov_33.3.g3967.t1	XP_661452.1	100	84	84	84	4.62e-55	163
NODE_24_length_310942_cov_33.3.g3968.t1	XP_050467432.1	100	409	685	409	7.33e-274	755
NODE_24_length_310942_cov_33.3.g3969.t1	XP_050467433.1	100	434	448	434	0.0	886
NODE_24_length_310942_cov_33.3.g3970.t1	XP_661448.1	100	1114	1114	1114	0.0	2118
NODE_24_length_310942_cov_33.3.g3971.t1	XP_661447.1	100	618	843	618	0.0	1012
NODE_24_length_310942_cov_33.3.g3972.t1	XP_661445.1	100	706	706	706	0.0	1410
NODE_24_length_310942_cov_33.3.g3973.t1	XP_661444.1	100	517	517	517	0.0	1016
NODE_24_length_310942_cov_33.3.g3974.t1	XP_661442.1	98.1	640	1117	653	0.0	1221
NODE_24_length_310942_cov_33.3.g3975.t1	XP_050467435.1	97.3	663	663	646	0.0	1313
NODE_24_length_310942_cov_33.3.g3976.t1	XP_661440.1	100	547	547	547	0.0	1047
NODE_24_length_310942_cov_33.3.g3977.t1	XP_050467436.1	100	495	559	594	0.0	998
NODE_24_length_310942_cov_33.3.g3978.t1	XP_661438.1	100	841	841	841	0.0	1395
NODE_24_length_310942_cov_33.3.g3979.t1	XP_661437.1	100	380	405	417	9.71e-284	768
NODE_24_length_310942_cov_33.3.g3980.t1	XP_661436.1	100	731	761	799	0.0	1439
NODE_24_length_310942_cov_33.3.g3981.t1	XP_661435.1	97.8	181	177	181	6.03e-121	337
NODE_24_length_310942_cov_33.3.g3982.t1	XP_050467437.1	96.6	587	587	567	0.0	1108
NODE_24_length_310942_cov_33.3.g3983.t1	XP_661432.1	100	572	1077	581	0.0	1060
NODE_24_length_310942_cov_33.3.g3984.t1	XP_661431.2	100	677	677	677	0.0	1074
NODE_24_length_310942_cov_33.3.g3985.t1	XP_661430.1	100	407	407	407	4.25e-292	789
NODE_24_length_310942_cov_33.3.g3986.t1	XP_661429.2	100	201	289	201	3.39e-140	392
NODE_24_length_310942_cov_33.3.g3987.t1	XP_661428.1	100	516	516	516	0.0	1036
NODE_24_length_310942_cov_33.3.g3988.t1	XP_661427.1	100	88	88	88	7.14e-63	183
NODE_24_length_310942_cov_33.3.g3989.t1	XP_661426.1	100	333	333	398	3.48e-242	659
NODE_24_length_310942_cov_33.3.g3990.t1	XP_050467440.1	100	302	546	302	1.45e-209	582
NODE_24_length_310942_cov_33.3.g3991.t1	XP_868844.1	100	133	133	133	8.56e-101	283
NODE_24_length_310942_cov_33.3.g3992.t1	XP_868845.1	100	1737	1737	1737	0.0	2491
NODE_24_length_310942_cov_33.3.g3993.t1	XP_661425.1	100	532	532	532	1.93e-310	846
NODE_24_length_310942_cov_33.3.g3994.t1	XP_661424.1	85.9	263	324	295	6.66e-117	338
NODE_24_length_310942_cov_33.3.g3995.t1	XP_661423.1	100	420	420	420	2.10e-310	837
NODE_24_length_310942_cov_33.3.g3996.t1	XP_661422.1	100	348	348	348	8.73e-262	707
NODE_24_length_310942_cov_33.3.g3997.t1	XP_661421.1	99.2	1125	1116	1125	0.0	2110
NODE_24_length_310942_cov_33.3.g3998.t1	XP_661419.1	100	906	906	906	0.0	1558
NODE_24_length_310942_cov_33.3.g3999.t1	XP_661418.2	100	217	217	217	5.08e-159	437
NODE_24_length_310942_cov_33.3.g4000.t1	XP_050467442.1	100	204	232	215	2.82e-116	329
NODE_24_length_310942_cov_33.3.g4001.t1	XP_661416.1	100	265	265	265	1.56e-186	510
NODE_24_length_310942_cov_33.3.g4002.t1	XP_661415.1	100	1016	1016	1016	0.0	1963
NODE_24_length_310942_cov_33.3.g4003.t1	XP_050467443.1	92.6	284	284	263	6.16e-177	487
NODE_24_length_310942_cov_33.3.g4004.t1	XP_050467444.1	100	155	155	155	2.82e-112	313
NODE_24_length_310942_cov_33.3.g4005.t1	XP_661412.1	100	248	280	248	9.60e-190	518
NODE_24_length_310942_cov_33.3.g4006.t1	XP_050467445.1	97.1	525	525	510	0.0	983
NODE_24_length_310942_cov_33.3.g4007.t1	XP_661410.1	100	482	482	482	0.0	982
NODE_24_length_310942_cov_33.3.g4008.t1	XP_050467446.1	100	236	301	236	1.21e-165	458
NODE_24_length_310942_cov_33.3.g4009.t1	XP_661408.1	100	320	320	320	1.52e-216	591
NODE_24_length_310942_cov_33.3.g4010.t1	XP_661407.1	100	421	421	421	8.14e-304	820
NODE_24_length_310942_cov_33.3.g4012.t1	XP_661406.1	100	233	233	233	4.45e-161	443
NODE_25_length_309334_cov_33.9.g4013.t1	XP_682326.1	100	574	641	574	0.0	1041
NODE_25_length_309334_cov_33.9.g4014.t1	XP_682327.2	78.6	791	1295	845	0.0	1171
NODE_25_length_309334_cov_33.9.g4015.t1	XP_682328.1	100	477	537	477	0.0	960
NODE_25_length_309334_cov_33.9.g4016.t1	XP_682329.1	96.8	507	507	491	3.32e-306	833
NODE_25_length_309334_cov_33.9.g4017.t1	XP_050468357.1	100	500	500	523	0.0	946
NODE_25_length_309334_cov_33.9.g4018.t1	XP_682332.1	100	1243	1664	1243	0.0	2390
NODE_25_length_309334_cov_33.9.g4019.t1	XP_682333.1	100	359	359	359	1.92e-266	720
NODE_25_length_309334_cov_33.9.g4020.t1	XP_682334.1	100	504	504	504	0.0	1049
NODE_25_length_309334_cov_33.9.g4021.t1	XP_050468356.1	100	601	601	601	0.0	1191
NODE_25_length_309334_cov_33.9.g4022.t1	XP_682336.1	100	793	981	978	0.0	1446
NODE_25_length_309334_cov_33.9.g4023.t1	XP_682337.1	100	307	312	312	4.44e-205	561
NODE_25_length_309334_cov_33.9.g4024.t1	XP_682338.1	96.7	455	455	441	0.0	901
NODE_25_length_309334_cov_33.9.g4025.t1	XP_682339.1	100	300	300	300	5.12e-214	583
NODE_25_length_309334_cov_33.9.g4026.t1	XP_682340.1	96.5	718	1009	738	0.0	1186
NODE_25_length_309334_cov_33.9.g4027.t1	XP_682342.1	100	150	150	150	8.22e-32	109
NODE_25_length_309334_cov_33.9.g4028.t1	XP_682343.1	100	256	277	257	3.00e-144	404
NODE_25_length_309334_cov_33.9.g4029.t1	XP_682344.2	100	339	382	342	3.52e-248	674
NODE_25_length_309334_cov_33.9.g4030.t1	XP_682345.1	100	352	352	352	2.28e-250	679
NODE_25_length_309334_cov_33.9.g4031.t1	XP_050468355.1	100	1698	1698	1698	0.0	3166
NODE_25_length_309334_cov_33.9.g4032.t1	XP_682347.1	100	145	154	152	1.03e-104	294
NODE_25_length_309334_cov_33.9.g4033.t1	XP_682348.1	100	1343	1343	1343	0.0	2618
NODE_25_length_309334_cov_33.9.g4034.t1	XP_682349.2	100	125	125	161	7.55e-90	256
NODE_25_length_309334_cov_33.9.g4035.t1	XP_682350.1	98.0	561	561	550	0.0	1089
NODE_25_length_309334_cov_33.9.g4036.t1	XP_682351.1	100	470	470	470	0.0	917
NODE_25_length_309334_cov_33.9.g4037.t1	XP_682352.1	100	214	214	214	1.98e-150	415
NODE_25_length_309334_cov_33.9.g4039.t1	XP_050468354.1	98.4	1016	1172	1339	0.0	2005
NODE_25_length_309334_cov_33.9.g4040.t1	XP_050468352.1	100	359	359	359	7.58e-232	633
NODE_25_length_309334_cov_33.9.g4041.t1	XP_682355.1	100	188	188	188	4.11e-137	379
NODE_25_length_309334_cov_33.9.g4042.t1	XP_682356.1	98.2	795	795	781	0.0	1374
NODE_25_length_309334_cov_33.9.g4043.t1	XP_682358.1	99.8	470	659	565	0.0	926
NODE_25_length_309334_cov_33.9.g4044.t1	XP_682359.1	99.7	393	392	393	2.87e-294	793
NODE_25_length_309334_cov_33.9.g4045.t1	XP_682360.1	93.0	299	299	279	3.26e-182	501
NODE_25_length_309334_cov_33.9.g4046.t1	XP_682361.1	95.7	676	671	658	0.0	1217
NODE_25_length_309334_cov_33.9.g4047.t1	XP_050468351.1	79.4	233	211	233	1.09e-61	191
NODE_25_length_309334_cov_33.9.g4048.t1	XP_682363.1	99.8	505	505	505	0.0	984
NODE_25_length_309334_cov_33.9.g4049.t1	XP_682364.1	99.4	362	441	461	7.35e-260	711
NODE_25_length_309334_cov_33.9.g4050.t1	XP_682365.1	98.5	452	452	451	0.0	885
NODE_25_length_309334_cov_33.9.g4051.t1	XP_682366.1	100	133	133	133	2.98e-83	238
NODE_25_length_309334_cov_33.9.g4052.t1	XP_682367.2	100	308	350	352	5.16e-219	600
NODE_25_length_309334_cov_33.9.g4053.t1	XP_050468350.1	100	690	703	749	0.0	1264
NODE_25_length_309334_cov_33.9.g4054.t1	XP_682368.2	100	673	673	673	0.0	1321
NODE_25_length_309334_cov_33.9.g4055.t1	XP_682369.1	97.2	282	274	282	7.40e-180	494
NODE_25_length_309334_cov_33.9.g4056.t1	XP_682370.1	100	335	335	335	9.22e-246	666
NODE_25_length_309334_cov_33.9.g4057.t1	XP_682371.1	100	415	415	415	7.75e-237	650
NODE_25_length_309334_cov_33.9.g4058.t1	XP_682372.1	100	561	561	561	0.0	1122
NODE_25_length_309334_cov_33.9.g4059.t1	XP_682373.1	88.0	1006	888	1006	0.0	1604
NODE_25_length_309334_cov_33.9.g4060.t1	XP_682374.1	100	609	609	609	0.0	1179
NODE_25_length_309334_cov_33.9.g4061.t1	XP_682375.1	96.3	377	391	394	1.11e-266	724
NODE_25_length_309334_cov_33.9.g4062.t1	XP_050468349.1	98.9	89	116	99	1.74e-50	154
NODE_25_length_309334_cov_33.9.g4063.t1	XP_050468348.1	100	90	90	90	7.67e-59	173
NODE_25_length_309334_cov_33.9.g4064.t1	XP_682377.1	93.1	493	491	472	0.0	902
NODE_25_length_309334_cov_33.9.g4065.t1	XP_050468347.1	100	1090	1090	1090	0.0	2118
NODE_25_length_309334_cov_33.9.g4066.t1	XP_050468345.1	100	360	613	401	4.30e-267	734
NODE_25_length_309334_cov_33.9.g4067.t1	XP_050468344.1	94.9	295	280	295	8.73e-195	533
NODE_25_length_309334_cov_33.9.g4068.t1	XP_050468343.1	100	364	364	364	6.06e-277	747
NODE_25_length_309334_cov_33.9.g4069.t1	XP_050468342.1	100	553	553	553	0.0	931
NODE_25_length_309334_cov_33.9.g4070.t1	XP_682382.1	100	558	585	562	0.0	1089
NODE_25_length_309334_cov_33.9.g4071.t1	XP_682383.1	100	400	401	400	2.39e-297	802
NODE_25_length_309334_cov_33.9.g4072.t1	XP_682384.1	94.6	298	291	298	1.91e-213	581
NODE_25_length_309334_cov_33.9.g4073.t1	XP_682385.1	100	487	487	487	0.0	985
NODE_25_length_309334_cov_33.9.g4074.t1	XP_682386.1	99.7	790	788	790	0.0	1568
NODE_25_length_309334_cov_33.9.g4075.t1	XP_682389.2	100	1252	1868	1252	0.0	2494
NODE_25_length_309334_cov_33.9.g4076.t1	XP_682390.1	100	266	266	266	2.39e-186	510
NODE_25_length_309334_cov_33.9.g4077.t1	XP_682391.1	100	344	344	344	6.31e-253	685
NODE_25_length_309334_cov_33.9.g4078.t1	XP_682392.2	100	137	147	143	9.08e-102	286
NODE_25_length_309334_cov_33.9.g4079.t1	XP_682393.1	100	575	575	575	0.0	979
NODE_25_length_309334_cov_33.9.g4080.t1	XP_682394.1	100	359	359	359	5.51e-266	719
NODE_25_length_309334_cov_33.9.g4081.t1	XP_682395.1	100	402	402	402	1.19e-252	689
NODE_25_length_309334_cov_33.9.g4082.t1	XP_682396.1	100	294	294	294	5.11e-211	575
NODE_25_length_309334_cov_33.9.g4083.t1	XP_050468340.1	94.5	271	257	271	5.03e-180	494
NODE_25_length_309334_cov_33.9.g4084.t1	XP_682398.1	93.0	967	964	950	0.0	1726
NODE_25_length_309334_cov_33.9.g4085.t1	XP_682399.1	100	728	728	728	0.0	1443
NODE_25_length_309334_cov_33.9.g4086.t1	XP_682400.1	100	407	413	408	3.60e-256	699
NODE_25_length_309334_cov_33.9.g4087.t1	XP_682401.1	100	1563	1563	1563	0.0	1277
NODE_25_length_309334_cov_33.9.g4088.t1	XP_682402.1	100	361	399	361	2.24e-260	707
NODE_25_length_309334_cov_33.9.g4089.t1	XP_682403.1	96.1	517	507	517	0.0	951
NODE_25_length_309334_cov_33.9.g4090.t1	XP_050468339.1	100	521	521	521	0.0	1020
NODE_25_length_309334_cov_33.9.g4091.t1	XP_682404.2	99.8	552	552	552	0.0	1113
NODE_25_length_309334_cov_33.9.g4093.t1	XP_682407.1	99.0	585	579	585	0.0	1154
NODE_25_length_309334_cov_33.9.g4094.t1	XP_682409.1	100	698	745	698	0.0	1306
NODE_25_length_309334_cov_33.9.g4095.t1	XP_682410.1	82.1	442	446	474	5.32e-255	700
NODE_25_length_309334_cov_33.9.g4096.t1	XP_682411.1	98.8	170	196	184	2.99e-113	319
NODE_25_length_309334_cov_33.9.g4097.t1	XP_682412.1	100	91	91	91	4.24e-61	179
NODE_25_length_309334_cov_33.9.g4098.t1	XP_682413.2	100	1118	1575	1118	0.0	2138
NODE_25_length_309334_cov_33.9.g4099.t1	XP_682415.1	98.1	1067	1047	1134	0.0	1996
NODE_25_length_309334_cov_33.9.g4100.t1	XP_050468334.1	94.8	689	1225	920	0.0	1241
NODE_25_length_309334_cov_33.9.g4101.t1	XP_050468333.1	100	514	514	514	0.0	1015
NODE_25_length_309334_cov_33.9.g4102.t1	XP_050468332.1	100	1506	1506	1506	0.0	2836
NODE_25_length_309334_cov_33.9.g4104.t1	XP_050468329.1	98.5	1043	1059	1050	0.0	2051
NODE_25_length_309334_cov_33.9.g4105.t1	XP_682421.1	94.2	382	409	360	1.12e-260	708
NODE_25_length_309334_cov_33.9.g4106.t1	XP_050468327.1	99.4	707	1249	782	0.0	1276
NODE_26_length_303969_cov_35.1.g4109.t1	XP_680691.1	90.9	767	767	697	0.0	1394
NODE_26_length_303969_cov_35.1.g4110.t1	XP_050467947.1	99.5	606	606	603	0.0	1187
NODE_26_length_303969_cov_35.1.g4111.t1	XP_050467948.1	100	413	488	413	2.00e-292	794
NODE_26_length_303969_cov_35.1.g4114.t1	XP_680696.2	100	455	693	474	2.95e-294	810
NODE_26_length_303969_cov_35.1.g4115.t1	XP_050467950.1	90.5	681	616	681	0.0	1214
NODE_26_length_303969_cov_35.1.g4116.t1	XP_680698.1	100	314	314	314	2.81e-234	635
NODE_26_length_303969_cov_35.1.g4117.t1	XP_680699.1	100	553	553	553	0.0	1115
NODE_26_length_303969_cov_35.1.g4118.t1	XP_680700.1	100	628	628	628	0.0	1188
NODE_26_length_303969_cov_35.1.g4119.t1	XP_680702.1	100	643	643	643	0.0	1271
NODE_26_length_303969_cov_35.1.g4120.t1	XP_050467953.1	76.6	636	487	636	0.0	889
NODE_26_length_303969_cov_35.1.g4121.t1	XP_680704.2	100	374	374	414	5.03e-268	727
NODE_26_length_303969_cov_35.1.g4122.t1	XP_680705.1	100	513	513	513	0.0	976
NODE_26_length_303969_cov_35.1.g4123.t1	XP_050467954.1	100	588	588	588	0.0	1122
NODE_26_length_303969_cov_35.1.g4124.t1	XP_680707.1	97.5	1098	1103	1072	0.0	2108
NODE_26_length_303969_cov_35.1.g4125.t1	XP_680708.1	99.7	728	743	743	0.0	1434
NODE_26_length_303969_cov_35.1.g4126.t1	XP_680709.1	100	454	454	454	1.31e-280	764
NODE_26_length_303969_cov_35.1.g4127.t1	XP_680710.1	100	472	472	472	0.0	955
NODE_26_length_303969_cov_35.1.g4128.t1	XP_050467955.1	90.1	253	326	276	1.24e-153	430
NODE_26_length_303969_cov_35.1.g4129.t1	XP_050467956.1	99.9	704	704	704	0.0	1323
NODE_26_length_303969_cov_35.1.g4130.t1	XP_680713.1	100	384	384	523	1.46e-280	764
NODE_26_length_303969_cov_35.1.g4132.t1	XP_680715.2	100	448	448	559	1.16e-237	659
NODE_26_length_303969_cov_35.1.g4133.t1	XP_680716.1	100	941	941	941	0.0	1193
NODE_26_length_303969_cov_35.1.g4134.t1	XP_050467957.1	100	412	412	412	1.24e-298	806
NODE_26_length_303969_cov_35.1.g4135.t1	XP_050467958.1	99.8	913	1604	913	0.0	1766
NODE_26_length_303969_cov_35.1.g4136.t1	XP_680718.1	82.9	140	140	191	3.55e-78	228
NODE_26_length_303969_cov_35.1.g4137.t1	XP_680719.1	100	800	931	800	0.0	1585
NODE_26_length_303969_cov_35.1.g4138.t1	XP_680720.1	99.9	1096	1096	1096	0.0	2177
NODE_26_length_303969_cov_35.1.g4139.t1	XP_050467960.1	100	79	79	79	1.20e-23	84.0
NODE_26_length_303969_cov_35.1.g4140.t1	XP_680722.1	100	290	296	324	3.71e-198	543
NODE_26_length_303969_cov_35.1.g4141.t1	XP_680723.1	100	641	641	641	0.0	1299
NODE_26_length_303969_cov_35.1.g4142.t1	XP_680724.1	100	1407	1407	1407	0.0	2751
NODE_26_length_303969_cov_35.1.g4144.t1	XP_680726.1	100	370	370	370	5.32e-249	677
NODE_26_length_303969_cov_35.1.g4145.t1	XP_680727.1	100	579	579	579	0.0	1140
NODE_26_length_303969_cov_35.1.g4146.t1	XP_680728.1	100	490	490	490	0.0	981
NODE_26_length_303969_cov_35.1.g4147.t1	XP_680729.1	100	174	174	174	9.13e-125	347
NODE_26_length_303969_cov_35.1.g4148.t1	XP_680730.1	100	361	361	361	1.10e-241	658
NODE_26_length_303969_cov_35.1.g4149.t1	XP_680731.1	100	821	821	833	0.0	1570
NODE_26_length_303969_cov_35.1.g4150.t1	XP_680732.1	100	544	544	544	0.0	1103
NODE_26_length_303969_cov_35.1.g4151.t1	XP_680733.1	100	1062	1062	1062	0.0	2008
NODE_26_length_303969_cov_35.1.g4152.t1	XP_680734.1	100	584	584	584	0.0	1130
NODE_26_length_303969_cov_35.1.g4153.t1	XP_680735.1	99.6	448	536	476	0.0	899
NODE_26_length_303969_cov_35.1.g4154.t1	XP_680737.1	100	696	708	702	0.0	1371
NODE_26_length_303969_cov_35.1.g4155.t1	XP_680739.2	97.2	388	605	430	4.73e-274	753
NODE_26_length_303969_cov_35.1.g4156.t1	XP_680740.1	100	692	799	735	0.0	1332
NODE_26_length_303969_cov_35.1.g4157.t1	XP_680741.1	100	502	502	502	0.0	990
NODE_26_length_303969_cov_35.1.g4158.t1	XP_680742.1	100	808	808	808	0.0	1533
NODE_26_length_303969_cov_35.1.g4159.t1	XP_680743.1	100	1171	1172	1175	0.0	2196
NODE_26_length_303969_cov_35.1.g4160.t1	XP_680744.1	93.4	793	741	793	0.0	1279
NODE_26_length_303969_cov_35.1.g4161.t1	XP_680745.1	100	308	308	308	5.40e-204	558
NODE_26_length_303969_cov_35.1.g4162.t1	XP_050467961.1	100	106	106	106	6.19e-79	225
NODE_26_length_303969_cov_35.1.g4163.t1	XP_680748.1	100	533	533	574	0.0	1002
NODE_26_length_303969_cov_35.1.g4164.t1	XP_680749.1	100	830	830	830	0.0	1619
NODE_26_length_303969_cov_35.1.g4165.t1	XP_680750.1	96.2	532	513	532	0.0	875
NODE_26_length_303969_cov_35.1.g4166.t1	XP_680751.2	100	266	266	277	4.16e-146	409
NODE_26_length_303969_cov_35.1.g4167.t1	XP_680752.2	100	521	521	521	0.0	1065
NODE_26_length_303969_cov_35.1.g4168.t1	XP_680753.1	100	200	200	200	3.22e-149	410
NODE_26_length_303969_cov_35.1.g4169.t1	XP_680754.1	100	607	607	607	0.0	1144
NODE_26_length_303969_cov_35.1.g4170.t1	XP_680756.1	100	192	192	192	2.11e-141	390
NODE_26_length_303969_cov_35.1.g4171.t1	XP_680757.1	99.8	430	429	430	0.0	863
NODE_26_length_303969_cov_35.1.g4172.t1	XP_680758.1	97.0	394	411	430	2.40e-275	748
NODE_26_length_303969_cov_35.1.g4173.t1	XP_680759.1	100	546	546	546	0.0	1093
NODE_26_length_303969_cov_35.1.g4174.t1	XP_680760.1	100	249	249	249	1.90e-179	491
NODE_26_length_303969_cov_35.1.g4175.t1	XP_680761.1	100	326	326	326	1.20e-241	655
NODE_26_length_303969_cov_35.1.g4176.t1	XP_680762.1	89.8	177	177	159	4.10e-114	319
NODE_26_length_303969_cov_35.1.g4177.t1	XP_680763.2	100	427	722	432	9.60e-239	668
NODE_26_length_303969_cov_35.1.g4178.t1	XP_050467964.1	100	786	1304	791	0.0	1433
NODE_26_length_303969_cov_35.1.g4179.t1	XP_050467966.1	98.6	1321	1339	1309	0.0	2399
NODE_26_length_303969_cov_35.1.g4180.t1	XP_050467967.1	95.0	101	96	101	3.25e-66	192
NODE_26_length_303969_cov_35.1.g4181.t1	XP_680766.1	100	221	221	221	3.57e-161	442
NODE_26_length_303969_cov_35.1.g4182.t1	XP_680767.1	100	336	336	336	2.94e-238	647
NODE_26_length_303969_cov_35.1.g4183.t1	XP_680768.1	100	1768	1768	1768	0.0	3407
NODE_26_length_303969_cov_35.1.g4184.t1	XP_680769.2	100	682	687	702	0.0	1345
NODE_26_length_303969_cov_35.1.g4185.t1	XP_050467969.1	100	271	271	271	3.28e-191	523
NODE_26_length_303969_cov_35.1.g4186.t1	XP_050467970.1	92.6	433	433	410	2.67e-282	766
NODE_26_length_303969_cov_35.1.g4187.t1	XP_680772.1	100	723	723	723	0.0	1051
NODE_26_length_303969_cov_35.1.g4188.t1	XP_680773.1	100	1149	1191	1167	0.0	2198
NODE_26_length_303969_cov_35.1.g4189.t1	XP_680774.1	100	780	780	780	0.0	1610
NODE_26_length_303969_cov_35.1.g4190.t1	XP_680775.1	99.8	1829	1837	1831	0.0	3539
NODE_26_length_303969_cov_35.1.g4191.t1	XP_050467971.1	88.2	748	666	748	0.0	1241
NODE_26_length_303969_cov_35.1.g4192.t1	XP_680777.1	100	974	974	974	0.0	1908
NODE_26_length_303969_cov_35.1.g4193.t1	XP_680779.1	98.5	550	585	544	0.0	1012
NODE_26_length_303969_cov_35.1.g4194.t1	XP_680780.1	100	539	539	539	0.0	1066
NODE_26_length_303969_cov_35.1.g4196.t1	XP_680782.1	100	577	577	577	0.0	1042
NODE_26_length_303969_cov_35.1.g4197.t1	XP_050467975.1	99.2	647	691	704	0.0	1165
NODE_26_length_303969_cov_35.1.g4198.t1	XP_050467976.1	100	738	738	738	0.0	1503
NODE_26_length_303969_cov_35.1.g4199.t1	XP_680784.1	100	270	270	270	3.69e-192	525
NODE_27_length_303809_cov_33.7.g4200.t1	XP_659894.1	95.7	692	664	692	0.0	1285
NODE_27_length_303809_cov_33.7.g4201.t1	XP_659892.1	100	688	1254	703	0.0	1290
NODE_27_length_303809_cov_33.7.g4202.t1	XP_659891.1	97.1	518	506	553	0.0	992
NODE_27_length_303809_cov_33.7.g4203.t1	XP_659890.1	100	352	352	352	4.47e-257	696
NODE_27_length_303809_cov_33.7.g4204.t1	XP_659889.1	96.5	1671	1671	1612	0.0	2926
NODE_27_length_303809_cov_33.7.g4205.t1	XP_659888.1	100	648	648	648	0.0	1261
NODE_27_length_303809_cov_33.7.g4206.t1	XP_659887.1	100	494	494	494	0.0	895
NODE_27_length_303809_cov_33.7.g4207.t1	XP_659886.1	86.7	503	436	503	6.37e-316	855
NODE_27_length_303809_cov_33.7.g4208.t1	XP_659885.1	100	530	530	530	0.0	1003
NODE_27_length_303809_cov_33.7.g4209.t1	XP_659884.1	100	200	200	200	1.86e-148	409
NODE_27_length_303809_cov_33.7.g4210.t1	XP_659883.1	100	169	169	169	3.20e-118	330
NODE_27_length_303809_cov_33.7.g4211.t1	XP_659882.1	100	1371	1371	1407	0.0	2521
NODE_27_length_303809_cov_33.7.g4212.t1	XP_659881.2	98.6	429	546	428	1.62e-282	772
NODE_27_length_303809_cov_33.7.g4213.t1	XP_659880.1	100	226	226	226	2.22e-162	446
NODE_27_length_303809_cov_33.7.g4214.t1	XP_659879.2	100	254	254	254	3.85e-186	508
NODE_27_length_303809_cov_33.7.g4215.t1	XP_659878.1	100	564	564	564	0.0	1078
NODE_27_length_303809_cov_33.7.g4216.t1	XP_659877.2	100	179	179	182	7.97e-129	357
NODE_27_length_303809_cov_33.7.g4217.t1	XP_659876.1	100	335	342	352	1.20e-247	672
NODE_27_length_303809_cov_33.7.g4218.t1	XP_050468849.1	99.9	858	858	857	0.0	1670
NODE_27_length_303809_cov_33.7.g4219.t1	XP_659874.1	100	770	770	880	0.0	1538
NODE_27_length_303809_cov_33.7.g4220.t1	XP_659873.1	100	886	886	886	0.0	1718
NODE_27_length_303809_cov_33.7.g4221.t1	XP_050468848.1	95.2	354	337	354	4.47e-249	675
NODE_27_length_303809_cov_33.7.g4222.t1	XP_659871.1	98.0	759	759	744	0.0	1417
NODE_27_length_303809_cov_33.7.g4223.t1	XP_659870.1	100	963	963	963	0.0	1902
NODE_27_length_303809_cov_33.7.g4224.t1	XP_659869.1	100	641	641	641	0.0	1271
NODE_27_length_303809_cov_33.7.g4225.t1	XP_659868.1	100	851	851	1428	0.0	1605
NODE_27_length_303809_cov_33.7.g4228.t1	XP_659867.1	100	650	650	650	0.0	1269
NODE_27_length_303809_cov_33.7.g4229.t1	XP_659866.1	99.8	484	484	483	0.0	874
NODE_27_length_303809_cov_33.7.g4230.t1	XP_659865.2	100	534	534	534	0.0	1055
NODE_27_length_303809_cov_33.7.g4231.t1	XP_050468847.1	92.1	140	139	136	4.23e-92	261
NODE_27_length_303809_cov_33.7.g4232.t1	XP_659863.1	99.5	1162	1165	1159	0.0	2251
NODE_27_length_303809_cov_33.7.g4233.t1	XP_659862.1	100	676	676	798	0.0	1229
NODE_27_length_303809_cov_33.7.g4234.t1	XP_659861.1	100	513	513	520	0.0	1046
NODE_27_length_303809_cov_33.7.g4235.t1	XP_659860.1	100	919	919	972	0.0	1790
NODE_27_length_303809_cov_33.7.g4236.t1	XP_659859.1	100	1832	1832	1832	0.0	3553
NODE_27_length_303809_cov_33.7.g4237.t1	XP_050468846.1	100	376	516	376	2.29e-273	745
NODE_27_length_303809_cov_33.7.g4238.t1	XP_868917.1	94.2	447	447	421	1.85e-309	835
NODE_27_length_303809_cov_33.7.g4239.t1	XP_659858.1	100	447	447	447	0.0	916
NODE_27_length_303809_cov_33.7.g4240.t1	XP_659857.1	100	130	130	130	1.82e-87	249
NODE_27_length_303809_cov_33.7.g4241.t1	XP_050468845.1	89.6	164	164	147	2.72e-97	276
NODE_27_length_303809_cov_33.7.g4242.t1	XP_659855.1	100	499	499	499	0.0	965
NODE_27_length_303809_cov_33.7.g4243.t1	XP_659854.1	85.6	291	285	289	6.23e-165	457
NODE_27_length_303809_cov_33.7.g4244.t1	XP_050468844.1	100	430	432	439	9.97e-310	836
NODE_27_length_303809_cov_33.7.g4245.t1	XP_659852.1	100	498	498	498	0.0	995
NODE_27_length_303809_cov_33.7.g4246.t1	XP_050468843.1	100	120	120	120	7.37e-89	251
NODE_27_length_303809_cov_33.7.g4247.t1	XP_050468842.1	97.9	478	478	497	0.0	949
NODE_27_length_303809_cov_33.7.g4248.t1	XP_050468841.1	93.3	466	466	459	0.0	865
NODE_27_length_303809_cov_33.7.g4249.t1	XP_659851.1	100	702	702	720	0.0	1256
NODE_27_length_303809_cov_33.7.g4250.t1	XP_659850.1	97.5	1592	1592	1552	0.0	2994
NODE_27_length_303809_cov_33.7.g4251.t1	XP_659849.1	100	417	417	417	1.99e-302	816
NODE_27_length_303809_cov_33.7.g4252.t1	XP_659848.1	100	367	367	367	1.10e-260	706
NODE_27_length_303809_cov_33.7.g4253.t1	XP_050468840.1	100	454	454	454	0.0	905
NODE_27_length_303809_cov_33.7.g4254.t1	XP_050468838.1	99.8	554	811	583	0.0	1082
NODE_27_length_303809_cov_33.7.g4255.t1	XP_050468837.1	86.1	526	526	454	0.0	894
NODE_27_length_303809_cov_33.7.g4256.t1	XP_050468836.1	100	654	654	654	0.0	1287
NODE_27_length_303809_cov_33.7.g4257.t1	XP_050468835.1	100	261	261	261	4.46e-184	504
NODE_27_length_303809_cov_33.7.g4258.t1	XP_659842.1	100	377	377	377	2.72e-234	640
NODE_27_length_303809_cov_33.7.g4259.t1	XP_659841.2	100	611	611	637	0.0	1271
NODE_27_length_303809_cov_33.7.g4260.t1	XP_659840.1	100	598	649	604	0.0	1148
NODE_27_length_303809_cov_33.7.g4262.t1	XP_659838.1	100	643	889	646	0.0	1261
NODE_27_length_303809_cov_33.7.g4263.t1	XP_050468834.1	96.1	386	372	386	2.26e-259	704
NODE_27_length_303809_cov_33.7.g4264.t1	XP_050468833.1	100	542	542	542	0.0	1089
NODE_27_length_303809_cov_33.7.g4265.t1	XP_659835.1	100	624	624	624	0.0	1130
NODE_27_length_303809_cov_33.7.g4266.t1	XP_659833.1	99.8	479	932	489	0.0	968
NODE_27_length_303809_cov_33.7.g4267.t1	XP_659832.1	100	429	429	429	2.52e-302	817
NODE_27_length_303809_cov_33.7.g4268.t1	XP_659831.1	99.3	838	838	833	0.0	1667
NODE_27_length_303809_cov_33.7.g4269.t1	XP_659830.1	99.8	2426	2812	2429	0.0	4467
NODE_27_length_303809_cov_33.7.g4270.t1	XP_659828.1	100	574	574	574	0.0	1098
NODE_27_length_303809_cov_33.7.g4271.t1	XP_659827.1	100	921	921	921	0.0	1766
NODE_27_length_303809_cov_33.7.g4272.t1	XP_659826.1	100	422	422	422	8.63e-279	757
NODE_27_length_303809_cov_33.7.g4274.t1	XP_659825.1	100	177	190	177	1.09e-130	362
NODE_27_length_303809_cov_33.7.g4275.t1	XP_659824.1	90.2	254	254	229	9.60e-156	431
NODE_27_length_303809_cov_33.7.g4276.t1	XP_659823.1	97.8	635	634	666	0.0	1173
NODE_27_length_303809_cov_33.7.g4277.t1	XP_659822.1	100	770	770	770	0.0	1447
NODE_27_length_303809_cov_33.7.g4278.t1	XP_659821.1	95.6	779	779	759	0.0	1484
NODE_27_length_303809_cov_33.7.g4279.t1	XP_659820.1	100	541	541	541	0.0	968
NODE_27_length_303809_cov_33.7.g4280.t1	XP_659819.1	98.8	1252	1252	1238	0.0	2268
NODE_27_length_303809_cov_33.7.g4281.t1	XP_659818.1	100	596	596	596	0.0	1123
NODE_27_length_303809_cov_33.7.g4282.t1	XP_659817.1	100	460	460	460	2.73e-319	862
NODE_27_length_303809_cov_33.7.g4283.t1	XP_659816.1	100	246	246	246	5.88e-177	484
NODE_27_length_303809_cov_33.7.g4284.t1	XP_659815.1	100	429	429	429	2.76e-290	786
NODE_27_length_303809_cov_33.7.g4285.t1	XP_659814.1	100	610	610	610	0.0	1189
NODE_27_length_303809_cov_33.7.g4286.t1	XP_659813.1	100	300	361	307	5.86e-217	593
NODE_27_length_303809_cov_33.7.g4287.t1	XP_659812.1	100	360	360	360	4.56e-270	729
NODE_27_length_303809_cov_33.7.g4288.t1	XP_659811.1	99.3	279	277	279	2.94e-202	551
NODE_27_length_303809_cov_33.7.g4289.t1	XP_050468830.1	100	661	1068	661	0.0	1340
NODE_27_length_303809_cov_33.7.g4290.t1	XP_659809.1	100	184	184	184	4.47e-139	384
NODE_27_length_303809_cov_33.7.g4291.t1	XP_659808.1	96.0	303	303	291	9.80e-181	498
NODE_27_length_303809_cov_33.7.g4292.t1	XP_659805.1	100	544	544	544	0.0	1092
NODE_27_length_303809_cov_33.7.g4293.t1	XP_659804.1	96.9	383	372	383	2.85e-275	744
NODE_27_length_303809_cov_33.7.g4295.t1	XP_659802.1	100	372	372	372	2.04e-279	754
NODE_27_length_303809_cov_33.7.g4296.t1	XP_659801.1	100	480	480	480	0.0	982
NODE_27_length_303809_cov_33.7.g4297.t1	XP_659800.1	94.4	576	576	555	0.0	1067
NODE_27_length_303809_cov_33.7.g4298.t1	XP_659799.1	97.6	1815	1787	1800	0.0	3456
NODE_27_length_303809_cov_33.7.g4300.t1	XP_659798.1	96.2	1090	1090	1377	0.0	2057
NODE_28_length_300493_cov_33.9.g4302.t1	XP_658581.1	100	421	421	421	1.14e-294	797
NODE_28_length_300493_cov_33.9.g4303.t1	XP_658582.1	100	582	582	582	0.0	1065
NODE_28_length_300493_cov_33.9.g4304.t1	XP_658583.1	100	733	779	733	0.0	1333
NODE_28_length_300493_cov_33.9.g4305.t1	XP_658584.1	99.0	988	1000	996	0.0	1997
NODE_28_length_300493_cov_33.9.g4306.t1	XP_658585.1	100	534	534	534	0.0	1035
NODE_28_length_300493_cov_33.9.g4307.t1	XP_658586.1	100	401	401	401	1.02e-241	661
NODE_28_length_300493_cov_33.9.g4308.t1	XP_658587.1	100	316	316	316	1.18e-158	444
NODE_28_length_300493_cov_33.9.g4309.t1	XP_658588.1	100	745	745	745	0.0	1439
NODE_28_length_300493_cov_33.9.g4310.t1	XP_050469096.1	86.4	308	299	350	3.33e-157	441
NODE_28_length_300493_cov_33.9.g4311.t1	XP_658590.1	100	678	703	748	0.0	1302
NODE_28_length_300493_cov_33.9.g4312.t1	XP_658591.1	100	246	246	271	7.58e-179	490
NODE_28_length_300493_cov_33.9.g4313.t1	XP_050469095.1	100	667	667	667	0.0	1295
NODE_28_length_300493_cov_33.9.g4314.t1	XP_658593.1	100	566	566	566	0.0	1060
NODE_28_length_300493_cov_33.9.g4315.t1	XP_658594.1	96.5	884	853	884	0.0	1614
NODE_28_length_300493_cov_33.9.g4316.t1	XP_050469094.1	99.6	448	450	448	0.0	889
NODE_28_length_300493_cov_33.9.g4317.t1	XP_658596.1	100	288	288	288	8.82e-209	568
NODE_28_length_300493_cov_33.9.g4318.t1	XP_658597.1	100	496	496	496	0.0	993
NODE_28_length_300493_cov_33.9.g4319.t1	XP_050469093.1	100	311	311	311	5.88e-230	624
NODE_28_length_300493_cov_33.9.g4320.t1	XP_658598.2	100	625	625	625	0.0	1225
NODE_28_length_300493_cov_33.9.g4321.t1	XP_658599.1	100	1324	1324	1324	0.0	2245
NODE_28_length_300493_cov_33.9.g4322.t1	XP_658600.1	92.6	204	318	196	7.79e-129	364
NODE_28_length_300493_cov_33.9.g4323.t1	XP_658601.2	100	406	406	406	1.18e-293	793
NODE_28_length_300493_cov_33.9.g4325.t1	XP_050469091.1	94.9	392	392	372	4.04e-273	739
NODE_28_length_300493_cov_33.9.g4326.t1	XP_658603.1	100	529	529	529	9.01e-319	867
NODE_28_length_300493_cov_33.9.g4327.t1	XP_658604.1	100	202	202	202	5.73e-119	334
NODE_28_length_300493_cov_33.9.g4328.t1	XP_658605.1	100	728	728	728	0.0	1445
NODE_28_length_300493_cov_33.9.g4329.t1	XP_050469090.1	100	1035	1035	1035	0.0	1865
NODE_28_length_300493_cov_33.9.g4330.t1	XP_050469089.1	100	385	385	385	9.77e-280	756
NODE_28_length_300493_cov_33.9.g4331.t1	XP_658608.1	100	201	282	222	1.47e-109	315
NODE_28_length_300493_cov_33.9.g4332.t1	XP_658609.1	100	952	952	952	0.0	1850
NODE_28_length_300493_cov_33.9.g4333.t1	XP_658610.1	100	873	873	873	0.0	1758
NODE_28_length_300493_cov_33.9.g4334.t1	XP_658611.1	100	1104	1104	1104	0.0	2249
NODE_28_length_300493_cov_33.9.g4335.t1	XP_658612.1	98.8	502	613	507	0.0	994
NODE_28_length_300493_cov_33.9.g4336.t1	XP_658614.1	100	444	444	444	1.32e-307	832
NODE_28_length_300493_cov_33.9.g4337.t1	XP_050469087.1	100	235	235	265	3.30e-155	430
NODE_28_length_300493_cov_33.9.g4338.t1	XP_658616.1	100	261	261	261	8.47e-198	538
NODE_28_length_300493_cov_33.9.g4339.t1	XP_658617.1	100	301	301	301	1.07e-211	577
NODE_28_length_300493_cov_33.9.g4340.t1	XP_050469086.1	97.7	1205	1198	1205	0.0	2127
NODE_28_length_300493_cov_33.9.g4341.t1	XP_050469085.1	93.8	713	706	706	0.0	1277
NODE_28_length_300493_cov_33.9.g4342.t1	XP_658619.2	100	879	879	879	0.0	1772
NODE_28_length_300493_cov_33.9.g4343.t1	XP_658620.1	100	356	356	356	4.01e-262	709
NODE_28_length_300493_cov_33.9.g4344.t1	XP_658621.1	100	379	379	379	2.32e-284	767
NODE_28_length_300493_cov_33.9.g4345.t1	XP_658622.1	98.1	801	786	801	0.0	1420
NODE_28_length_300493_cov_33.9.g4346.t1	XP_050469084.1	100	764	764	764	0.0	1484
NODE_28_length_300493_cov_33.9.g4347.t1	XP_050469083.1	100	177	177	177	2.07e-136	376
NODE_28_length_300493_cov_33.9.g4348.t1	XP_658625.1	100	376	376	376	2.57e-275	744
NODE_28_length_300493_cov_33.9.g4349.t1	XP_050469082.1	91.4	279	255	281	9.72e-173	476
NODE_28_length_300493_cov_33.9.g4350.t1	XP_050469081.1	100	404	404	404	3.14e-297	802
NODE_28_length_300493_cov_33.9.g4351.t1	XP_050469080.1	100	868	868	868	0.0	1519
NODE_28_length_300493_cov_33.9.g4352.t1	XP_658629.1	100	1067	1067	1067	0.0	2044
NODE_28_length_300493_cov_33.9.g4353.t1	XP_658630.1	100	302	428	326	9.37e-215	591
NODE_28_length_300493_cov_33.9.g4354.t1	XP_658631.1	100	318	318	318	2.41e-212	580
NODE_28_length_300493_cov_33.9.g4355.t1	XP_658632.2	97.2	644	634	702	0.0	1198
NODE_28_length_300493_cov_33.9.g4356.t1	XP_658633.1	93.3	714	714	666	0.0	1265
NODE_28_length_300493_cov_33.9.g4357.t1	XP_658634.1	100	405	405	405	1.22e-290	785
NODE_28_length_300493_cov_33.9.g4358.t1	XP_658635.1	92.1	572	563	538	0.0	973
NODE_28_length_300493_cov_33.9.g4359.t1	XP_658636.1	100	297	297	297	1.74e-199	546
NODE_28_length_300493_cov_33.9.g4360.t1	XP_658637.1	100	440	440	440	0.0	881
NODE_28_length_300493_cov_33.9.g4361.t1	XP_658638.1	99.9	2750	2758	2793	0.0	5334
NODE_28_length_300493_cov_33.9.g4362.t1	XP_658639.1	99.4	481	479	481	0.0	968
NODE_28_length_300493_cov_33.9.g4363.t1	XP_658640.1	96.3	2617	2614	2527	0.0	4857
NODE_28_length_300493_cov_33.9.g4364.t1	XP_658641.2	100	471	471	471	0.0	946
NODE_28_length_300493_cov_33.9.g4365.t1	XP_658642.1	100	1433	1433	1433	0.0	2813
NODE_28_length_300493_cov_33.9.g4366.t1	XP_658643.1	98.4	1393	1371	1393	0.0	2568
NODE_28_length_300493_cov_33.9.g4367.t1	XP_658644.1	89.9	247	223	247	2.84e-160	441
NODE_28_length_300493_cov_33.9.g4368.t1	XP_658645.1	100	434	434	434	6.44e-264	720
NODE_28_length_300493_cov_33.9.g4369.t1	XP_658646.1	100	182	198	195	8.26e-139	384
NODE_28_length_300493_cov_33.9.g4370.t1	XP_050469077.1	100	193	193	193	2.00e-126	352
NODE_28_length_300493_cov_33.9.g4371.t1	XP_050469076.1	95.7	371	661	356	9.99e-250	691
NODE_28_length_300493_cov_33.9.g4372.t1	XP_050469075.1	100	52	74	52	1.20e-33	108
NODE_28_length_300493_cov_33.9.g4373.t1	XP_658649.1	99.5	400	398	400	4.39e-235	644
NODE_28_length_300493_cov_33.9.g4374.t1	XP_050469074.1	90.7	754	765	739	0.0	1323
NODE_28_length_300493_cov_33.9.g4375.t1	XP_658651.1	100	724	724	724	0.0	1325
NODE_28_length_300493_cov_33.9.g4376.t1	XP_658652.1	100	311	311	311	1.99e-237	643
NODE_28_length_300493_cov_33.9.g4377.t1	XP_658653.1	100	341	341	341	2.00e-243	660
NODE_28_length_300493_cov_33.9.g4378.t1	XP_658654.1	100	417	417	417	7.13e-296	800
NODE_28_length_300493_cov_33.9.g4379.t1	XP_658655.2	100	554	879	554	0.0	1077
NODE_28_length_300493_cov_33.9.g4380.t1	XP_658656.2	100	537	573	537	0.0	964
NODE_28_length_300493_cov_33.9.g4381.t1	XP_658657.2	100	768	768	773	0.0	1364
NODE_28_length_300493_cov_33.9.g4382.t1	XP_050469071.1	95.5	382	365	382	6.44e-279	753
NODE_28_length_300493_cov_33.9.g4383.t1	XP_658659.2	100	552	552	552	1.67e-279	769
NODE_28_length_300493_cov_33.9.g4384.t1	XP_658660.1	100	373	373	373	3.51e-276	746
NODE_28_length_300493_cov_33.9.g4385.t1	XP_658661.1	100	774	774	774	0.0	1539
NODE_28_length_300493_cov_33.9.g4386.t1	XP_658662.1	100	314	314	314	2.75e-170	473
NODE_28_length_300493_cov_33.9.g4387.t1	XP_658663.2	100	824	824	824	0.0	1644
NODE_28_length_300493_cov_33.9.g4388.t1	XP_050469070.1	98.7	1409	1394	1405	0.0	2652
NODE_28_length_300493_cov_33.9.g4389.t1	XP_658665.1	100	530	530	530	0.0	1026
NODE_28_length_300493_cov_33.9.g4390.t1	XP_050469069.1	97.3	365	372	376	9.28e-229	626
NODE_28_length_300493_cov_33.9.g4391.t1	XP_658667.1	100	159	159	159	3.98e-123	341
NODE_28_length_300493_cov_33.9.g4392.t1	XP_658668.1	100	441	441	441	8.53e-268	731
NODE_28_length_300493_cov_33.9.g4393.t1	XP_050469067.1	98.3	469	461	469	4.15e-257	706
NODE_28_length_300493_cov_33.9.g4394.t1	XP_050469066.1	100	268	268	268	1.45e-172	475
NODE_28_length_300493_cov_33.9.g4395.t1	XP_658671.1	100	109	109	109	4.15e-74	213
NODE_28_length_300493_cov_33.9.g4396.t1	XP_658672.1	100	460	460	460	0.0	895
NODE_28_length_300493_cov_33.9.g4397.t1	XP_658673.1	100	331	331	331	1.07e-242	658
NODE_29_length_298245_cov_34.4.g4399.t1	XP_659716.2	99.5	411	411	409	6.85e-295	796
NODE_29_length_298245_cov_34.4.g4400.t1	XP_659715.1	100	313	313	313	3.00e-224	610
NODE_29_length_298245_cov_34.4.g4401.t1	XP_659714.1	100	399	399	399	1.76e-305	822
NODE_29_length_298245_cov_34.4.g4402.t1	XP_659713.2	100	914	914	918	0.0	1759
NODE_29_length_298245_cov_34.4.g4403.t1	XP_050468811.1	100	175	175	175	5.20e-111	312
NODE_29_length_298245_cov_34.4.g4404.t1	XP_659712.2	100	303	303	303	2.10e-219	597
NODE_29_length_298245_cov_34.4.g4405.t1	XP_050468809.1	100	916	916	916	0.0	1755
NODE_29_length_298245_cov_34.4.g4406.t1	XP_659710.1	100	891	891	891	0.0	1674
NODE_29_length_298245_cov_34.4.g4407.t1	XP_659709.1	100	91	107	121	1.48e-60	179
NODE_29_length_298245_cov_34.4.g4408.t1	XP_659708.2	100	264	264	264	4.13e-186	509
NODE_29_length_298245_cov_34.4.g4409.t1	XP_659707.1	100	106	110	135	3.52e-74	214
NODE_29_length_298245_cov_34.4.g4410.t1	XP_659706.1	100	217	217	217	7.22e-159	436
NODE_29_length_298245_cov_34.4.g4411.t1	XP_659705.1	100	1010	1010	1010	0.0	1838
NODE_29_length_298245_cov_34.4.g4412.t1	XP_659704.1	100	512	512	512	0.0	973
NODE_29_length_298245_cov_34.4.g4413.t1	XP_659703.2	100	354	354	354	1.47e-272	735
NODE_29_length_298245_cov_34.4.g4414.t1	XP_050468808.1	99.4	639	656	659	0.0	1264
NODE_29_length_298245_cov_34.4.g4415.t1	XP_050468807.1	100	298	298	298	3.46e-211	575
NODE_29_length_298245_cov_34.4.g4416.t1	XP_659698.1	100	1828	1832	1858	0.0	3561
NODE_29_length_298245_cov_34.4.g4417.t1	XP_050468805.1	94.3	649	653	631	0.0	1155
NODE_29_length_298245_cov_34.4.g4418.t1	XP_659696.1	98.4	449	449	443	0.0	887
NODE_29_length_298245_cov_34.4.g4419.t1	XP_659695.2	100	508	508	508	0.0	1021
NODE_29_length_298245_cov_34.4.g4420.t1	XP_659694.1	100	677	677	677	0.0	1251
NODE_29_length_298245_cov_34.4.g4421.t1	XP_659693.2	100	230	230	230	3.29e-166	456
NODE_29_length_298245_cov_34.4.g4422.t1	XP_050468804.1	100	458	459	465	1.21e-296	805
NODE_29_length_298245_cov_34.4.g4423.t1	XP_659692.1	99.3	307	307	313	8.48e-202	553
NODE_29_length_298245_cov_34.4.g4424.t1	XP_659691.1	99.8	1534	1532	1534	0.0	2940
NODE_29_length_298245_cov_34.4.g4425.t1	XP_659690.1	97.3	1430	1430	1394	0.0	2372
NODE_29_length_298245_cov_34.4.g4426.t1	XP_659689.1	100	272	272	272	5.30e-202	550
NODE_29_length_298245_cov_34.4.g4427.t1	XP_050468803.1	100	913	1068	913	0.0	1848
NODE_29_length_298245_cov_34.4.g4428.t1	XP_659687.1	100	648	648	648	0.0	1178
NODE_29_length_298245_cov_34.4.g4429.t1	XP_659686.1	100	415	415	435	5.78e-260	709
NODE_29_length_298245_cov_34.4.g4430.t1	XP_659685.1	100	615	615	615	0.0	1155
NODE_29_length_298245_cov_34.4.g4431.t1	XP_659684.1	100	708	708	708	0.0	1206
NODE_29_length_298245_cov_34.4.g4432.t1	XP_659683.1	98.8	171	197	197	1.74e-106	302
NODE_29_length_298245_cov_34.4.g4433.t1	XP_659682.1	100	1458	1458	1458	0.0	2855
NODE_29_length_298245_cov_34.4.g4434.t1	XP_659681.1	100	728	728	728	0.0	1283
NODE_29_length_298245_cov_34.4.g4435.t1	XP_659680.1	100	974	974	974	0.0	1813
NODE_29_length_298245_cov_34.4.g4436.t1	XP_659679.1	98.5	593	584	593	0.0	1179
NODE_29_length_298245_cov_34.4.g4437.t1	XP_659678.1	87.6	539	539	472	0.0	890
NODE_29_length_298245_cov_34.4.g4438.t1	XP_659677.1	96.7	1617	1620	1680	0.0	2913
NODE_29_length_298245_cov_34.4.g4439.t1	XP_659676.1	100	1022	1022	1022	0.0	2020
NODE_29_length_298245_cov_34.4.g4440.t1	XP_659675.1	100	715	715	715	0.0	1329
NODE_29_length_298245_cov_34.4.g4441.t1	XP_659674.1	100	652	652	652	0.0	1214
NODE_29_length_298245_cov_34.4.g4442.t1	XP_659673.1	100	136	136	136	1.24e-81	234
NODE_29_length_298245_cov_34.4.g4443.t1	XP_659672.1	100	1305	1305	1305	0.0	2481
NODE_29_length_298245_cov_34.4.g4444.t1	XP_659671.1	100	848	848	848	0.0	1500
NODE_29_length_298245_cov_34.4.g4445.t1	XP_659670.1	100	581	581	581	0.0	1006
NODE_29_length_298245_cov_34.4.g4446.t1	XP_659669.1	100	1154	1154	1154	0.0	2301
NODE_29_length_298245_cov_34.4.g4447.t1	XP_659668.1	100	1038	1038	1038	0.0	2070
NODE_29_length_298245_cov_34.4.g4448.t1	XP_050468801.1	72.3	797	797	576	0.0	1011
NODE_29_length_298245_cov_34.4.g4449.t1	XP_659666.1	100	674	674	674	0.0	1293
NODE_29_length_298245_cov_34.4.g4450.t1	XP_659665.1	87.1	504	504	439	9.13e-311	842
NODE_29_length_298245_cov_34.4.g4451.t1	XP_659664.1	89.1	395	378	383	6.05e-258	701
NODE_29_length_298245_cov_34.4.g4452.t1	XP_659663.1	99.3	300	300	524	6.89e-191	533
NODE_29_length_298245_cov_34.4.g4453.t1	XP_659662.1	100	540	540	540	0.0	1090
NODE_29_length_298245_cov_34.4.g4454.t1	XP_659661.1	100	184	184	184	8.19e-117	327
NODE_29_length_298245_cov_34.4.g4455.t1	XP_659660.1	100	436	436	436	5.19e-294	796
NODE_29_length_298245_cov_34.4.g4456.t1	XP_659659.1	100	561	561	561	0.0	1059
NODE_29_length_298245_cov_34.4.g4457.t1	XP_659658.1	100	642	642	642	0.0	1260
NODE_29_length_298245_cov_34.4.g4458.t1	XP_659657.1	100	384	384	444	6.20e-272	739
NODE_29_length_298245_cov_34.4.g4459.t1	XP_659656.2	100	745	745	782	0.0	1414
NODE_29_length_298245_cov_34.4.g4460.t1	XP_659655.1	100	489	489	489	0.0	906
NODE_29_length_298245_cov_34.4.g4461.t1	XP_659654.1	100	240	240	240	1.49e-167	460
NODE_29_length_298245_cov_34.4.g4462.t1	XP_659653.1	100	414	414	414	2.62e-285	773
NODE_29_length_298245_cov_34.4.g4463.t1	XP_659652.2	100	300	317	386	9.38e-210	576
NODE_29_length_298245_cov_34.4.g4464.t1	XP_659651.2	100	149	149	149	3.95e-82	237
NODE_29_length_298245_cov_34.4.g4465.t1	XP_659650.1	99.7	326	326	337	2.37e-237	644
NODE_29_length_298245_cov_34.4.g4466.t1	XP_659649.1	100	598	598	598	0.0	1214
NODE_29_length_298245_cov_34.4.g4467.t1	XP_050468800.1	91.9	444	439	414	4.01e-275	748
NODE_29_length_298245_cov_34.4.g4468.t1	XP_050468799.1	89.7	533	533	507	0.0	884
NODE_29_length_298245_cov_34.4.g4469.t1	XP_050468798.1	100	644	644	644	0.0	1276
NODE_29_length_298245_cov_34.4.g4470.t1	XP_659645.1	100	361	361	361	4.66e-259	702
NODE_29_length_298245_cov_34.4.g4471.t1	XP_050468797.1	100	522	767	526	0.0	1055
NODE_29_length_298245_cov_34.4.g4472.t1	XP_659642.1	100	463	463	463	0.0	925
NODE_29_length_298245_cov_34.4.g4473.t1	XP_659641.1	100	336	336	336	3.33e-244	662
NODE_29_length_298245_cov_34.4.g4474.t1	XP_659640.1	100	574	574	574	0.0	1167
NODE_29_length_298245_cov_34.4.g4475.t1	XP_659639.1	99.4	2560	2560	2544	0.0	5000
NODE_29_length_298245_cov_34.4.g4476.t1	XP_659638.1	100	162	162	162	9.33e-119	330
NODE_29_length_298245_cov_34.4.g4477.t1	XP_659637.1	100	435	435	435	0.0	873
NODE_29_length_298245_cov_34.4.g4478.t1	XP_659636.1	98.8	2249	2249	2221	0.0	4346
NODE_29_length_298245_cov_34.4.g4479.t1	XP_659635.1	100	280	280	280	4.94e-211	573
NODE_29_length_298245_cov_34.4.g4480.t1	XP_659634.1	100	208	208	208	2.34e-155	427
NODE_29_length_298245_cov_34.4.g4481.t1	XP_050468794.1	100	438	438	441	0.0	900
NODE_29_length_298245_cov_34.4.g4482.t1	XP_659630.1	100	220	220	220	1.51e-157	433
NODE_29_length_298245_cov_34.4.g4483.t1	XP_659629.1	87.4	714	714	626	0.0	1162
NODE_29_length_298245_cov_34.4.g4484.t1	XP_050468792.1	100	289	300	304	1.10e-209	572
NODE_29_length_298245_cov_34.4.g4485.t1	XP_659626.1	100	527	527	527	0.0	991
NODE_29_length_298245_cov_34.4.g4486.t1	XP_659625.1	92.2	1311	1211	1311	0.0	1991
NODE_30_length_290725_cov_33.9.g4487.t1	XP_663559.1	96.4	613	592	613	0.0	1162
NODE_30_length_290725_cov_33.9.g4488.t1	XP_663558.1	100	476	476	476	0.0	952
NODE_30_length_290725_cov_33.9.g4489.t1	XP_050467040.1	100	233	233	233	1.39e-164	452
NODE_30_length_290725_cov_33.9.g4490.t1	XP_663556.1	100	487	487	487	0.0	994
NODE_30_length_290725_cov_33.9.g4491.t1	XP_663555.1	100	165	220	255	7.42e-111	317
NODE_30_length_290725_cov_33.9.g4492.t1	XP_663554.2	99.7	706	723	717	0.0	1342
NODE_30_length_290725_cov_33.9.g4493.t1	XP_663553.1	59.8	418	383	415	4.47e-108	322
NODE_30_length_290725_cov_33.9.g4494.t1	XP_663552.1	100	266	266	266	3.89e-176	484
NODE_30_length_290725_cov_33.9.g4495.t1	XP_050467041.1	100	111	111	111	3.66e-69	201
NODE_30_length_290725_cov_33.9.g4496.t1	XP_663551.1	100	856	880	962	0.0	1690
NODE_30_length_290725_cov_33.9.g4497.t1	XP_050467042.1	97.7	482	477	553	0.0	932
NODE_30_length_290725_cov_33.9.g4498.t1	XP_663549.1	100	467	467	467	1.63e-315	853
NODE_30_length_290725_cov_33.9.g4499.t1	XP_663548.1	100	534	534	536	0.0	1095
NODE_30_length_290725_cov_33.9.g4500.t1	XP_050467043.1	95.2	393	393	374	3.27e-266	722
NODE_30_length_290725_cov_33.9.g4501.t1	XP_663546.1	100	156	156	156	5.26e-113	315
NODE_30_length_290725_cov_33.9.g4502.t1	XP_663545.1	100	382	384	473	6.86e-283	768
NODE_30_length_290725_cov_33.9.g4503.t1	XP_050467044.1	100	82	82	82	1.07e-50	152
NODE_30_length_290725_cov_33.9.g4504.t1	XP_663544.1	100	142	148	142	2.95e-107	300
NODE_30_length_290725_cov_33.9.g4505.t1	XP_663543.1	100	582	582	582	0.0	1160
NODE_30_length_290725_cov_33.9.g4506.t1	XP_663542.1	96.3	215	233	272	1.07e-152	424
NODE_30_length_290725_cov_33.9.g4507.t1	XP_663541.1	100	274	274	274	3.30e-197	538
NODE_30_length_290725_cov_33.9.g4508.t1	XP_663540.1	89.7	117	105	117	6.20e-63	185
NODE_30_length_290725_cov_33.9.g4509.t1	XP_663539.1	100	663	663	663	0.0	1362
NODE_30_length_290725_cov_33.9.g4510.t1	XP_663538.1	94.8	326	385	500	1.21e-220	611
NODE_30_length_290725_cov_33.9.g4512.t1	XP_663537.1	100	514	540	559	0.0	1017
NODE_30_length_290725_cov_33.9.g4513.t1	XP_050467045.1	100	1459	1459	1459	0.0	2834
NODE_30_length_290725_cov_33.9.g4514.t1	XP_050467046.1	100	510	510	510	0.0	989
NODE_30_length_290725_cov_33.9.g4515.t1	XP_663535.1	100	563	563	563	0.0	980
NODE_30_length_290725_cov_33.9.g4516.t1	XP_663534.2	100	368	368	368	7.71e-282	760
NODE_30_length_290725_cov_33.9.g4517.t1	XP_050467047.1	92.3	404	428	412	9.43e-215	595
NODE_30_length_290725_cov_33.9.g4518.t1	XP_663531.1	100	824	824	824	0.0	1557
NODE_30_length_290725_cov_33.9.g4519.t1	XP_050467048.1	100	302	302	302	2.33e-211	576
NODE_30_length_290725_cov_33.9.g4520.t1	XP_050467049.1	100	493	493	493	7.81e-267	733
NODE_30_length_290725_cov_33.9.g4521.t1	XP_050467050.1	100	1210	1210	1210	0.0	2392
NODE_30_length_290725_cov_33.9.g4522.t1	XP_663528.1	100	722	722	733	0.0	1390
NODE_30_length_290725_cov_33.9.g4523.t1	XP_050467052.1	100	214	214	214	5.07e-153	421
NODE_30_length_290725_cov_33.9.g4524.t1	XP_050467053.1	100	831	831	831	0.0	1545
NODE_30_length_290725_cov_33.9.g4526.t1	XP_663525.1	100	556	560	997	0.0	1028
NODE_30_length_290725_cov_33.9.g4527.t1	XP_663524.1	100	679	679	698	0.0	1225
NODE_30_length_290725_cov_33.9.g4528.t1	XP_663523.2	100	425	425	603	1.26e-267	736
NODE_30_length_290725_cov_33.9.g4529.t1	XP_663522.1	100	501	501	501	0.0	1058
NODE_30_length_290725_cov_33.9.g4530.t1	XP_663521.1	100	565	565	565	0.0	1145
NODE_30_length_290725_cov_33.9.g4531.t1	XP_050467054.1	94.1	307	307	289	2.75e-199	545
NODE_30_length_290725_cov_33.9.g4532.t1	XP_050467055.1	100	189	189	189	3.00e-135	374
NODE_30_length_290725_cov_33.9.g4533.t1	XP_663518.1	95.0	823	821	790	0.0	1549
NODE_30_length_290725_cov_33.9.g4534.t1	XP_663517.1	100	351	351	351	3.54e-258	699
NODE_30_length_290725_cov_33.9.g4535.t1	XP_663516.1	100	182	182	182	1.62e-131	364
NODE_30_length_290725_cov_33.9.g4536.t1	XP_663515.1	86.0	719	719	619	0.0	1161
NODE_30_length_290725_cov_33.9.g4537.t1	XP_663514.1	100	494	494	494	0.0	919
NODE_30_length_290725_cov_33.9.g4538.t1	XP_663513.1	100	520	520	520	0.0	993
NODE_30_length_290725_cov_33.9.g4539.t1	XP_663512.1	100	284	284	284	2.71e-201	549
NODE_30_length_290725_cov_33.9.g4540.t1	XP_663511.1	100	157	157	157	6.37e-110	308
NODE_30_length_290725_cov_33.9.g4541.t1	XP_050467056.1	100	293	293	293	2.74e-210	573
NODE_30_length_290725_cov_33.9.g4542.t1	XP_663509.1	100	360	373	467	8.79e-277	751
NODE_30_length_290725_cov_33.9.g4543.t1	XP_663508.1	100	144	144	144	4.10e-93	264
NODE_30_length_290725_cov_33.9.g4544.t1	XP_663507.1	99.7	574	574	586	0.0	1160
NODE_30_length_290725_cov_33.9.g4545.t1	XP_663506.1	100	608	608	608	0.0	1186
NODE_30_length_290725_cov_33.9.g4546.t1	XP_663505.1	100	253	272	253	1.43e-181	498
NODE_30_length_290725_cov_33.9.g4547.t1	XP_663504.1	100	165	197	197	1.26e-115	325
NODE_30_length_290725_cov_33.9.g4548.t1	XP_663503.1	100	1179	1179	1179	0.0	1992
NODE_30_length_290725_cov_33.9.g4549.t1	XP_663502.2	87.4	444	444	457	6.38e-270	737
NODE_30_length_290725_cov_33.9.g4550.t1	XP_050467057.1	99.4	179	308	179	6.21e-131	368
NODE_30_length_290725_cov_33.9.g4551.t1	XP_663500.1	100	171	179	171	4.45e-128	355
NODE_30_length_290725_cov_33.9.g4552.t1	XP_663499.1	100	468	468	468	0.0	943
NODE_30_length_290725_cov_33.9.g4553.t1	XP_663498.1	100	504	504	504	0.0	936
NODE_30_length_290725_cov_33.9.g4554.t1	XP_663497.1	99.0	719	712	719	0.0	1305
NODE_30_length_290725_cov_33.9.g4555.t1	XP_663496.1	100	742	742	742	0.0	1193
NODE_30_length_290725_cov_33.9.g4556.t1	XP_663495.1	99.9	903	903	903	0.0	1707
NODE_30_length_290725_cov_33.9.g4557.t1	XP_663494.1	100	512	940	512	0.0	999
NODE_30_length_290725_cov_33.9.g4558.t1	XP_663492.1	92.1	443	443	408	1.26e-289	785
NODE_30_length_290725_cov_33.9.g4559.t1	XP_663491.1	100	384	384	384	4.36e-287	775
NODE_30_length_290725_cov_33.9.g4560.t1	XP_663490.1	100	772	772	772	0.0	1541
NODE_30_length_290725_cov_33.9.g4561.t1	XP_663489.1	99.3	2395	2409	2387	0.0	4830
NODE_30_length_290725_cov_33.9.g4562.t1	XP_663488.1	100	241	241	241	2.29e-167	460
NODE_30_length_290725_cov_33.9.g4563.t1	XP_663487.1	100	627	627	627	0.0	1294
NODE_30_length_290725_cov_33.9.g4564.t1	XP_663486.2	100	894	894	894	0.0	1690
NODE_30_length_290725_cov_33.9.g4565.t1	XP_663485.1	100	437	437	437	0.0	877
NODE_30_length_290725_cov_33.9.g4566.t1	XP_663484.1	100	124	124	124	3.90e-86	245
NODE_30_length_290725_cov_33.9.g4567.t1	XP_663483.1	100	169	169	169	5.76e-121	337
NODE_30_length_290725_cov_33.9.g4568.t1	XP_663482.1	100	421	421	421	9.74e-296	800
NODE_30_length_290725_cov_33.9.g4569.t1	XP_663481.1	99.4	639	635	639	0.0	1256
NODE_30_length_290725_cov_33.9.g4570.t1	XP_050467060.1	100	518	518	518	0.0	1011
NODE_30_length_290725_cov_33.9.g4571.t1	XP_050467062.1	100	358	358	358	5.50e-229	625
NODE_30_length_290725_cov_33.9.g4572.t1	XP_050467066.1	100	875	875	875	0.0	1695
NODE_30_length_290725_cov_33.9.g4573.t1	XP_663476.1	100	246	246	246	6.59e-174	477
NODE_30_length_290725_cov_33.9.g4574.t1	XP_050467067.1	79.6	514	514	419	3.94e-247	681
NODE_30_length_290725_cov_33.9.g4575.t1	XP_663474.1	100	1012	1012	1012	0.0	2031
NODE_30_length_290725_cov_33.9.g4576.t1	XP_050467068.1	100	383	383	383	1.05e-273	741
NODE_30_length_290725_cov_33.9.g4577.t1	XP_050467069.1	100	301	301	301	4.67e-206	563
NODE_30_length_290725_cov_33.9.g4579.t1	XP_050467071.1	100	646	1152	706	0.0	1254
NODE_30_length_290725_cov_33.9.g4580.t1	XP_050467072.1	99.3	290	290	288	3.63e-213	580
NODE_30_length_290725_cov_33.9.g4581.t1	XP_663469.1	100	656	656	656	0.0	1267
NODE_30_length_290725_cov_33.9.g4582.t1	XP_663468.1	98.3	484	484	476	0.0	914
NODE_31_length_286141_cov_32.4.g4583.t1	XP_681683.1	94.2	643	646	730	0.0	1197
NODE_31_length_286141_cov_32.4.g4584.t1	XP_681682.1	99.8	410	419	487	7.24e-293	795
NODE_31_length_286141_cov_32.4.g4585.t1	XP_681681.1	98.3	3978	3978	3930	0.0	7657
NODE_31_length_286141_cov_32.4.g4586.t1	XP_681680.1	100	519	520	519	0.0	1084
NODE_31_length_286141_cov_32.4.g4587.t1	XP_681679.1	100	589	589	624	0.0	1209
NODE_31_length_286141_cov_32.4.g4588.t1	XP_681678.1	94.1	354	354	333	2.85e-249	676
NODE_31_length_286141_cov_32.4.g4589.t1	XP_681677.1	95.9	511	506	498	0.0	937
NODE_31_length_286141_cov_32.4.g4590.t1	XP_050468084.1	93.7	63	72	63	9.82e-41	126
NODE_31_length_286141_cov_32.4.g4591.t1	XP_050468083.1	95.4	303	346	394	7.26e-212	583
NODE_31_length_286141_cov_32.4.g4592.t1	XP_681675.1	100	350	350	350	3.99e-259	701
NODE_31_length_286141_cov_32.4.g4593.t1	XP_681674.1	100	596	596	596	0.0	1205
NODE_31_length_286141_cov_32.4.g4594.t1	XP_681673.1	100	193	193	230	2.98e-141	391
NODE_31_length_286141_cov_32.4.g4595.t1	XP_681672.1	100	280	280	280	7.45e-197	538
NODE_31_length_286141_cov_32.4.g4596.t1	XP_681671.1	100	208	208	208	4.54e-153	421
NODE_31_length_286141_cov_32.4.g4597.t1	XP_681670.1	100	763	763	763	0.0	1548
NODE_31_length_286141_cov_32.4.g4598.t1	XP_681669.1	100	561	561	561	0.0	1097
NODE_31_length_286141_cov_32.4.g4599.t1	XP_681668.1	99.0	1093	1093	1116	0.0	2102
NODE_31_length_286141_cov_32.4.g4600.t1	XP_681667.1	100	364	364	364	4.15e-259	702
NODE_31_length_286141_cov_32.4.g4601.t1	XP_681666.1	99.3	152	171	180	1.15e-114	321
NODE_31_length_286141_cov_32.4.g4602.t1	XP_050468082.1	100	575	575	575	0.0	1162
NODE_31_length_286141_cov_32.4.g4603.t1	XP_681664.1	100	268	268	268	1.25e-198	541
NODE_31_length_286141_cov_32.4.g4604.t1	XP_681663.1	100	222	260	321	2.42e-163	454
NODE_31_length_286141_cov_32.4.g4605.t1	XP_681662.1	100	144	144	144	1.13e-108	303
NODE_31_length_286141_cov_32.4.g4606.t1	XP_681661.1	100	711	711	732	0.0	1456
NODE_31_length_286141_cov_32.4.g4607.t1	XP_681660.1	83.6	573	573	479	0.0	902
NODE_31_length_286141_cov_32.4.g4608.t1	XP_681659.1	100	273	273	273	2.61e-198	541
NODE_31_length_286141_cov_32.4.g4609.t1	XP_681658.1	99.8	474	474	474	0.0	991
NODE_31_length_286141_cov_32.4.g4610.t1	XP_681655.2	100	271	271	271	2.00e-201	548
NODE_31_length_286141_cov_32.4.g4611.t1	XP_050468079.1	100	222	222	222	1.55e-151	418
NODE_31_length_286141_cov_32.4.g4612.t1	XP_681654.1	100	196	196	205	1.44e-152	419
NODE_31_length_286141_cov_32.4.g4613.t1	XP_681653.2	100	282	282	282	4.06e-211	574
NODE_31_length_286141_cov_32.4.g4614.t1	XP_681652.1	100	2476	2476	2476	0.0	4939
NODE_31_length_286141_cov_32.4.g4615.t1	XP_681651.1	100	241	241	241	1.90e-113	323
NODE_31_length_286141_cov_32.4.g4616.t1	XP_681650.2	100	643	652	683	0.0	1316
NODE_31_length_286141_cov_32.4.g4617.t1	XP_681648.1	100	650	650	745	0.0	1337
NODE_31_length_286141_cov_32.4.g4619.t1	XP_681647.1	99.1	222	241	321	8.01e-157	436
NODE_31_length_286141_cov_32.4.g4620.t1	XP_681646.1	96.6	267	372	288	1.10e-194	536
NODE_31_length_286141_cov_32.4.g4621.t1	XP_681645.1	100	292	292	292	2.38e-224	608
NODE_31_length_286141_cov_32.4.g4623.t1	XP_681643.1	90.1	649	664	756	0.0	1113
NODE_31_length_286141_cov_32.4.g4624.t1	XP_681642.1	98.3	301	301	296	1.23e-218	594
NODE_31_length_286141_cov_32.4.g4625.t1	XP_681640.1	85.2	203	176	217	2.97e-113	319
NODE_31_length_286141_cov_32.4.g4626.t1	XP_681639.1	96.8	697	697	675	0.0	1355
NODE_31_length_286141_cov_32.4.g4627.t1	XP_681638.1	100	2822	2822	2822	0.0	5654
NODE_31_length_286141_cov_32.4.g4628.t1	XP_681637.1	75.1	406	406	305	6.56e-195	539
NODE_31_length_286141_cov_32.4.g4629.t1	XP_681636.1	100	260	260	260	9.15e-197	536
NODE_31_length_286141_cov_32.4.g4630.t1	XP_868885.1	98.7	519	543	616	0.0	1048
NODE_31_length_286141_cov_32.4.g4631.t1	XP_681635.1	100	443	443	443	0.0	868
NODE_31_length_286141_cov_32.4.g4632.t1	XP_681634.1	100	705	705	705	0.0	1363
NODE_31_length_286141_cov_32.4.g4633.t1	XP_050468075.1	98.9	530	528	530	0.0	1066
NODE_31_length_286141_cov_32.4.g4634.t1	XP_681631.1	100	314	314	314	4.17e-236	640
NODE_31_length_286141_cov_32.4.g4635.t1	XP_681630.1	100	763	826	769	0.0	1533
NODE_31_length_286141_cov_32.4.g4636.t1	XP_681629.1	100	285	285	285	4.22e-210	572
NODE_31_length_286141_cov_32.4.g4637.t1	XP_681628.1	84.8	387	403	378	3.06e-231	634
NODE_31_length_286141_cov_32.4.g4638.t1	XP_050468073.1	100	535	535	535	0.0	1082
NODE_31_length_286141_cov_32.4.g4639.t1	XP_681626.1	93.7	600	669	632	0.0	1135
NODE_31_length_286141_cov_32.4.g4640.t1	XP_681625.1	100	387	454	387	2.12e-281	763
NODE_31_length_286141_cov_32.4.g4641.t1	XP_681624.1	98.3	535	535	526	0.0	1025
NODE_31_length_286141_cov_32.4.g4642.t1	XP_681623.1	100	303	303	303	2.94e-210	573
NODE_31_length_286141_cov_32.4.g4643.t1	XP_681622.1	65.0	180	269	142	1.47e-60	187
NODE_31_length_286141_cov_32.4.g4644.t1	XP_681621.1	90.4	270	331	260	4.57e-172	476
NODE_31_length_286141_cov_32.4.g4645.t1	XP_681620.1	100	614	614	614	0.0	1260
NODE_31_length_286141_cov_32.4.g4646.t1	XP_660916.1	30.8	143	237	249	2.14e-13	66.2
NODE_31_length_286141_cov_32.4.g4647.t1	XP_050468072.1	100	100	100	100	5.06e-73	210
NODE_31_length_286141_cov_32.4.g4648.t1	XP_681618.1	76.1	427	427	349	1.64e-218	602
NODE_31_length_286141_cov_32.4.g4650.t1	XP_681616.1	86.0	522	525	470	3.20e-319	865
NODE_31_length_286141_cov_32.4.g4651.t1	XP_681615.2	100	442	442	442	0.0	893
NODE_31_length_286141_cov_32.4.g4652.t1	XP_050468071.1	93.8	673	997	683	0.0	1238
NODE_31_length_286141_cov_32.4.g4653.t1	XP_681613.1	100	1462	1462	1462	0.0	2902
NODE_31_length_286141_cov_32.4.g4654.t1	XP_681612.1	100	135	135	135	5.55e-98	276
NODE_31_length_286141_cov_32.4.g4655.t1	XP_050468070.1	95.9	443	470	456	8.32e-307	831
NODE_31_length_286141_cov_32.4.g4656.t1	XP_681610.1	100	608	654	608	0.0	1277
NODE_31_length_286141_cov_32.4.g4657.t1	XP_681609.1	84.5	555	545	503	3.82e-304	830
NODE_31_length_286141_cov_32.4.g4659.t1	XP_681608.1	100	405	405	405	4.17e-282	764
NODE_31_length_286141_cov_32.4.g4660.t1	XP_050468069.1	100	565	565	565	0.0	1140
NODE_31_length_286141_cov_32.4.g4661.t1	XP_681606.1	100	351	351	351	9.07e-261	705
NODE_31_length_286141_cov_32.4.g4662.t1	XP_681605.1	58.0	264	263	207	7.72e-82	243
NODE_31_length_286141_cov_32.4.g4663.t1	XP_681604.2	100	282	308	282	9.28e-217	589
NODE_31_length_286141_cov_32.4.g4664.t1	XP_681603.1	99.1	568	568	563	0.0	1130
NODE_31_length_286141_cov_32.4.g4665.t1	XP_681602.1	100	182	182	182	1.05e-127	355
NODE_31_length_286141_cov_32.4.g4666.t1	XP_050468067.1	96.9	288	477	346	1.13e-202	563
NODE_31_length_286141_cov_32.4.g4668.t1	XP_681598.1	97.6	617	946	631	0.0	1204
NODE_31_length_286141_cov_32.4.g4669.t1	XP_681597.1	99.5	206	327	271	1.51e-139	394
NODE_31_length_286141_cov_32.4.g4670.t1	XP_681596.1	100	380	380	380	4.78e-273	739
NODE_31_length_286141_cov_32.4.g4671.t1	XP_681595.1	100	93	93	111	1.32e-64	189
NODE_31_length_286141_cov_32.4.g4672.t1	XP_681594.1	100	150	172	268	9.82e-111	315
NODE_31_length_286141_cov_32.4.g4673.t1	XP_681593.1	100	179	179	282	2.68e-127	357
NODE_32_length_278696_cov_34.1.g4674.t1	XP_660555.1	100	428	428	428	1.64e-318	858
NODE_32_length_278696_cov_34.1.g4675.t1	XP_050468491.1	93.2	278	278	259	1.66e-183	503
NODE_32_length_278696_cov_34.1.g4676.t1	XP_660557.2	100	314	314	314	3.33e-217	592
NODE_32_length_278696_cov_34.1.g4677.t1	XP_660558.1	100	912	912	912	0.0	1472
NODE_32_length_278696_cov_34.1.g4678.t1	XP_660559.1	100	2880	2880	2880	0.0	5751
NODE_32_length_278696_cov_34.1.g4679.t1	XP_660560.1	95.4	629	762	654	0.0	1189
NODE_32_length_278696_cov_34.1.g4680.t1	XP_660561.1	100	547	554	547	0.0	1107
NODE_32_length_278696_cov_34.1.g4681.t1	XP_660562.1	100	520	525	520	0.0	1056
NODE_32_length_278696_cov_34.1.g4682.t1	XP_660563.1	100	548	555	565	0.0	1119
NODE_32_length_278696_cov_34.1.g4683.t1	XP_660564.1	100	384	384	384	3.10e-296	798
NODE_32_length_278696_cov_34.1.g4685.t1	XP_660567.1	99.9	1251	1442	1261	0.0	2222
NODE_32_length_278696_cov_34.1.g4686.t1	XP_660568.1	100	296	296	296	8.71e-204	556
NODE_32_length_278696_cov_34.1.g4687.t1	XP_660569.1	100	554	554	592	0.0	1142
NODE_32_length_278696_cov_34.1.g4688.t1	XP_050468486.1	99.6	477	815	497	0.0	936
NODE_32_length_278696_cov_34.1.g4689.t1	XP_660571.1	100	437	445	437	3.07e-316	853
NODE_32_length_278696_cov_34.1.g4690.t1	XP_660572.2	100	287	292	287	6.10e-219	594
NODE_32_length_278696_cov_34.1.g4693.t1	XP_050468484.1	100	387	387	387	8.62e-275	744
NODE_32_length_278696_cov_34.1.g4694.t1	XP_050468483.1	100	308	308	308	6.81e-223	606
NODE_32_length_278696_cov_34.1.g4695.t1	XP_660575.1	100	424	424	431	4.08e-314	847
NODE_32_length_278696_cov_34.1.g4696.t1	XP_660576.1	100	130	249	135	3.46e-89	258
NODE_32_length_278696_cov_34.1.g4697.t1	XP_660577.1	100	1107	1108	1107	0.0	2129
NODE_32_length_278696_cov_34.1.g4698.t1	XP_660578.1	95.0	464	463	477	5.26e-320	865
NODE_32_length_278696_cov_34.1.g4699.t1	XP_660579.2	100	111	111	111	1.61e-63	187
NODE_32_length_278696_cov_34.1.g4700.t1	XP_660580.1	95.6	183	175	183	1.64e-118	331
NODE_32_length_278696_cov_34.1.g4701.t1	XP_050468482.1	99.5	378	378	376	4.13e-277	749
NODE_32_length_278696_cov_34.1.g4702.t1	XP_050468481.1	100	135	135	135	2.40e-74	216
NODE_32_length_278696_cov_34.1.g4703.t1	XP_050468480.1	100	322	322	382	1.74e-226	619
NODE_32_length_278696_cov_34.1.g4704.t1	XP_660584.1	100	109	109	109	6.36e-78	223
NODE_32_length_278696_cov_34.1.g4705.t1	XP_660585.1	100	511	511	511	0.0	1035
NODE_32_length_278696_cov_34.1.g4706.t1	XP_660586.1	90.1	536	583	516	0.0	909
NODE_32_length_278696_cov_34.1.g4707.t1	XP_660587.1	100	1001	1001	1001	0.0	1853
NODE_32_length_278696_cov_34.1.g4708.t1	XP_660588.1	100	605	605	605	0.0	1009
NODE_32_length_278696_cov_34.1.g4709.t1	XP_050468479.1	100	626	626	626	0.0	1176
NODE_32_length_278696_cov_34.1.g4710.t1	XP_050468478.1	100	300	300	300	2.39e-203	556
NODE_32_length_278696_cov_34.1.g4711.t1	XP_660591.1	100	337	337	337	7.79e-239	649
NODE_32_length_278696_cov_34.1.g4712.t1	XP_660592.2	100	269	269	269	7.81e-198	539
NODE_32_length_278696_cov_34.1.g4713.t1	XP_660593.2	100	110	118	128	1.65e-75	218
NODE_32_length_278696_cov_34.1.g4714.t1	XP_660594.1	100	175	192	175	1.62e-123	344
NODE_32_length_278696_cov_34.1.g4715.t1	XP_660595.1	100	128	128	128	1.69e-82	236
NODE_32_length_278696_cov_34.1.g4716.t1	XP_050468477.1	93.3	326	326	304	8.38e-198	543
NODE_32_length_278696_cov_34.1.g4717.t1	XP_050468476.1	95.4	373	356	373	8.59e-220	603
NODE_32_length_278696_cov_34.1.g4718.t1	XP_660598.1	98.1	1008	1152	1133	0.0	1977
NODE_32_length_278696_cov_34.1.g4719.t1	XP_050468475.1	100	232	260	253	2.27e-152	423
NODE_32_length_278696_cov_34.1.g4720.t1	XP_660600.1	100	154	154	154	5.48e-105	295
NODE_32_length_278696_cov_34.1.g4721.t1	XP_660601.1	100	336	336	336	6.81e-253	684
NODE_32_length_278696_cov_34.1.g4722.t1	XP_660602.2	100	939	939	1031	0.0	1830
NODE_32_length_278696_cov_34.1.g4724.t1	XP_660604.1	100	206	206	206	1.16e-154	425
NODE_32_length_278696_cov_34.1.g4725.t1	XP_660605.1	100	394	394	394	2.34e-287	776
NODE_32_length_278696_cov_34.1.g4726.t1	XP_660606.1	100	624	624	624	0.0	1243
NODE_32_length_278696_cov_34.1.g4727.t1	XP_660607.1	100	544	544	544	0.0	1053
NODE_32_length_278696_cov_34.1.g4728.t1	XP_660608.1	100	350	397	393	1.32e-234	643
NODE_32_length_278696_cov_34.1.g4729.t1	XP_660609.1	99.9	796	796	796	0.0	1528
NODE_32_length_278696_cov_34.1.g4730.t1	XP_660610.1	100	284	284	321	2.97e-207	566
NODE_32_length_278696_cov_34.1.g4731.t1	XP_660612.1	100	116	116	116	2.62e-78	224
NODE_32_length_278696_cov_34.1.g4732.t1	XP_660613.1	100	595	705	698	0.0	1238
NODE_32_length_278696_cov_34.1.g4733.t1	XP_660614.1	100	415	415	415	1.76e-256	700
NODE_32_length_278696_cov_34.1.g4734.t1	XP_660615.1	100	119	119	119	2.21e-85	243
NODE_32_length_278696_cov_34.1.g4735.t1	XP_660616.1	98.6	1250	1232	1250	0.0	2411
NODE_32_length_278696_cov_34.1.g4736.t1	XP_660617.1	100	763	763	763	0.0	1603
NODE_32_length_278696_cov_34.1.g4737.t1	XP_660618.1	100	1410	1410	1410	0.0	2752
NODE_32_length_278696_cov_34.1.g4739.t1	XP_660619.1	100	291	292	291	1.55e-197	540
NODE_32_length_278696_cov_34.1.g4740.t1	XP_050468472.1	94.5	330	330	312	3.71e-220	600
NODE_32_length_278696_cov_34.1.g4741.t1	XP_660621.1	100	398	398	416	2.28e-305	823
NODE_32_length_278696_cov_34.1.g4742.t1	XP_660622.1	100	414	414	414	9.63e-313	842
NODE_32_length_278696_cov_34.1.g4743.t1	XP_660623.2	100	276	276	276	1.50e-194	531
NODE_32_length_278696_cov_34.1.g4745.t1	XP_660624.1	100	548	591	1068	0.0	1100
NODE_32_length_278696_cov_34.1.g4746.t1	XP_660625.1	89.1	970	902	954	0.0	1660
NODE_32_length_278696_cov_34.1.g4747.t1	XP_660626.1	100	407	407	407	4.32e-301	812
NODE_32_length_278696_cov_34.1.g4748.t1	XP_660627.1	92.0	464	880	489	4.16e-311	860
NODE_32_length_278696_cov_34.1.g4749.t1	XP_660629.1	99.2	237	248	248	1.17e-168	464
NODE_32_length_278696_cov_34.1.g4750.t1	XP_660630.2	99.9	1205	1211	1205	0.0	1997
NODE_32_length_278696_cov_34.1.g4751.t1	XP_660632.1	100	360	360	360	1.94e-148	422
NODE_32_length_278696_cov_34.1.g4752.t1	XP_660633.1	97.5	766	747	766	0.0	1433
NODE_32_length_278696_cov_34.1.g4753.t1	XP_660634.1	86.6	417	417	361	4.29e-265	719
NODE_32_length_278696_cov_34.1.g4754.t1	XP_660635.1	99.4	520	520	517	0.0	1006
NODE_32_length_278696_cov_34.1.g4755.t1	XP_660636.1	88.2	434	410	432	2.52e-73	234
NODE_32_length_278696_cov_34.1.g4756.t1	XP_660637.1	100	521	521	521	0.0	974
NODE_32_length_278696_cov_34.1.g4757.t1	XP_660638.1	100	303	303	303	3.58e-211	576
NODE_32_length_278696_cov_34.1.g4759.t1	XP_660639.1	100	761	761	761	0.0	1461
NODE_32_length_278696_cov_34.1.g4760.t1	XP_660640.1	97.5	275	268	275	4.21e-169	467
NODE_32_length_278696_cov_34.1.g4761.t1	XP_660641.1	94.0	646	722	640	0.0	1202
NODE_32_length_278696_cov_34.1.g4762.t1	XP_660642.2	97.6	574	574	564	0.0	1044
NODE_32_length_278696_cov_34.1.g4763.t1	XP_660643.1	100	352	352	352	4.28e-255	691
NODE_32_length_278696_cov_34.1.g4764.t1	XP_660644.1	100	569	569	569	0.0	933
NODE_32_length_278696_cov_34.1.g4765.t1	XP_050468471.1	100	490	498	542	0.0	970
NODE_32_length_278696_cov_34.1.g4766.t1	XP_660646.2	100	263	263	263	4.43e-111	319
NODE_32_length_278696_cov_34.1.g4767.t1	XP_660647.1	99.8	484	484	483	0.0	984
NODE_32_length_278696_cov_34.1.g4768.t1	XP_660648.1	92.7	413	410	386	6.20e-292	788
NODE_32_length_278696_cov_34.1.g4769.t1	XP_660650.1	100	287	287	287	7.07e-219	594
NODE_33_length_274685_cov_33.6.g4770.t1	XP_661681.1	100	539	539	539	0.0	997
NODE_33_length_274685_cov_33.6.g4771.t1	XP_050467370.1	78.0	831	831	649	0.0	1143
NODE_33_length_274685_cov_33.6.g4773.t1	XP_661678.1	100	497	506	552	0.0	949
NODE_33_length_274685_cov_33.6.g4774.t1	XP_661676.2	100	1232	1489	1236	0.0	2024
NODE_33_length_274685_cov_33.6.g4775.t1	XP_661675.2	86.8	317	275	355	2.54e-177	491
NODE_33_length_274685_cov_33.6.g4776.t1	XP_050467371.1	100	256	256	256	4.88e-190	518
NODE_33_length_274685_cov_33.6.g4777.t1	XP_661673.1	100	128	128	128	1.29e-86	246
NODE_33_length_274685_cov_33.6.g4778.t1	XP_661672.1	100	424	424	424	2.59e-297	804
NODE_33_length_274685_cov_33.6.g4779.t1	XP_661671.1	100	207	207	207	4.87e-143	395
NODE_33_length_274685_cov_33.6.g4780.t1	XP_661670.1	93.3	1348	1330	1281	0.0	2420
NODE_33_length_274685_cov_33.6.g4781.t1	XP_661669.1	100	598	598	598	0.0	1011
NODE_33_length_274685_cov_33.6.g4782.t1	XP_661668.1	100	311	311	311	3.65e-224	609
NODE_33_length_274685_cov_33.6.g4783.t1	XP_661667.1	100	315	315	315	1.69e-148	418
NODE_33_length_274685_cov_33.6.g4784.t1	XP_050467372.1	100	365	365	365	1.07e-266	721
NODE_33_length_274685_cov_33.6.g4785.t1	XP_661665.1	100	134	143	172	1.76e-93	266
NODE_33_length_274685_cov_33.6.g4786.t1	XP_661664.1	100	148	148	148	2.75e-102	288
NODE_33_length_274685_cov_33.6.g4787.t1	XP_661662.1	97.4	608	608	603	0.0	1164
NODE_33_length_274685_cov_33.6.g4788.t1	XP_661661.1	100	663	663	663	0.0	1321
NODE_33_length_274685_cov_33.6.g4789.t1	XP_661660.1	100	444	444	444	0.0	886
NODE_33_length_274685_cov_33.6.g4790.t1	XP_661659.1	100	406	406	406	4.05e-310	835
NODE_33_length_274685_cov_33.6.g4791.t1	XP_661658.1	100	488	602	488	0.0	945
NODE_33_length_274685_cov_33.6.g4792.t1	XP_661657.1	99.8	1057	1057	1055	0.0	2040
NODE_33_length_274685_cov_33.6.g4793.t1	XP_661656.1	100	403	493	486	4.74e-308	837
NODE_33_length_274685_cov_33.6.g4794.t1	XP_661655.1	100	286	286	286	6.21e-208	566
NODE_33_length_274685_cov_33.6.g4795.t1	XP_661654.1	100	482	482	482	0.0	943
NODE_33_length_274685_cov_33.6.g4796.t1	XP_661653.1	100	234	234	234	1.14e-143	399
NODE_33_length_274685_cov_33.6.g4797.t1	XP_661652.1	100	404	404	404	4.09e-293	791
NODE_33_length_274685_cov_33.6.g4798.t1	XP_661651.1	98.7	389	398	436	1.02e-258	706
NODE_33_length_274685_cov_33.6.g4799.t1	XP_661650.1	100	491	530	491	0.0	971
NODE_33_length_274685_cov_33.6.g4800.t1	XP_661649.1	100	463	463	463	2.01e-307	833
NODE_33_length_274685_cov_33.6.g4801.t1	XP_050467373.1	97.6	847	866	847	0.0	1488
NODE_33_length_274685_cov_33.6.g4802.t1	XP_050467374.1	100	1116	1178	1240	0.0	2199
NODE_33_length_274685_cov_33.6.g4803.t1	XP_661647.1	100	621	621	621	0.0	1175
NODE_33_length_274685_cov_33.6.g4804.t1	XP_050467375.1	100	531	531	531	0.0	1083
NODE_33_length_274685_cov_33.6.g4805.t1	XP_661645.1	100	193	193	193	3.51e-145	400
NODE_33_length_274685_cov_33.6.g4806.t1	XP_661644.1	100	404	429	523	4.91e-307	833
NODE_33_length_274685_cov_33.6.g4807.t1	XP_661643.1	100	232	232	232	6.90e-169	463
NODE_33_length_274685_cov_33.6.g4808.t1	XP_661642.1	100	1072	1072	1072	0.0	1629
NODE_33_length_274685_cov_33.6.g4809.t1	XP_661641.1	96.9	1260	1221	1260	0.0	2407
NODE_33_length_274685_cov_33.6.g4810.t1	XP_661639.1	89.2	798	1143	774	0.0	1310
NODE_33_length_274685_cov_33.6.g4811.t1	XP_661638.1	100	219	219	219	3.57e-135	377
NODE_33_length_274685_cov_33.6.g4812.t1	XP_050467376.1	95.1	123	123	118	1.03e-75	218
NODE_33_length_274685_cov_33.6.g4813.t1	XP_661636.1	100	924	924	924	0.0	1788
NODE_33_length_274685_cov_33.6.g4814.t1	XP_661635.2	100	149	149	170	5.38e-96	273
NODE_33_length_274685_cov_33.6.g4815.t1	XP_050467377.1	97.2	752	1000	811	0.0	1458
NODE_33_length_274685_cov_33.6.g4816.t1	XP_661632.1	100	1144	1144	1144	0.0	2119
NODE_33_length_274685_cov_33.6.g4817.t1	XP_661631.1	100	475	475	475	0.0	908
NODE_33_length_274685_cov_33.6.g4818.t1	XP_661630.1	100	796	796	796	0.0	1608
NODE_33_length_274685_cov_33.6.g4819.t1	XP_661629.1	100	380	380	380	5.91e-283	764
NODE_33_length_274685_cov_33.6.g4820.t1	XP_661628.1	100	509	509	564	0.0	929
NODE_33_length_274685_cov_33.6.g4821.t1	XP_661627.1	98.8	173	185	179	2.91e-116	326
NODE_33_length_274685_cov_33.6.g4822.t1	XP_661626.1	100	750	760	750	0.0	1287
NODE_33_length_274685_cov_33.6.g4823.t1	XP_661625.1	96.9	422	410	422	1.74e-268	730
NODE_33_length_274685_cov_33.6.g4824.t1	XP_661623.2	99.4	530	527	530	0.0	1012
NODE_33_length_274685_cov_33.6.g4825.t1	XP_661622.1	99.7	772	797	772	0.0	1580
NODE_33_length_274685_cov_33.6.g4826.t1	XP_661621.1	100	301	301	301	5.16e-219	595
NODE_33_length_274685_cov_33.6.g4828.t1	XP_050467380.1	96.9	523	515	558	0.0	1004
NODE_33_length_274685_cov_33.6.g4829.t1	XP_661619.1	100	159	159	159	9.75e-115	320
NODE_33_length_274685_cov_33.6.g4830.t1	XP_050467381.1	100	657	1033	670	0.0	1256
NODE_33_length_274685_cov_33.6.g4831.t1	XP_661617.1	99.5	864	860	864	0.0	1646
NODE_33_length_274685_cov_33.6.g4832.t1	XP_661616.1	98.3	532	535	533	0.0	1092
NODE_33_length_274685_cov_33.6.g4833.t1	XP_661615.1	100	476	476	476	0.0	921
NODE_33_length_274685_cov_33.6.g4834.t1	XP_661614.1	100	717	717	717	0.0	1454
NODE_33_length_274685_cov_33.6.g4835.t1	XP_661613.1	100	401	401	401	7.49e-283	765
NODE_33_length_274685_cov_33.6.g4836.t1	XP_661612.1	100	403	403	403	1.06e-299	808
NODE_33_length_274685_cov_33.6.g4837.t1	XP_661611.2	100	506	506	506	0.0	987
NODE_33_length_274685_cov_33.6.g4838.t1	XP_050467382.1	100	442	442	442	0.0	888
NODE_33_length_274685_cov_33.6.g4839.t1	XP_661610.1	100	610	610	610	0.0	1215
NODE_33_length_274685_cov_33.6.g4840.t1	XP_661609.1	96.4	197	242	223	3.60e-135	378
NODE_33_length_274685_cov_33.6.g4841.t1	XP_661608.1	78.3	207	224	324	2.07e-108	313
NODE_33_length_274685_cov_33.6.g4842.t1	XP_661607.1	100	351	351	351	5.47e-262	708
NODE_33_length_274685_cov_33.6.g4843.t1	XP_661605.1	100	672	1208	672	0.0	1288
NODE_33_length_274685_cov_33.6.g4844.t1	XP_050467385.1	100	732	732	732	0.0	1317
NODE_33_length_274685_cov_33.6.g4845.t1	XP_661603.1	100	1222	1222	1222	0.0	2385
NODE_33_length_274685_cov_33.6.g4846.t1	XP_661602.1	100	253	262	335	4.17e-184	507
NODE_33_length_274685_cov_33.6.g4847.t1	XP_661601.1	100	437	437	437	3.68e-315	850
NODE_33_length_274685_cov_33.6.g4848.t1	XP_661600.1	100	221	221	221	9.82e-159	436
NODE_33_length_274685_cov_33.6.g4849.t1	XP_661599.1	99.7	347	356	357	4.39e-248	674
NODE_33_length_274685_cov_33.6.g4850.t1	XP_661598.1	100	342	342	342	2.49e-258	698
NODE_33_length_274685_cov_33.6.g4851.t1	XP_661597.1	97.4	196	304	198	4.69e-134	377
NODE_33_length_274685_cov_33.6.g4852.t1	XP_661596.1	100	735	735	735	0.0	1490
NODE_33_length_274685_cov_33.6.g4853.t1	XP_661595.1	97.6	501	501	489	0.0	979
NODE_33_length_274685_cov_33.6.g4854.t1	XP_661594.1	100	524	524	524	0.0	1060
NODE_33_length_274685_cov_33.6.g4855.t1	XP_661592.1	93.7	1468	1468	1377	0.0	2692
NODE_33_length_274685_cov_33.6.g4856.t1	XP_661591.1	100	580	580	580	0.0	1192
NODE_33_length_274685_cov_33.6.g4857.t1	XP_050467386.1	97.2	675	656	675	0.0	1296
NODE_33_length_274685_cov_33.6.g4858.t1	XP_661589.1	100	487	487	487	0.0	989
NODE_33_length_274685_cov_33.6.g4859.t1	XP_661588.1	100	228	268	234	3.25e-161	445
NODE_33_length_274685_cov_33.6.g4860.t1	XP_050467387.1	86.8	159	159	139	1.44e-89	256
NODE_33_length_274685_cov_33.6.g4861.t1	XP_661586.1	99.2	393	393	391	5.21e-299	805
NODE_34_length_273998_cov_33.7.g4862.t1	XP_664485.1	100	190	190	190	1.54e-133	370
NODE_34_length_273998_cov_33.7.g4863.t1	XP_664486.1	100	320	338	334	1.40e-236	643
NODE_34_length_273998_cov_33.7.g4864.t1	XP_664487.1	97.9	475	475	465	0.0	932
NODE_34_length_273998_cov_33.7.g4865.t1	XP_664488.2	90.7	668	668	691	0.0	1162
NODE_34_length_273998_cov_33.7.g4866.t1	XP_664490.1	100	760	760	760	0.0	1484
NODE_34_length_273998_cov_33.7.g4867.t1	XP_664491.1	100	689	689	745	0.0	1294
NODE_34_length_273998_cov_33.7.g4868.t1	XP_664492.1	100	386	386	386	1.40e-284	768
NODE_34_length_273998_cov_33.7.g4869.t1	XP_664493.1	99.2	1046	1652	1046	0.0	2009
NODE_34_length_273998_cov_33.7.g4870.t1	XP_664495.1	100	357	357	357	2.64e-247	672
NODE_34_length_273998_cov_33.7.g4871.t1	XP_664496.1	100	566	566	566	0.0	1021
NODE_34_length_273998_cov_33.7.g4872.t1	XP_664497.1	100	698	698	698	0.0	1326
NODE_34_length_273998_cov_33.7.g4873.t1	XP_664498.1	100	580	580	580	0.0	1131
NODE_34_length_273998_cov_33.7.g4874.t1	XP_050467189.1	97.4	76	80	78	2.06e-49	149
NODE_34_length_273998_cov_33.7.g4875.t1	XP_664499.1	88.5	747	793	661	0.0	1248
NODE_34_length_273998_cov_33.7.g4876.t1	XP_664500.1	96.1	799	799	796	0.0	1483
NODE_34_length_273998_cov_33.7.g4877.t1	XP_664501.1	100	935	935	935	0.0	1703
NODE_34_length_273998_cov_33.7.g4878.t1	XP_050467190.1	92.0	226	208	226	1.61e-116	329
NODE_34_length_273998_cov_33.7.g4879.t1	XP_664503.1	100	532	532	569	0.0	1009
NODE_34_length_273998_cov_33.7.g4880.t1	XP_664504.1	100	249	249	249	3.02e-176	483
NODE_34_length_273998_cov_33.7.g4881.t1	XP_664505.1	95.1	449	449	427	2.03e-299	810
NODE_34_length_273998_cov_33.7.g4882.t1	XP_664506.1	100	246	246	246	2.40e-176	483
NODE_34_length_273998_cov_33.7.g4883.t1	XP_664507.1	98.4	373	367	373	2.86e-207	572
NODE_34_length_273998_cov_33.7.g4884.t1	XP_664508.1	100	137	137	137	4.03e-101	284
NODE_34_length_273998_cov_33.7.g4885.t1	XP_664510.1	100	475	475	475	1.29e-316	857
NODE_34_length_273998_cov_33.7.g4887.t1	XP_050467191.1	99.5	184	184	246	1.94e-113	321
NODE_34_length_273998_cov_33.7.g4888.t1	XP_050467192.1	100	579	579	579	7.08e-220	620
NODE_34_length_273998_cov_33.7.g4889.t1	XP_664512.2	97.7	567	567	554	0.0	1049
NODE_34_length_273998_cov_33.7.g4890.t1	XP_664513.1	100	390	390	390	1.71e-287	776
NODE_34_length_273998_cov_33.7.g4892.t1	XP_050467194.1	100	829	829	829	0.0	1648
NODE_34_length_273998_cov_33.7.g4893.t1	XP_664516.1	100	166	166	166	6.97e-107	301
NODE_34_length_273998_cov_33.7.g4894.t1	XP_664517.1	100	630	630	630	0.0	1244
NODE_34_length_273998_cov_33.7.g4895.t1	XP_664518.1	100	213	213	213	1.39e-145	402
NODE_34_length_273998_cov_33.7.g4896.t1	XP_664519.1	100	585	585	585	0.0	1130
NODE_34_length_273998_cov_33.7.g4897.t1	XP_868833.1	100	216	216	216	6.84e-127	355
NODE_34_length_273998_cov_33.7.g4898.t1	XP_664521.1	100	298	298	298	1.66e-218	594
NODE_34_length_273998_cov_33.7.g4899.t1	XP_664522.1	100	247	247	247	7.12e-174	477
NODE_34_length_273998_cov_33.7.g4900.t1	XP_664523.1	96.9	458	444	458	2.83e-294	798
NODE_34_length_273998_cov_33.7.g4901.t1	XP_664524.1	100	228	228	228	7.54e-146	404
NODE_34_length_273998_cov_33.7.g4902.t1	XP_664525.1	100	210	210	210	8.95e-120	337
NODE_34_length_273998_cov_33.7.g4903.t1	XP_664526.1	100	340	340	340	2.59e-218	597
NODE_34_length_273998_cov_33.7.g4904.t1	XP_664527.1	100	531	568	531	0.0	1058
NODE_34_length_273998_cov_33.7.g4905.t1	XP_664528.1	100	404	404	404	5.34e-289	781
NODE_34_length_273998_cov_33.7.g4906.t1	XP_050467197.1	98.0	498	488	498	0.0	974
NODE_34_length_273998_cov_33.7.g4908.t1	XP_664530.1	49.4	502	502	277	3.06e-125	365
NODE_34_length_273998_cov_33.7.g4909.t1	XP_664531.1	100	205	205	205	6.04e-104	296
NODE_34_length_273998_cov_33.7.g4910.t1	XP_664532.1	97.7	523	523	511	0.0	1009
NODE_34_length_273998_cov_33.7.g4911.t1	XP_664533.1	72.9	347	428	556	2.55e-164	472
NODE_34_length_273998_cov_33.7.g4913.t1	XP_664534.1	100	447	447	447	0.0	889
NODE_34_length_273998_cov_33.7.g4914.t1	XP_664535.1	100	357	357	357	6.30e-280	754
NODE_34_length_273998_cov_33.7.g4915.t1	XP_664536.1	100	574	574	599	0.0	1120
NODE_34_length_273998_cov_33.7.g4916.t1	XP_664537.1	98.8	581	575	581	0.0	1127
NODE_34_length_273998_cov_33.7.g4917.t1	XP_664538.1	97.2	527	515	527	0.0	1018
NODE_34_length_273998_cov_33.7.g4918.t1	XP_664539.1	100	171	295	213	6.60e-126	356
NODE_34_length_273998_cov_33.7.g4919.t1	XP_664540.1	100	216	216	216	1.51e-155	428
NODE_34_length_273998_cov_33.7.g4920.t1	XP_664541.1	99.7	327	365	616	2.99e-115	346
NODE_34_length_273998_cov_33.7.g4922.t1	XP_050467201.1	98.1	518	508	518	0.0	962
NODE_34_length_273998_cov_33.7.g4923.t1	XP_050467202.1	100	289	289	289	2.85e-210	572
NODE_34_length_273998_cov_33.7.g4924.t1	XP_664543.2	100	187	187	187	1.28e-135	375
NODE_34_length_273998_cov_33.7.g4925.t1	XP_050467203.1	100	347	347	347	5.92e-264	713
NODE_34_length_273998_cov_33.7.g4926.t1	XP_050467204.1	100	363	363	363	7.22e-264	714
NODE_34_length_273998_cov_33.7.g4927.t1	XP_664545.1	100	405	405	405	1.73e-290	785
NODE_34_length_273998_cov_33.7.g4928.t1	XP_664546.1	98.8	517	511	517	0.0	1033
NODE_34_length_273998_cov_33.7.g4929.t1	XP_664547.1	100	326	385	338	2.15e-235	642
NODE_34_length_273998_cov_33.7.g4930.t1	XP_664548.1	77.5	449	349	449	2.23e-250	683
NODE_34_length_273998_cov_33.7.g4931.t1	XP_664549.1	100	434	434	434	0.0	870
NODE_34_length_273998_cov_33.7.g4932.t1	XP_664550.1	83.0	382	616	317	4.36e-213	594
NODE_34_length_273998_cov_33.7.g4934.t1	XP_664552.1	100	367	367	367	3.80e-277	748
NODE_34_length_273998_cov_33.7.g4935.t1	XP_050467205.1	95.3	448	469	523	3.26e-311	845
NODE_34_length_273998_cov_33.7.g4937.t1	XP_664554.1	99.7	321	322	461	1.02e-237	650
NODE_34_length_273998_cov_33.7.g4938.t1	XP_664555.1	94.4	196	193	196	1.63e-128	358
NODE_34_length_273998_cov_33.7.g4939.t1	XP_664556.1	100	406	407	494	8.49e-279	759
NODE_34_length_273998_cov_33.7.g4940.t1	XP_664557.1	100	436	436	436	0.0	888
NODE_34_length_273998_cov_33.7.g4941.t1	XP_664558.1	100	166	166	166	1.37e-122	340
NODE_34_length_273998_cov_33.7.g4943.t1	XP_868821.1	100	377	377	377	9.54e-267	723
NODE_34_length_273998_cov_33.7.g4944.t1	XP_868823.1	99.3	542	538	542	0.0	1043
NODE_34_length_273998_cov_33.7.g4945.t1	XP_050467207.1	100	620	1014	620	0.0	1252
NODE_34_length_273998_cov_33.7.g4946.t1	XP_664564.1	92.9	1908	1851	1878	0.0	2447
NODE_34_length_273998_cov_33.7.g4947.t1	XP_664565.1	100	179	179	179	1.10e-123	344
NODE_34_length_273998_cov_33.7.g4948.t1	XP_664566.1	87.5	216	366	227	4.02e-134	380
NODE_34_length_273998_cov_33.7.g4949.t1	XP_664567.1	100	371	371	387	2.15e-273	739
NODE_34_length_273998_cov_33.7.g4950.t1	XP_664568.1	100	217	217	217	6.21e-169	462
NODE_34_length_273998_cov_33.7.g4951.t1	XP_664569.1	100	260	265	264	2.35e-174	479
NODE_35_length_270620_cov_33.8.g4952.t1	XP_662398.2	100	261	261	261	3.31e-195	532
NODE_35_length_270620_cov_33.8.g4953.t1	XP_662399.1	100	478	478	478	0.0	966
NODE_35_length_270620_cov_33.8.g4954.t1	XP_662400.1	100	139	161	161	7.01e-100	283
NODE_35_length_270620_cov_33.8.g4955.t1	XP_662401.1	100	615	615	615	0.0	1186
NODE_35_length_270620_cov_33.8.g4956.t1	XP_662402.2	100	473	473	609	0.0	922
NODE_35_length_270620_cov_33.8.g4957.t1	XP_050467630.1	100	142	142	142	2.59e-104	292
NODE_35_length_270620_cov_33.8.g4958.t1	XP_050467629.1	95.9	393	393	391	9.44e-238	650
NODE_35_length_270620_cov_33.8.g4959.t1	XP_662404.1	98.7	669	669	660	0.0	1277
NODE_35_length_270620_cov_33.8.g4960.t1	XP_662405.1	81.8	688	688	564	0.0	1054
NODE_35_length_270620_cov_33.8.g4961.t1	XP_662406.1	100	158	158	158	2.39e-110	309
NODE_35_length_270620_cov_33.8.g4962.t1	XP_662407.1	100	175	193	193	2.60e-122	342
NODE_35_length_270620_cov_33.8.g4963.t1	XP_050467628.1	100	284	284	284	5.74e-171	473
NODE_35_length_270620_cov_33.8.g4964.t1	XP_662409.1	55.1	392	338	388	1.16e-123	359
NODE_35_length_270620_cov_33.8.g4965.t1	XP_662410.1	100	188	188	188	6.85e-145	399
NODE_35_length_270620_cov_33.8.g4966.t1	XP_662411.1	94.1	322	334	397	1.15e-224	615
NODE_35_length_270620_cov_33.8.g4967.t1	XP_662412.2	100	546	547	587	0.0	1052
NODE_35_length_270620_cov_33.8.g4968.t1	XP_050467627.1	100	845	845	845	0.0	1507
NODE_35_length_270620_cov_33.8.g4969.t1	XP_050467626.1	100	688	688	688	0.0	1393
NODE_35_length_270620_cov_33.8.g4970.t1	XP_662414.1	100	581	581	581	0.0	1157
NODE_35_length_270620_cov_33.8.g4971.t1	XP_662415.1	76.6	329	329	278	1.92e-163	455
NODE_35_length_270620_cov_33.8.g4972.t1	XP_662416.1	100	200	200	200	1.51e-78	232
NODE_35_length_270620_cov_33.8.g4973.t1	XP_050467625.1	100	863	863	863	0.0	1576
NODE_35_length_270620_cov_33.8.g4974.t1	XP_662418.1	100	516	516	516	0.0	968
NODE_35_length_270620_cov_33.8.g4975.t1	XP_662419.1	100	397	397	397	7.27e-288	778
NODE_35_length_270620_cov_33.8.g4976.t1	XP_662420.1	100	490	490	544	0.0	972
NODE_35_length_270620_cov_33.8.g4977.t1	XP_662421.1	100	731	731	731	0.0	1456
NODE_35_length_270620_cov_33.8.g4978.t1	XP_662422.1	96.2	1249	1232	1243	0.0	2263
NODE_35_length_270620_cov_33.8.g4979.t1	XP_662423.1	100	865	865	865	0.0	1707
NODE_35_length_270620_cov_33.8.g4980.t1	XP_662424.1	100	499	499	499	0.0	996
NODE_35_length_270620_cov_33.8.g4981.t1	XP_050467623.1	100	152	167	181	8.01e-112	314
NODE_35_length_270620_cov_33.8.g4982.t1	XP_662425.1	98.2	649	1014	656	0.0	1263
NODE_35_length_270620_cov_33.8.g4983.t1	XP_050467622.1	97.9	677	663	677	0.0	1326
NODE_35_length_270620_cov_33.8.g4984.t1	XP_050467621.1	100	505	505	505	0.0	966
NODE_35_length_270620_cov_33.8.g4985.t1	XP_868828.1	100	420	420	420	1.96e-315	849
NODE_35_length_270620_cov_33.8.g4987.t1	XP_662427.1	96.1	441	442	458	2.74e-319	862
NODE_35_length_270620_cov_33.8.g4988.t1	XP_662428.2	100	438	438	459	0.0	919
NODE_35_length_270620_cov_33.8.g4989.t1	XP_662429.1	100	900	900	900	0.0	1804
NODE_35_length_270620_cov_33.8.g4990.t1	XP_662430.1	100	456	456	456	0.0	914
NODE_35_length_270620_cov_33.8.g4991.t1	XP_662431.1	100	1051	1051	1051	0.0	2082
NODE_35_length_270620_cov_33.8.g4992.t1	XP_050467619.1	100	601	601	728	0.0	1192
NODE_35_length_270620_cov_33.8.g4993.t1	XP_050467618.1	100	381	381	381	4.02e-286	772
NODE_35_length_270620_cov_33.8.g4994.t1	XP_662433.1	100	326	326	326	2.00e-240	652
NODE_35_length_270620_cov_33.8.g4996.t1	XP_050467617.1	100	414	414	414	7.03e-274	744
NODE_35_length_270620_cov_33.8.g4997.t1	XP_662437.1	100	291	291	291	1.67e-219	596
NODE_35_length_270620_cov_33.8.g4998.t1	XP_662438.1	97.0	532	532	516	0.0	908
NODE_35_length_270620_cov_33.8.g4999.t1	XP_662439.1	100	360	360	360	4.13e-257	697
NODE_35_length_270620_cov_33.8.g5000.t1	XP_662440.1	100	576	576	576	0.0	1153
NODE_35_length_270620_cov_33.8.g5001.t1	XP_050467616.1	95.7	510	510	684	0.0	969
NODE_35_length_270620_cov_33.8.g5002.t1	XP_662442.1	94.3	296	320	297	2.53e-175	486
NODE_35_length_270620_cov_33.8.g5003.t1	XP_662443.2	99.8	551	551	551	0.0	1000
NODE_35_length_270620_cov_33.8.g5004.t1	XP_662444.1	99.7	749	797	803	0.0	1267
NODE_35_length_270620_cov_33.8.g5005.t1	XP_662445.1	100	195	195	195	2.10e-138	383
NODE_35_length_270620_cov_33.8.g5006.t1	XP_662446.1	100	287	287	287	1.60e-215	585
NODE_35_length_270620_cov_33.8.g5007.t1	XP_662447.1	100	591	591	591	0.0	1264
NODE_35_length_270620_cov_33.8.g5009.t1	XP_662449.1	100	364	375	407	8.42e-153	435
NODE_35_length_270620_cov_33.8.g5010.t1	XP_662450.1	100	291	291	291	2.47e-180	497
NODE_35_length_270620_cov_33.8.g5011.t1	XP_050467614.1	100	308	308	308	6.89e-232	629
NODE_35_length_270620_cov_33.8.g5012.t1	XP_050467613.1	99.0	492	496	493	0.0	953
NODE_35_length_270620_cov_33.8.g5013.t1	XP_662452.1	94.8	440	418	440	1.89e-290	787
NODE_35_length_270620_cov_33.8.g5014.t1	XP_662453.1	100	271	271	271	7.86e-89	263
NODE_35_length_270620_cov_33.8.g5015.t1	XP_050467611.1	82.3	755	730	734	0.0	1143
NODE_35_length_270620_cov_33.8.g5018.t1	XP_050467609.1	100	815	815	815	0.0	1598
NODE_35_length_270620_cov_33.8.g5019.t1	XP_662456.1	98.2	780	834	934	0.0	1540
NODE_35_length_270620_cov_33.8.g5020.t1	XP_050467608.1	91.6	391	633	412	1.32e-228	638
NODE_35_length_270620_cov_33.8.g5021.t1	XP_662458.1	100	269	269	269	2.40e-192	525
NODE_35_length_270620_cov_33.8.g5022.t1	XP_662459.1	100	331	331	331	7.24e-241	653
NODE_35_length_270620_cov_33.8.g5023.t1	XP_868908.1	100	344	344	344	7.95e-231	629
NODE_35_length_270620_cov_33.8.g5024.t1	XP_050467607.1	100	690	803	690	0.0	1304
NODE_35_length_270620_cov_33.8.g5025.t1	XP_050467606.1	96.6	382	396	369	1.40e-209	578
NODE_35_length_270620_cov_33.8.g5026.t1	XP_662461.2	100	669	669	669	0.0	1350
NODE_35_length_270620_cov_33.8.g5028.t1	XP_662462.2	100	461	835	519	0.0	954
NODE_35_length_270620_cov_33.8.g5029.t1	XP_662463.1	100	990	990	990	0.0	1922
NODE_35_length_270620_cov_33.8.g5030.t1	XP_662464.1	100	389	389	389	1.26e-293	791
NODE_35_length_270620_cov_33.8.g5032.t1	XP_050467604.1	100	304	304	304	4.52e-210	573
NODE_35_length_270620_cov_33.8.g5033.t1	XP_662466.1	100	417	417	417	2.96e-272	740
NODE_35_length_270620_cov_33.8.g5034.t1	XP_050467603.1	75.0	100	100	75	2.05e-47	144
NODE_35_length_270620_cov_33.8.g5035.t1	XP_662468.1	96.6	612	612	591	0.0	1179
NODE_35_length_270620_cov_33.8.g5036.t1	XP_662469.1	100	524	524	524	1.25e-156	455
NODE_35_length_270620_cov_33.8.g5037.t1	XP_662470.1	100	399	407	439	6.12e-240	659
NODE_35_length_270620_cov_33.8.g5038.t1	XP_662471.1	97.2	995	995	968	0.0	1797
NODE_35_length_270620_cov_33.8.g5039.t1	XP_662472.1	100	418	418	418	1.46e-217	602
NODE_35_length_270620_cov_33.8.g5040.t1	XP_050467602.1	99.1	233	274	254	7.99e-166	458
NODE_35_length_270620_cov_33.8.g5041.t1	XP_662474.1	100	180	180	180	3.83e-129	358
NODE_35_length_270620_cov_33.8.g5042.t1	XP_662475.1	100	398	398	398	8.42e-308	828
NODE_35_length_270620_cov_33.8.g5043.t1	XP_662476.1	100	154	154	154	1.99e-107	301
NODE_35_length_270620_cov_33.8.g5044.t1	XP_662477.1	98.9	748	748	741	0.0	1329
NODE_35_length_270620_cov_33.8.g5045.t1	XP_662478.1	100	417	417	417	0.0	886
NODE_35_length_270620_cov_33.8.g5046.t1	XP_662479.1	97.7	431	431	421	1.89e-291	789
NODE_35_length_270620_cov_33.8.g5047.t1	XP_662480.1	100	1280	1280	1280	0.0	2396
NODE_36_length_266764_cov_35.0.g5048.t1	XP_658518.1	97.0	560	544	560	0.0	1047
NODE_36_length_266764_cov_35.0.g5049.t1	XP_658517.1	100	306	306	306	3.10e-218	594
NODE_36_length_266764_cov_35.0.g5050.t1	XP_658516.1	100	366	366	366	3.72e-263	712
NODE_36_length_266764_cov_35.0.g5051.t1	XP_658515.1	99.0	478	478	474	0.0	901
NODE_36_length_266764_cov_35.0.g5052.t1	XP_658514.1	100	547	547	547	0.0	1095
NODE_36_length_266764_cov_35.0.g5053.t1	XP_658513.1	100	597	597	597	0.0	1120
NODE_36_length_266764_cov_35.0.g5054.t1	XP_050469107.1	100	354	354	354	3.73e-266	719
NODE_36_length_266764_cov_35.0.g5055.t1	XP_658511.1	100	130	130	130	5.86e-93	263
NODE_36_length_266764_cov_35.0.g5056.t1	XP_658510.1	100	872	872	872	0.0	1672
NODE_36_length_266764_cov_35.0.g5057.t1	XP_658509.1	97.3	824	824	802	0.0	1574
NODE_36_length_266764_cov_35.0.g5058.t1	XP_658508.1	100	634	634	634	0.0	1270
NODE_36_length_266764_cov_35.0.g5059.t1	XP_658507.1	100	315	315	315	3.41e-231	627
NODE_36_length_266764_cov_35.0.g5060.t1	XP_658506.1	100	609	609	609	0.0	1172
NODE_36_length_266764_cov_35.0.g5061.t1	XP_658505.1	100	593	593	601	0.0	1212
NODE_36_length_266764_cov_35.0.g5062.t1	XP_658503.1	100	712	722	794	0.0	1332
NODE_36_length_266764_cov_35.0.g5063.t1	XP_658502.1	99.6	251	258	255	7.55e-192	523
NODE_36_length_266764_cov_35.0.g5064.t1	XP_050469108.1	100	134	134	177	7.33e-87	249
NODE_36_length_266764_cov_35.0.g5065.t1	XP_658501.2	100	272	272	272	5.39e-186	509
NODE_36_length_266764_cov_35.0.g5066.t1	XP_050469109.1	100	167	167	167	8.22e-120	333
NODE_36_length_266764_cov_35.0.g5067.t1	XP_658499.1	100	344	344	344	3.13e-253	686
NODE_36_length_266764_cov_35.0.g5068.t1	XP_050469110.1	96.1	667	667	641	0.0	1214
NODE_36_length_266764_cov_35.0.g5069.t1	XP_658497.1	99.8	424	424	424	4.14e-319	859
NODE_36_length_266764_cov_35.0.g5070.t1	XP_658496.1	100	837	837	837	0.0	1593
NODE_36_length_266764_cov_35.0.g5071.t1	XP_658495.1	98.4	1060	1044	1060	0.0	1991
NODE_36_length_266764_cov_35.0.g5072.t1	XP_050469111.1	100	591	591	591	0.0	1164
NODE_36_length_266764_cov_35.0.g5073.t1	XP_658493.1	100	555	555	555	0.0	1086
NODE_36_length_266764_cov_35.0.g5074.t1	XP_658492.1	100	568	568	568	0.0	1144
NODE_36_length_266764_cov_35.0.g5075.t1	XP_658491.1	99.5	1241	1237	1241	0.0	2440
NODE_36_length_266764_cov_35.0.g5076.t1	XP_658490.1	100	253	253	253	2.95e-194	529
NODE_36_length_266764_cov_35.0.g5077.t1	XP_658489.1	99.9	839	839	848	0.0	1649
NODE_36_length_266764_cov_35.0.g5078.t1	XP_658488.1	100	332	332	332	3.27e-233	634
NODE_36_length_266764_cov_35.0.g5079.t1	XP_658487.1	99.7	303	328	305	6.76e-223	607
NODE_36_length_266764_cov_35.0.g5080.t1	XP_658485.1	100	448	448	448	0.0	913
NODE_36_length_266764_cov_35.0.g5081.t1	XP_658484.1	100	355	355	355	1.94e-273	738
NODE_36_length_266764_cov_35.0.g5082.t1	XP_658483.1	100	222	222	222	1.55e-98	284
NODE_36_length_266764_cov_35.0.g5083.t1	XP_658482.1	100	596	596	596	0.0	1216
NODE_36_length_266764_cov_35.0.g5084.t1	XP_050469112.1	100	810	810	829	0.0	1442
NODE_36_length_266764_cov_35.0.g5085.t1	XP_050469113.1	92.3	1065	984	1065	0.0	1882
NODE_36_length_266764_cov_35.0.g5086.t1	XP_050469114.1	100	267	267	313	6.73e-193	528
NODE_36_length_266764_cov_35.0.g5087.t1	XP_658479.1	92.0	323	353	326	3.84e-220	602
NODE_36_length_266764_cov_35.0.g5088.t1	XP_658478.1	100	601	601	601	0.0	1182
NODE_36_length_266764_cov_35.0.g5089.t1	XP_658476.1	100	848	1367	850	0.0	1418
NODE_36_length_266764_cov_35.0.g5090.t1	XP_658475.1	100	397	397	397	3.66e-297	801
NODE_36_length_266764_cov_35.0.g5091.t1	XP_658474.1	100	314	314	314	3.63e-221	602
NODE_36_length_266764_cov_35.0.g5092.t1	XP_658473.1	100	181	181	225	2.55e-124	348
NODE_36_length_266764_cov_35.0.g5093.t1	XP_658472.1	100	365	365	365	1.03e-264	716
NODE_36_length_266764_cov_35.0.g5094.t1	XP_658471.1	100	366	366	366	1.72e-268	726
NODE_36_length_266764_cov_35.0.g5095.t1	XP_658470.1	100	657	736	657	0.0	1325
NODE_36_length_266764_cov_35.0.g5096.t1	XP_658469.1	100	418	424	418	6.84e-312	840
NODE_36_length_266764_cov_35.0.g5098.t1	XP_658467.1	83.4	795	795	663	0.0	1172
NODE_36_length_266764_cov_35.0.g5099.t1	XP_658466.1	100	138	138	138	5.69e-88	251
NODE_36_length_266764_cov_35.0.g5100.t1	XP_050469115.1	100	332	332	332	5.75e-243	659
NODE_36_length_266764_cov_35.0.g5101.t1	XP_658464.1	100	403	403	403	1.34e-302	815
NODE_36_length_266764_cov_35.0.g5102.t1	XP_658463.1	100	334	334	404	5.88e-187	520
NODE_36_length_266764_cov_35.0.g5103.t1	XP_658462.1	100	927	927	927	0.0	1756
NODE_36_length_266764_cov_35.0.g5104.t1	XP_050469116.1	100	386	386	392	1.83e-286	773
NODE_36_length_266764_cov_35.0.g5105.t1	XP_658460.1	99.8	518	518	518	0.0	1039
NODE_36_length_266764_cov_35.0.g5106.t1	XP_658459.1	100	1011	1011	1011	0.0	1947
NODE_36_length_266764_cov_35.0.g5107.t1	XP_658458.1	100	1698	1698	1698	0.0	3018
NODE_36_length_266764_cov_35.0.g5108.t1	XP_658457.1	100	590	599	678	0.0	1174
NODE_36_length_266764_cov_35.0.g5109.t1	XP_658456.1	99.0	194	270	204	1.41e-137	384
NODE_36_length_266764_cov_35.0.g5110.t1	XP_658454.1	100	621	621	621	0.0	1198
NODE_36_length_266764_cov_35.0.g5111.t1	XP_050469117.1	96.9	683	683	662	0.0	1104
NODE_36_length_266764_cov_35.0.g5112.t1	XP_050469118.1	98.6	512	512	505	0.0	1001
NODE_36_length_266764_cov_35.0.g5113.t1	XP_658451.1	100	996	996	996	0.0	1806
NODE_36_length_266764_cov_35.0.g5114.t1	XP_658450.1	100	270	270	270	7.76e-194	529
NODE_36_length_266764_cov_35.0.g5115.t1	XP_658449.1	100	171	173	301	1.22e-121	343
NODE_36_length_266764_cov_35.0.g5116.t1	XP_658448.1	100	748	748	748	0.0	1293
NODE_36_length_266764_cov_35.0.g5117.t1	XP_050469119.1	100	215	215	215	1.06e-150	416
NODE_36_length_266764_cov_35.0.g5118.t1	XP_658446.1	100	1833	1833	1833	0.0	3650
NODE_36_length_266764_cov_35.0.g5119.t1	XP_658445.1	99.1	110	116	171	3.26e-77	224
NODE_36_length_266764_cov_35.0.g5120.t1	XP_050469120.1	100	648	648	648	0.0	1279
NODE_36_length_266764_cov_35.0.g5121.t1	XP_658443.1	100	447	447	447	0.0	905
NODE_36_length_266764_cov_35.0.g5123.t1	XP_658441.1	100	1621	1621	1621	0.0	2941
NODE_36_length_266764_cov_35.0.g5124.t1	XP_658440.1	100	574	574	574	0.0	1178
NODE_36_length_266764_cov_35.0.g5125.t1	XP_658439.1	100	239	239	347	1.01e-167	465
NODE_36_length_266764_cov_35.0.g5126.t1	XP_658438.1	100	696	696	696	0.0	1337
NODE_36_length_266764_cov_35.0.g5127.t1	XP_658436.1	97.3	481	481	469	0.0	939
NODE_36_length_266764_cov_35.0.g5128.t1	XP_658435.1	100	502	502	502	0.0	997
NODE_36_length_266764_cov_35.0.g5129.t1	XP_658434.1	100	286	286	286	2.86e-213	580
NODE_36_length_266764_cov_35.0.g5130.t1	XP_658433.1	100	555	602	561	0.0	1065
NODE_36_length_266764_cov_35.0.g5131.t1	XP_658432.1	100	619	619	619	0.0	1251
NODE_36_length_266764_cov_35.0.g5132.t1	XP_658431.1	95.6	495	495	474	0.0	895
NODE_37_length_261821_cov_34.8.g5133.t1	XP_664662.1	98.8	335	339	369	4.82e-239	650
NODE_37_length_261821_cov_34.8.g5134.t1	XP_664660.1	81.3	465	473	504	1.38e-255	704
NODE_37_length_261821_cov_34.8.g5135.t1	XP_664659.1	100	387	387	387	1.30e-285	771
NODE_37_length_261821_cov_34.8.g5136.t1	XP_664657.1	100	275	275	275	6.79e-97	284
NODE_37_length_261821_cov_34.8.g5137.t1	XP_664656.1	100	321	321	321	4.66e-232	630
NODE_37_length_261821_cov_34.8.g5138.t1	XP_664655.1	99.8	409	430	458	2.92e-297	805
NODE_37_length_261821_cov_34.8.g5139.t1	XP_664654.1	97.9	857	844	939	0.0	1617
NODE_37_length_261821_cov_34.8.g5140.t1	XP_664653.1	91.7	965	965	930	0.0	1713
NODE_37_length_261821_cov_34.8.g5141.t1	XP_664652.1	98.7	522	516	522	2.16e-277	761
NODE_37_length_261821_cov_34.8.g5142.t1	XP_664651.1	100	410	410	410	6.55e-293	791
NODE_37_length_261821_cov_34.8.g5144.t1	XP_664649.1	100	623	623	767	0.0	1200
NODE_37_length_261821_cov_34.8.g5146.t1	XP_664648.1	100	307	314	361	1.14e-233	635
NODE_37_length_261821_cov_34.8.g5147.t1	XP_664647.1	100	150	160	193	6.74e-98	279
NODE_37_length_261821_cov_34.8.g5148.t1	XP_050467918.1	100	75	75	75	5.34e-50	150
NODE_37_length_261821_cov_34.8.g5149.t1	XP_664646.1	100	360	360	360	2.83e-264	715
NODE_37_length_261821_cov_34.8.g5150.t1	XP_664645.1	100	821	821	821	3.06e-320	895
NODE_37_length_261821_cov_34.8.g5151.t1	XP_664644.1	100	134	134	134	8.22e-95	268
NODE_37_length_261821_cov_34.8.g5152.t1	XP_664643.1	100	555	555	555	0.0	1029
NODE_37_length_261821_cov_34.8.g5153.t1	XP_050467919.1	100	587	587	714	0.0	1125
NODE_37_length_261821_cov_34.8.g5154.t1	XP_050467920.1	100	621	1161	621	0.0	1208
NODE_37_length_261821_cov_34.8.g5155.t1	XP_050467921.1	87.0	339	346	351	9.35e-172	480
NODE_37_length_261821_cov_34.8.g5156.t1	XP_050467922.1	100	308	308	308	7.94e-222	603
NODE_37_length_261821_cov_34.8.g5157.t1	XP_664639.1	100	390	390	390	7.27e-289	780
NODE_37_length_261821_cov_34.8.g5158.t1	XP_664638.1	100	352	352	352	3.83e-258	699
NODE_37_length_261821_cov_34.8.g5159.t1	XP_664637.1	100	294	294	294	3.22e-214	583
NODE_37_length_261821_cov_34.8.g5160.t1	XP_050467923.1	100	996	1065	1013	0.0	1964
NODE_37_length_261821_cov_34.8.g5161.t1	XP_664635.1	87.8	515	515	453	6.17e-313	848
NODE_37_length_261821_cov_34.8.g5162.t1	XP_664634.1	100	616	616	616	0.0	1141
NODE_37_length_261821_cov_34.8.g5163.t1	XP_664633.1	99.8	558	558	653	0.0	1100
NODE_37_length_261821_cov_34.8.g5164.t1	XP_664632.2	92.3	699	681	674	0.0	1286
NODE_37_length_261821_cov_34.8.g5165.t1	XP_664631.1	94.3	477	477	455	0.0	879
NODE_37_length_261821_cov_34.8.g5166.t1	XP_050467926.1	99.7	344	344	383	3.54e-248	674
NODE_37_length_261821_cov_34.8.g5167.t1	XP_664629.1	100	369	369	369	1.59e-270	731
NODE_37_length_261821_cov_34.8.g5168.t1	XP_664626.1	96.3	435	420	757	1.22e-291	803
NODE_37_length_261821_cov_34.8.g5170.t1	XP_664625.1	90.4	291	335	291	7.65e-184	508
NODE_37_length_261821_cov_34.8.g5172.t1	XP_664623.1	100	1125	1125	1125	0.0	2122
NODE_37_length_261821_cov_34.8.g5173.t1	XP_050467929.1	100	272	272	272	3.69e-193	528
NODE_37_length_261821_cov_34.8.g5174.t1	XP_664620.1	96.2	956	941	935	0.0	1775
NODE_37_length_261821_cov_34.8.g5175.t1	XP_664619.1	99.0	482	477	482	0.0	923
NODE_37_length_261821_cov_34.8.g5176.t1	XP_050467094.1	38.3	141	158	156	1.82e-22	86.3
NODE_37_length_261821_cov_34.8.g5177.t1	XP_050467930.1	98.8	1440	1440	1422	0.0	2814
NODE_37_length_261821_cov_34.8.g5178.t1	XP_664617.1	96.2	662	662	637	0.0	1189
NODE_37_length_261821_cov_34.8.g5179.t1	XP_664616.1	90.7	494	494	525	1.50e-307	837
NODE_37_length_261821_cov_34.8.g5181.t1	XP_050467931.1	100	310	310	363	1.28e-218	597
NODE_37_length_261821_cov_34.8.g5182.t1	XP_664613.1	97.7	479	468	479	0.0	933
NODE_37_length_261821_cov_34.8.g5183.t1	XP_050467932.1	97.7	304	297	319	2.47e-202	554
NODE_37_length_261821_cov_34.8.g5184.t1	XP_664611.1	95.7	1167	1167	1118	0.0	2057
NODE_37_length_261821_cov_34.8.g5185.t1	XP_664610.1	100	365	365	365	2.65e-235	642
NODE_37_length_261821_cov_34.8.g5186.t1	XP_664609.1	100	972	972	972	0.0	1674
NODE_37_length_261821_cov_34.8.g5187.t1	XP_664608.1	100	455	455	501	1.41e-312	847
NODE_37_length_261821_cov_34.8.g5188.t1	XP_664607.1	100	226	226	226	1.46e-142	396
NODE_37_length_261821_cov_34.8.g5189.t1	XP_664606.1	100	553	553	553	0.0	1046
NODE_37_length_261821_cov_34.8.g5190.t1	XP_664605.1	100	258	258	258	1.46e-192	525
NODE_37_length_261821_cov_34.8.g5191.t1	XP_050467933.1	100	440	440	440	8.62e-311	839
NODE_37_length_261821_cov_34.8.g5193.t1	XP_050467934.1	100	674	890	685	0.0	1331
NODE_37_length_261821_cov_34.8.g5195.t1	XP_664596.1	100	92	92	92	3.75e-60	177
NODE_37_length_261821_cov_34.8.g5196.t1	XP_050467936.1	94.0	653	913	653	0.0	1152
NODE_37_length_261821_cov_34.8.g5197.t1	XP_664594.2	97.3	300	572	316	3.19e-216	600
NODE_37_length_261821_cov_34.8.g5198.t1	XP_664593.2	100	516	516	516	0.0	1020
NODE_37_length_261821_cov_34.8.g5199.t1	XP_050467938.1	100	312	312	312	4.53e-214	584
NODE_37_length_261821_cov_34.8.g5200.t1	XP_664592.1	100	389	389	389	9.01e-278	751
NODE_37_length_261821_cov_34.8.g5201.t1	XP_050467940.1	99.7	730	1252	756	0.0	1480
NODE_37_length_261821_cov_34.8.g5202.t1	XP_664590.1	100	1029	1029	1129	0.0	1983
NODE_37_length_261821_cov_34.8.g5203.t1	XP_050467941.1	99.8	486	604	541	0.0	968
NODE_37_length_261821_cov_34.8.g5204.t1	XP_664588.1	100	178	178	198	4.15e-123	343
NODE_37_length_261821_cov_34.8.g5205.t1	XP_664587.1	100	530	530	530	0.0	1093
NODE_37_length_261821_cov_34.8.g5206.t1	XP_664586.1	100	533	545	685	0.0	1103
NODE_37_length_261821_cov_34.8.g5207.t1	XP_050467942.1	100	83	139	134	3.46e-54	165
NODE_37_length_261821_cov_34.8.g5208.t1	XP_664584.1	100	1048	1048	1048	0.0	1977
NODE_37_length_261821_cov_34.8.g5209.t1	XP_664583.1	100	609	609	609	0.0	1214
NODE_37_length_261821_cov_34.8.g5210.t1	XP_664582.1	100	533	533	533	0.0	973
NODE_37_length_261821_cov_34.8.g5211.t1	XP_050467943.1	86.5	304	263	304	3.44e-169	468
NODE_37_length_261821_cov_34.8.g5212.t1	XP_664580.1	100	189	189	189	7.36e-136	376
NODE_37_length_261821_cov_34.8.g5214.t1	XP_050467944.1	98.0	2455	2587	2454	0.0	4727
NODE_37_length_261821_cov_34.8.g5215.t1	XP_050467866.1	34.8	577	753	814	9.90e-94	308
NODE_38_length_261006_cov_34.9.g5216.t1	XP_658829.1	100	280	280	280	8.87e-143	401
NODE_38_length_261006_cov_34.9.g5217.t1	XP_658830.1	100	595	595	595	0.0	1135
NODE_38_length_261006_cov_34.9.g5218.t1	XP_658831.2	91.4	886	887	855	0.0	1562
NODE_38_length_261006_cov_34.9.g5219.t1	XP_658832.1	99.2	124	126	124	1.79e-78	226
NODE_38_length_261006_cov_34.9.g5220.t1	XP_658833.1	100	163	227	183	1.64e-104	298
NODE_38_length_261006_cov_34.9.g5221.t1	XP_658834.1	100	315	320	362	3.97e-229	624
NODE_38_length_261006_cov_34.9.g5222.t1	XP_658835.2	98.9	642	712	642	0.0	1226
NODE_38_length_261006_cov_34.9.g5223.t1	XP_658836.1	97.7	734	734	724	0.0	1411
NODE_38_length_261006_cov_34.9.g5224.t1	XP_658837.1	92.7	817	817	757	0.0	1261
NODE_38_length_261006_cov_34.9.g5225.t1	XP_050469017.1	100	709	950	709	0.0	1222
NODE_38_length_261006_cov_34.9.g5226.t1	XP_658840.1	100	347	379	386	7.33e-244	665
NODE_38_length_261006_cov_34.9.g5227.t1	XP_658841.2	100	348	348	348	2.58e-254	689
NODE_38_length_261006_cov_34.9.g5228.t1	XP_658842.1	98.7	1315	1315	1298	0.0	2554
NODE_38_length_261006_cov_34.9.g5229.t1	XP_658844.1	91.9	1116	1082	1115	0.0	1927
NODE_38_length_261006_cov_34.9.g5230.t1	XP_658846.1	96.6	6265	6247	6077	0.0	11885
NODE_38_length_261006_cov_34.9.g5231.t1	XP_658847.1	100	551	551	551	0.0	1088
NODE_38_length_261006_cov_34.9.g5232.t1	XP_658848.1	100	620	686	620	0.0	1219
NODE_38_length_261006_cov_34.9.g5233.t1	XP_658849.2	100	87	87	87	5.53e-44	135
NODE_38_length_261006_cov_34.9.g5234.t1	XP_658850.1	100	421	421	421	3.70e-300	811
NODE_38_length_261006_cov_34.9.g5235.t1	XP_658851.1	100	222	222	252	1.62e-160	442
NODE_38_length_261006_cov_34.9.g5236.t1	XP_658852.1	100	472	472	529	0.0	917
NODE_38_length_261006_cov_34.9.g5237.t1	XP_658853.1	100	798	798	798	0.0	1263
NODE_38_length_261006_cov_34.9.g5238.t1	XP_658854.1	100	622	622	622	0.0	953
NODE_38_length_261006_cov_34.9.g5239.t1	XP_050469016.1	100	177	177	242	1.67e-125	351
NODE_38_length_261006_cov_34.9.g5240.t1	XP_658856.1	100	157	157	157	8.35e-106	297
NODE_38_length_261006_cov_34.9.g5241.t1	XP_658857.1	100	160	160	160	3.39e-111	311
NODE_38_length_261006_cov_34.9.g5242.t1	XP_658858.1	93.3	404	404	377	1.36e-273	741
NODE_38_length_261006_cov_34.9.g5243.t1	XP_658859.1	100	1517	1517	1517	0.0	2880
NODE_38_length_261006_cov_34.9.g5244.t1	XP_050469015.1	100	499	698	564	0.0	991
NODE_38_length_261006_cov_34.9.g5245.t1	XP_658861.1	100	332	332	332	2.03e-252	682
NODE_38_length_261006_cov_34.9.g5246.t1	XP_658862.1	100	678	678	678	0.0	1266
NODE_38_length_261006_cov_34.9.g5247.t1	XP_658863.2	100	673	673	673	0.0	1080
NODE_38_length_261006_cov_34.9.g5248.t1	XP_658864.1	100	521	521	521	0.0	981
NODE_38_length_261006_cov_34.9.g5249.t1	XP_658865.1	100	248	248	248	1.02e-178	489
NODE_38_length_261006_cov_34.9.g5250.t1	XP_658866.1	100	324	324	324	6.02e-250	676
NODE_38_length_261006_cov_34.9.g5251.t1	XP_658867.1	100	449	449	449	0.0	894
NODE_38_length_261006_cov_34.9.g5252.t1	XP_658868.2	99.6	270	505	296	1.63e-187	524
NODE_38_length_261006_cov_34.9.g5253.t1	XP_658870.1	100	1173	1926	1173	0.0	1979
NODE_38_length_261006_cov_34.9.g5254.t1	XP_658871.1	100	326	326	326	2.11e-210	576
NODE_38_length_261006_cov_34.9.g5255.t1	XP_658872.1	100	1844	1844	1844	0.0	2119
NODE_38_length_261006_cov_34.9.g5256.t1	XP_050469013.1	98.3	345	343	360	1.35e-237	647
NODE_38_length_261006_cov_34.9.g5257.t1	XP_658874.2	100	366	447	366	1.73e-257	702
NODE_38_length_261006_cov_34.9.g5258.t1	XP_658875.1	100	307	307	307	2.79e-226	614
NODE_38_length_261006_cov_34.9.g5259.t1	XP_658876.1	100	264	264	264	4.68e-192	524
NODE_38_length_261006_cov_34.9.g5260.t1	XP_658877.2	100	393	393	393	2.99e-294	793
NODE_38_length_261006_cov_34.9.g5262.t1	XP_658878.2	100	297	297	297	4.64e-229	620
NODE_38_length_261006_cov_34.9.g5263.t1	XP_658879.1	100	233	233	233	1.94e-155	429
NODE_38_length_261006_cov_34.9.g5264.t1	XP_658880.1	100	504	504	504	0.0	1030
NODE_38_length_261006_cov_34.9.g5265.t1	XP_658881.1	100	504	504	504	0.0	1069
NODE_38_length_261006_cov_34.9.g5266.t1	XP_658882.2	93.1	87	87	114	2.77e-56	167
NODE_38_length_261006_cov_34.9.g5267.t1	XP_658883.1	100	336	336	336	4.47e-233	634
NODE_38_length_261006_cov_34.9.g5268.t1	XP_658884.2	98.0	1269	1473	1344	0.0	2350
NODE_38_length_261006_cov_34.9.g5269.t1	XP_050469011.1	100	514	514	514	0.0	928
NODE_38_length_261006_cov_34.9.g5270.t1	XP_658886.1	100	347	347	347	4.56e-204	561
NODE_38_length_261006_cov_34.9.g5271.t1	XP_658887.1	100	1048	1048	1048	0.0	2074
NODE_38_length_261006_cov_34.9.g5272.t1	XP_658888.2	100	394	571	394	1.36e-281	769
NODE_38_length_261006_cov_34.9.g5273.t1	XP_658889.1	100	326	326	326	2.64e-245	664
NODE_38_length_261006_cov_34.9.g5274.t1	XP_050469009.1	91.6	1004	1004	1004	0.0	1774
NODE_38_length_261006_cov_34.9.g5275.t1	XP_658891.1	100	341	341	427	4.36e-222	610
NODE_38_length_261006_cov_34.9.g5276.t1	XP_658892.1	100	734	751	734	0.0	1324
NODE_38_length_261006_cov_34.9.g5277.t1	XP_658893.2	100	816	816	816	0.0	1479
NODE_38_length_261006_cov_34.9.g5278.t1	XP_658894.1	100	883	883	883	0.0	1699
NODE_38_length_261006_cov_34.9.g5279.t1	XP_658895.1	100	160	163	164	1.37e-123	343
NODE_38_length_261006_cov_34.9.g5280.t1	XP_658896.1	100	254	327	348	3.98e-193	533
NODE_38_length_261006_cov_34.9.g5281.t1	XP_658897.1	97.6	211	214	246	3.32e-145	403
NODE_38_length_261006_cov_34.9.g5282.t1	XP_658898.1	99.3	149	201	223	5.81e-105	300
NODE_38_length_261006_cov_34.9.g5283.t1	XP_658899.1	100	222	222	222	4.14e-156	430
NODE_38_length_261006_cov_34.9.g5284.t1	XP_658900.1	100	810	826	810	0.0	1628
NODE_38_length_261006_cov_34.9.g5285.t1	XP_658901.1	100	215	215	215	2.83e-155	427
NODE_38_length_261006_cov_34.9.g5286.t1	XP_050469005.1	100	513	513	513	0.0	1005
NODE_38_length_261006_cov_34.9.g5287.t1	XP_658903.2	100	306	306	306	4.46e-227	616
NODE_38_length_261006_cov_34.9.g5289.t1	XP_658904.2	98.4	255	372	260	5.43e-179	496
NODE_38_length_261006_cov_34.9.g5290.t1	XP_658905.1	100	383	383	383	2.68e-276	747
NODE_38_length_261006_cov_34.9.g5291.t1	XP_050469002.1	99.8	509	593	571	0.0	992
NODE_38_length_261006_cov_34.9.g5292.t1	XP_658906.1	97.0	432	490	432	7.60e-316	854
NODE_38_length_261006_cov_34.9.g5293.t1	XP_658907.2	100	674	674	729	0.0	1336
NODE_38_length_261006_cov_34.9.g5294.t1	XP_658909.1	100	235	249	269	1.08e-176	485
NODE_39_length_256340_cov_34.0.g5295.t1	XP_664803.1	94.8	348	348	371	2.91e-236	644
NODE_39_length_256340_cov_34.0.g5296.t1	XP_664805.1	93.1	651	651	611	0.0	1218
NODE_39_length_256340_cov_34.0.g5297.t1	XP_664806.1	100	206	236	210	6.63e-147	407
NODE_39_length_256340_cov_34.0.g5298.t1	XP_664807.1	98.3	351	405	369	3.48e-240	656
NODE_39_length_256340_cov_34.0.g5299.t1	XP_664808.1	98.0	402	402	394	5.07e-300	808
NODE_39_length_256340_cov_34.0.g5300.t1	XP_050467884.1	100	492	492	492	2.43e-309	840
NODE_39_length_256340_cov_34.0.g5301.t1	XP_050467883.1	100	314	314	314	2.66e-223	607
NODE_39_length_256340_cov_34.0.g5302.t1	XP_868896.1	100	343	343	343	8.28e-253	684
NODE_39_length_256340_cov_34.0.g5303.t1	XP_680477.1	100	188	188	188	4.11e-137	379
NODE_39_length_256340_cov_34.0.g5304.t1	XP_050467882.1	100	509	509	509	0.0	999
NODE_39_length_256340_cov_34.0.g5305.t1	XP_680478.2	99.2	665	662	665	0.0	1352
NODE_39_length_256340_cov_34.0.g5306.t1	XP_050467881.1	100	390	538	448	6.83e-287	783
NODE_39_length_256340_cov_34.0.g5307.t1	XP_050467880.1	100	199	232	260	3.54e-148	412
NODE_39_length_256340_cov_34.0.g5308.t1	XP_680481.1	98.9	95	98	108	4.41e-66	192
NODE_39_length_256340_cov_34.0.g5309.t1	XP_680482.1	97.6	573	574	559	0.0	1125
NODE_39_length_256340_cov_34.0.g5310.t1	XP_050467879.1	100	463	463	463	0.0	919
NODE_39_length_256340_cov_34.0.g5311.t1	XP_680484.1	100	128	128	161	2.86e-88	252
NODE_39_length_256340_cov_34.0.g5313.t1	XP_050467875.1	70.2	57	92	81	1.21e-22	82.0
NODE_39_length_256340_cov_34.0.g5314.t1	XP_680487.1	95.7	376	367	374	4.80e-259	702
NODE_39_length_256340_cov_34.0.g5315.t1	XP_680488.1	100	308	322	319	2.39e-227	618
NODE_39_length_256340_cov_34.0.g5316.t1	XP_680489.1	100	145	166	180	8.31e-109	306
NODE_39_length_256340_cov_34.0.g5317.t1	XP_680491.2	100	2009	2511	2014	0.0	3768
NODE_39_length_256340_cov_34.0.g5318.t1	XP_680492.1	98.5	390	412	423	6.41e-274	744
NODE_39_length_256340_cov_34.0.g5319.t1	XP_680493.2	99.6	240	259	333	1.49e-178	493
NODE_39_length_256340_cov_34.0.g5320.t1	XP_680494.1	94.0	551	551	519	0.0	1020
NODE_39_length_256340_cov_34.0.g5321.t1	XP_050467872.1	99.7	761	759	913	0.0	1497
NODE_39_length_256340_cov_34.0.g5322.t1	XP_050467871.1	96.4	223	416	234	1.13e-152	430
NODE_39_length_256340_cov_34.0.g5323.t1	XP_050467870.1	94.4	360	360	431	3.63e-266	723
NODE_39_length_256340_cov_34.0.g5324.t1	XP_680497.1	100	565	565	565	0.0	1164
NODE_39_length_256340_cov_34.0.g5325.t1	XP_680498.1	98.9	925	925	925	0.0	1818
NODE_39_length_256340_cov_34.0.g5326.t1	XP_680499.1	98.0	796	796	780	0.0	1561
NODE_39_length_256340_cov_34.0.g5327.t1	XP_680500.1	100	519	519	519	0.0	1040
NODE_39_length_256340_cov_34.0.g5328.t1	XP_680501.1	97.9	386	378	386	7.53e-271	733
NODE_39_length_256340_cov_34.0.g5329.t1	XP_680502.1	100	298	298	298	2.68e-224	608
NODE_39_length_256340_cov_34.0.g5330.t1	XP_680503.1	100	227	227	227	3.44e-171	468
NODE_39_length_256340_cov_34.0.g5331.t1	XP_680504.1	100	380	380	380	5.06e-284	766
NODE_39_length_256340_cov_34.0.g5332.t1	XP_680505.1	100	202	202	212	1.21e-120	339
NODE_39_length_256340_cov_34.0.g5333.t1	XP_680506.1	100	584	584	584	0.0	1191
NODE_39_length_256340_cov_34.0.g5334.t1	XP_680507.1	100	291	294	327	8.03e-216	588
NODE_39_length_256340_cov_34.0.g5335.t1	XP_680508.1	100	224	332	232	5.78e-164	455
NODE_39_length_256340_cov_34.0.g5336.t1	XP_680509.1	96.9	418	412	411	4.97e-291	787
NODE_39_length_256340_cov_34.0.g5337.t1	XP_680510.1	100	724	724	724	0.0	1487
NODE_39_length_256340_cov_34.0.g5338.t1	XP_680511.1	100	546	546	546	0.0	1110
NODE_39_length_256340_cov_34.0.g5339.t1	XP_680512.2	93.9	427	450	557	1.95e-283	775
NODE_39_length_256340_cov_34.0.g5340.t1	XP_050467869.1	95.4	432	432	471	5.40e-299	810
NODE_39_length_256340_cov_34.0.g5341.t1	XP_680515.1	99.8	2314	2314	2310	0.0	4455
NODE_39_length_256340_cov_34.0.g5342.t1	XP_868874.1	99.9	1144	1172	1150	0.0	2176
NODE_39_length_256340_cov_34.0.g5343.t1	XP_680517.2	99.9	931	931	931	0.0	1771
NODE_39_length_256340_cov_34.0.g5344.t1	XP_050467868.1	99.6	1102	1922	1127	0.0	2100
NODE_39_length_256340_cov_34.0.g5345.t1	XP_680519.1	100	1050	1050	1050	0.0	2023
NODE_39_length_256340_cov_34.0.g5346.t1	XP_680520.1	100	581	581	581	0.0	1198
NODE_39_length_256340_cov_34.0.g5347.t1	XP_680521.1	100	494	494	494	0.0	945
NODE_39_length_256340_cov_34.0.g5348.t1	XP_680522.1	100	210	210	210	9.74e-140	387
NODE_39_length_256340_cov_34.0.g5349.t1	XP_050467866.1	100	814	814	814	0.0	1514
NODE_39_length_256340_cov_34.0.g5350.t1	XP_680524.1	100	200	200	234	2.68e-149	412
NODE_39_length_256340_cov_34.0.g5351.t1	XP_680525.2	100	302	302	302	9.34e-202	552
NODE_39_length_256340_cov_34.0.g5352.t1	XP_680526.1	100	316	316	316	9.93e-245	662
NODE_39_length_256340_cov_34.0.g5353.t1	XP_050467865.1	100	252	252	252	1.89e-176	484
NODE_39_length_256340_cov_34.0.g5354.t1	XP_680528.1	80.5	308	267	308	3.94e-177	488
NODE_39_length_256340_cov_34.0.g5355.t1	XP_680529.1	100	686	686	686	0.0	1219
NODE_39_length_256340_cov_34.0.g5356.t1	XP_680530.1	100	929	929	1005	0.0	1758
NODE_39_length_256340_cov_34.0.g5357.t1	XP_680531.1	95.5	1592	1566	1592	0.0	1048
NODE_39_length_256340_cov_34.0.g5358.t1	XP_680532.1	96.8	280	283	297	2.39e-191	525
NODE_39_length_256340_cov_34.0.g5360.t1	XP_680533.1	100	357	357	357	1.17e-275	743
NODE_39_length_256340_cov_34.0.g5361.t1	XP_680534.1	100	236	236	236	7.53e-184	501
NODE_39_length_256340_cov_34.0.g5363.t1	XP_680536.1	100	549	549	549	0.0	1097
NODE_39_length_256340_cov_34.0.g5364.t1	XP_680537.1	100	245	245	245	4.81e-171	469
NODE_39_length_256340_cov_34.0.g5365.t1	XP_680538.2	95.4	496	496	474	0.0	949
NODE_39_length_256340_cov_34.0.g5366.t1	XP_680539.1	100	232	232	232	1.82e-164	452
NODE_39_length_256340_cov_34.0.g5367.t1	XP_680540.1	100	389	389	402	1.75e-285	771
NODE_39_length_256340_cov_34.0.g5368.t1	XP_680541.1	81.8	583	541	566	7.09e-319	869
NODE_39_length_256340_cov_34.0.g5369.t1	XP_680542.1	100	259	259	259	3.71e-191	521
NODE_39_length_256340_cov_34.0.g5370.t1	XP_680543.2	99.8	455	458	484	0.0	910
NODE_39_length_256340_cov_34.0.g5371.t1	XP_050467863.1	95.3	402	454	383	5.57e-292	790
NODE_39_length_256340_cov_34.0.g5372.t1	XP_680544.1	100	503	503	503	0.0	1049
NODE_40_length_255025_cov_36.2.g5373.t1	XP_682058.1	100	427	458	506	1.29e-310	842
NODE_40_length_255025_cov_36.2.g5374.t1	XP_682059.1	100	581	581	581	0.0	1176
NODE_40_length_255025_cov_36.2.g5375.t1	XP_682060.1	100	340	340	490	1.65e-234	644
NODE_40_length_255025_cov_36.2.g5376.t1	XP_682061.1	100	167	167	167	6.49e-117	326
NODE_40_length_255025_cov_36.2.g5377.t1	XP_682062.1	100	191	191	191	9.62e-133	368
NODE_40_length_255025_cov_36.2.g5378.t1	XP_682063.1	95.0	259	259	246	1.16e-175	482
NODE_40_length_255025_cov_36.2.g5379.t1	XP_050467788.1	100	421	421	446	1.65e-300	813
NODE_40_length_255025_cov_36.2.g5380.t1	XP_682065.1	100	332	332	332	4.05e-243	659
NODE_40_length_255025_cov_36.2.g5381.t1	XP_682066.1	94.6	504	501	480	0.0	936
NODE_40_length_255025_cov_36.2.g5382.t1	XP_682067.1	100	883	883	883	0.0	1639
NODE_40_length_255025_cov_36.2.g5383.t1	XP_682068.1	100	502	502	502	0.0	989
NODE_40_length_255025_cov_36.2.g5384.t1	XP_050467787.1	99.9	800	849	833	0.0	1579
NODE_40_length_255025_cov_36.2.g5385.t1	XP_050467786.1	100	269	347	269	6.56e-192	528
NODE_40_length_255025_cov_36.2.g5386.t1	XP_682071.2	100	346	346	346	2.48e-182	506
NODE_40_length_255025_cov_36.2.g5387.t1	XP_682072.1	100	157	157	157	1.83e-109	306
NODE_40_length_255025_cov_36.2.g5388.t1	XP_682073.1	100	281	281	281	4.78e-173	478
NODE_40_length_255025_cov_36.2.g5389.t1	XP_682074.1	100	225	225	225	2.31e-159	438
NODE_40_length_255025_cov_36.2.g5390.t1	XP_682075.1	100	552	552	618	0.0	1129
NODE_40_length_255025_cov_36.2.g5391.t1	XP_682076.1	100	527	527	527	0.0	1030
NODE_40_length_255025_cov_36.2.g5392.t1	XP_682078.1	89.1	871	1255	786	0.0	1445
NODE_40_length_255025_cov_36.2.g5393.t1	XP_050467785.1	100	264	264	264	1.12e-174	480
NODE_40_length_255025_cov_36.2.g5394.t1	XP_682079.1	100	556	556	556	0.0	1089
NODE_40_length_255025_cov_36.2.g5395.t1	XP_682080.1	100	359	359	359	1.02e-261	708
NODE_40_length_255025_cov_36.2.g5397.t1	XP_682081.1	100	1559	1612	1626	0.0	3026
NODE_40_length_255025_cov_36.2.g5398.t1	XP_050467783.1	99.9	1465	2040	1480	0.0	2901
NODE_40_length_255025_cov_36.2.g5399.t1	XP_682084.1	100	359	359	359	1.49e-254	690
NODE_40_length_255025_cov_36.2.g5400.t1	XP_682085.1	100	298	387	441	8.96e-207	574
NODE_40_length_255025_cov_36.2.g5401.t1	XP_682086.1	100	489	489	489	0.0	904
NODE_40_length_255025_cov_36.2.g5402.t1	XP_682088.1	100	294	294	294	5.80e-217	590
NODE_40_length_255025_cov_36.2.g5403.t1	XP_868862.1	100	838	838	1048	0.0	1590
NODE_40_length_255025_cov_36.2.g5404.t1	XP_050467781.1	100	315	315	315	5.81e-223	607
NODE_40_length_255025_cov_36.2.g5405.t1	XP_868864.1	99.3	151	179	156	3.64e-101	286
NODE_40_length_255025_cov_36.2.g5406.t1	XP_682089.2	100	541	557	549	0.0	1071
NODE_40_length_255025_cov_36.2.g5407.t1	XP_682090.1	98.9	661	654	661	0.0	1222
NODE_40_length_255025_cov_36.2.g5408.t1	XP_682091.1	100	258	258	258	3.69e-186	509
NODE_40_length_255025_cov_36.2.g5409.t1	XP_682092.1	97.7	836	1096	904	0.0	1314
NODE_40_length_255025_cov_36.2.g5410.t1	XP_682094.1	98.2	980	963	980	0.0	1732
NODE_40_length_255025_cov_36.2.g5412.t1	XP_050467780.1	99.9	733	756	789	0.0	1432
NODE_40_length_255025_cov_36.2.g5413.t1	XP_682097.1	100	167	167	167	3.48e-121	337
NODE_40_length_255025_cov_36.2.g5414.t1	XP_682098.1	100	126	126	126	1.84e-85	243
NODE_40_length_255025_cov_36.2.g5415.t1	XP_682099.1	100	524	524	524	0.0	978
NODE_40_length_255025_cov_36.2.g5416.t1	XP_682100.2	100	220	261	220	1.98e-150	417
NODE_40_length_255025_cov_36.2.g5417.t1	XP_682101.2	100	202	202	202	5.12e-147	405
NODE_40_length_255025_cov_36.2.g5418.t1	XP_682102.1	100	372	372	372	1.88e-275	744
NODE_40_length_255025_cov_36.2.g5419.t1	XP_682103.1	100	435	435	435	2.43e-287	780
NODE_40_length_255025_cov_36.2.g5421.t1	XP_682105.1	98.3	839	839	825	0.0	1527
NODE_40_length_255025_cov_36.2.g5422.t1	XP_682106.1	98.2	446	439	446	1.12e-319	862
NODE_40_length_255025_cov_36.2.g5423.t1	XP_050467777.1	100	980	1614	1027	0.0	1902
NODE_40_length_255025_cov_36.2.g5424.t1	XP_682108.1	100	787	787	801	0.0	1475
NODE_40_length_255025_cov_36.2.g5425.t1	XP_682110.1	100	463	463	463	0.0	890
NODE_40_length_255025_cov_36.2.g5426.t1	XP_050467775.1	100	654	1304	655	0.0	1275
NODE_40_length_255025_cov_36.2.g5427.t1	XP_050467774.1	100	355	355	355	4.15e-259	701
NODE_40_length_255025_cov_36.2.g5428.t1	XP_682113.1	100	116	116	116	3.17e-88	249
NODE_40_length_255025_cov_36.2.g5429.t1	XP_682114.1	100	465	465	465	0.0	892
NODE_40_length_255025_cov_36.2.g5430.t1	XP_682115.1	100	496	496	511	0.0	969
NODE_40_length_255025_cov_36.2.g5431.t1	XP_682116.1	100	232	232	232	3.24e-158	436
NODE_40_length_255025_cov_36.2.g5432.t1	XP_682117.2	95.2	397	397	379	7.50e-256	696
NODE_40_length_255025_cov_36.2.g5433.t1	XP_682118.1	100	423	423	423	3.88e-303	818
NODE_40_length_255025_cov_36.2.g5434.t1	XP_682119.1	100	347	406	347	3.02e-245	668
NODE_40_length_255025_cov_36.2.g5435.t1	XP_050467772.1	100	432	481	481	3.41e-315	854
NODE_40_length_255025_cov_36.2.g5436.t1	XP_050467770.1	83.1	367	586	379	1.59e-209	587
NODE_40_length_255025_cov_36.2.g5437.t1	XP_050467769.1	100	307	307	307	3.64e-222	604
NODE_40_length_255025_cov_36.2.g5438.t1	XP_682122.2	99.8	435	497	435	2.08e-311	843
NODE_40_length_255025_cov_36.2.g5439.t1	XP_682123.1	99.7	294	330	451	2.47e-210	581
NODE_40_length_255025_cov_36.2.g5440.t1	XP_682124.1	100	290	290	290	9.88e-207	563
NODE_40_length_255025_cov_36.2.g5441.t1	XP_682125.1	100	153	153	153	7.77e-100	282
NODE_40_length_255025_cov_36.2.g5442.t1	XP_682126.2	100	148	148	148	1.60e-110	308
NODE_40_length_255025_cov_36.2.g5443.t1	XP_682127.1	100	717	717	717	0.0	1388
NODE_40_length_255025_cov_36.2.g5444.t1	XP_682128.1	100	525	525	525	0.0	1020
NODE_40_length_255025_cov_36.2.g5445.t1	XP_682129.1	100	177	177	177	1.24e-128	357
NODE_40_length_255025_cov_36.2.g5446.t1	XP_682131.1	100	1569	1569	1569	0.0	2825
NODE_40_length_255025_cov_36.2.g5447.t1	XP_050467766.1	100	409	409	409	7.23e-269	731
NODE_40_length_255025_cov_36.2.g5448.t1	XP_050467765.1	94.6	1315	1278	1299	0.0	2400
NODE_40_length_255025_cov_36.2.g5449.t1	XP_050467763.1	88.8	544	483	544	0.0	936
NODE_40_length_255025_cov_36.2.g5450.t1	XP_050467762.1	100	466	474	475	0.0	908
NODE_40_length_255025_cov_36.2.g5451.t1	XP_682136.1	100	474	474	474	0.0	944
NODE_40_length_255025_cov_36.2.g5452.t1	XP_682137.1	100	187	187	187	1.23e-133	370
NODE_40_length_255025_cov_36.2.g5455.t1	XP_682139.1	100	256	256	256	6.57e-179	490
NODE_41_length_254435_cov_35.5.g5456.t1	XP_658914.1	92.3	441	441	407	1.43e-292	792
NODE_41_length_254435_cov_35.5.g5457.t1	XP_658915.1	77.1	402	347	402	1.37e-209	578
NODE_41_length_254435_cov_35.5.g5458.t1	XP_658916.1	100	347	347	347	1.44e-255	692
NODE_41_length_254435_cov_35.5.g5459.t1	XP_658917.1	100	286	286	286	1.27e-216	588
NODE_41_length_254435_cov_35.5.g5460.t1	XP_658918.1	100	594	594	594	0.0	1201
NODE_41_length_254435_cov_35.5.g5462.t1	XP_658920.1	100	155	164	176	2.16e-114	320
NODE_41_length_254435_cov_35.5.g5463.t1	XP_658921.1	95.3	340	340	325	4.73e-231	629
NODE_41_length_254435_cov_35.5.g5464.t1	XP_658922.1	99.5	371	384	378	1.79e-289	780
NODE_41_length_254435_cov_35.5.g5465.t1	XP_658923.1	100	126	126	126	3.72e-85	243
NODE_41_length_254435_cov_35.5.g5466.t1	XP_658924.2	100	255	255	255	2.51e-187	511
NODE_41_length_254435_cov_35.5.g5467.t1	XP_658925.1	100	371	371	371	7.69e-279	753
NODE_41_length_254435_cov_35.5.g5468.t1	XP_658926.1	96.3	708	686	743	0.0	1317
NODE_41_length_254435_cov_35.5.g5469.t1	XP_658927.1	100	207	207	207	2.16e-146	404
NODE_41_length_254435_cov_35.5.g5470.t1	XP_658928.1	100	961	1013	981	0.0	1732
NODE_41_length_254435_cov_35.5.g5471.t1	XP_658929.1	96.8	1047	1047	1027	0.0	1828
NODE_41_length_254435_cov_35.5.g5472.t1	XP_050469000.1	100	768	768	768	0.0	1492
NODE_41_length_254435_cov_35.5.g5473.t1	XP_658931.1	100	713	713	713	0.0	1110
NODE_41_length_254435_cov_35.5.g5474.t1	XP_658932.1	100	242	242	242	1.14e-172	473
NODE_41_length_254435_cov_35.5.g5475.t1	XP_658933.1	95.5	511	511	489	0.0	963
NODE_41_length_254435_cov_35.5.g5476.t1	XP_658934.1	100	470	470	470	0.0	880
NODE_41_length_254435_cov_35.5.g5477.t1	XP_658935.1	100	331	331	331	2.23e-235	639
NODE_41_length_254435_cov_35.5.g5478.t1	XP_658936.1	100	408	408	408	8.54e-313	842
NODE_41_length_254435_cov_35.5.g5479.t1	XP_050468999.1	95.9	147	147	141	3.07e-95	270
NODE_41_length_254435_cov_35.5.g5480.t1	XP_658938.1	100	119	136	123	2.32e-81	233
NODE_41_length_254435_cov_35.5.g5481.t1	XP_658939.1	100	393	393	393	5.62e-299	805
NODE_41_length_254435_cov_35.5.g5482.t1	XP_658940.1	100	496	496	496	0.0	916
NODE_41_length_254435_cov_35.5.g5483.t1	XP_658941.2	100	312	312	312	2.19e-221	602
NODE_41_length_254435_cov_35.5.g5484.t1	XP_050468998.1	100	688	710	688	0.0	1308
NODE_41_length_254435_cov_35.5.g5485.t1	XP_658942.1	100	110	171	171	2.67e-72	214
NODE_41_length_254435_cov_35.5.g5486.t1	XP_658943.1	100	821	821	821	0.0	1630
NODE_41_length_254435_cov_35.5.g5487.t1	XP_658944.1	100	187	187	187	9.41e-90	259
NODE_41_length_254435_cov_35.5.g5488.t1	XP_658945.1	100	200	200	200	1.26e-146	404
NODE_41_length_254435_cov_35.5.g5489.t1	XP_050468997.1	100	386	486	386	1.88e-276	752
NODE_41_length_254435_cov_35.5.g5490.t1	XP_658947.1	100	515	515	515	0.0	984
NODE_41_length_254435_cov_35.5.g5491.t1	XP_050468996.1	94.7	433	410	433	5.10e-282	765
NODE_41_length_254435_cov_35.5.g5492.t1	XP_658949.1	100	145	145	145	6.30e-102	286
NODE_41_length_254435_cov_35.5.g5493.t1	XP_658950.1	100	252	252	252	2.30e-177	486
NODE_41_length_254435_cov_35.5.g5494.t1	XP_658952.1	100	211	211	211	2.69e-142	394
NODE_41_length_254435_cov_35.5.g5495.t1	XP_658953.2	96.4	797	784	781	0.0	1450
NODE_41_length_254435_cov_35.5.g5496.t1	XP_658954.1	93.5	200	200	187	2.20e-119	335
NODE_41_length_254435_cov_35.5.g5497.t1	XP_658955.1	100	780	780	780	0.0	1589
NODE_41_length_254435_cov_35.5.g5498.t1	XP_658957.2	100	176	176	176	5.91e-122	340
NODE_41_length_254435_cov_35.5.g5499.t1	XP_050468994.1	100	345	345	345	8.03e-236	642
NODE_41_length_254435_cov_35.5.g5500.t1	XP_050468993.1	97.2	721	721	702	0.0	1334
NODE_41_length_254435_cov_35.5.g5501.t1	XP_658959.1	99.7	321	428	372	3.25e-224	617
NODE_41_length_254435_cov_35.5.g5502.t1	XP_658960.1	100	415	415	415	4.70e-284	769
NODE_41_length_254435_cov_35.5.g5503.t1	XP_050468992.1	100	451	451	451	0.0	875
NODE_41_length_254435_cov_35.5.g5504.t1	XP_658962.2	98.3	420	414	420	5.66e-302	815
NODE_41_length_254435_cov_35.5.g5505.t1	XP_658963.2	100	926	926	926	0.0	1750
NODE_41_length_254435_cov_35.5.g5506.t1	XP_658964.1	100	161	161	161	2.48e-118	329
NODE_41_length_254435_cov_35.5.g5507.t1	XP_658965.2	81.0	63	74	63	1.21e-28	95.9
NODE_41_length_254435_cov_35.5.g5508.t1	XP_050468991.1	95.2	419	419	399	1.40e-273	743
NODE_41_length_254435_cov_35.5.g5509.t1	XP_658967.1	100	670	670	670	0.0	1305
NODE_41_length_254435_cov_35.5.g5510.t1	XP_658968.1	100	227	227	227	4.22e-147	407
NODE_41_length_254435_cov_35.5.g5511.t1	XP_050468990.1	100	189	189	208	2.95e-119	335
NODE_41_length_254435_cov_35.5.g5512.t1	XP_658970.2	99.8	628	628	729	0.0	1191
NODE_41_length_254435_cov_35.5.g5513.t1	XP_658971.1	100	793	793	799	0.0	1556
NODE_41_length_254435_cov_35.5.g5514.t1	XP_658972.1	100	349	349	421	3.45e-261	709
NODE_41_length_254435_cov_35.5.g5515.t1	XP_658973.1	100	459	459	459	3.79e-310	839
NODE_41_length_254435_cov_35.5.g5516.t1	XP_658974.1	100	290	290	290	2.28e-221	600
NODE_41_length_254435_cov_35.5.g5517.t1	XP_658975.1	100	159	159	159	1.74e-83	241
NODE_41_length_254435_cov_35.5.g5518.t1	XP_658976.2	100	448	448	571	0.0	881
NODE_41_length_254435_cov_35.5.g5519.t1	XP_658977.1	100	585	585	585	0.0	1153
NODE_41_length_254435_cov_35.5.g5520.t1	XP_868848.1	100	562	720	562	0.0	1120
NODE_41_length_254435_cov_35.5.g5522.t1	XP_868846.1	89.4	263	263	236	2.75e-136	382
NODE_41_length_254435_cov_35.5.g5524.t1	XP_658978.1	100	1258	1258	1258	0.0	2499
NODE_41_length_254435_cov_35.5.g5525.t1	XP_658979.1	97.9	533	533	522	0.0	1024
NODE_41_length_254435_cov_35.5.g5526.t1	XP_050468989.1	100	202	294	202	6.95e-146	406
NODE_41_length_254435_cov_35.5.g5527.t1	XP_658981.2	99.9	1224	1224	1224	0.0	2312
NODE_41_length_254435_cov_35.5.g5528.t1	XP_658982.1	100	192	192	192	1.93e-128	357
NODE_41_length_254435_cov_35.5.g5529.t1	XP_658983.1	100	362	362	362	3.35e-273	738
NODE_41_length_254435_cov_35.5.g5530.t1	XP_658984.1	100	658	658	658	0.0	1279
NODE_41_length_254435_cov_35.5.g5531.t1	XP_658985.1	100	191	191	191	1.94e-132	367
NODE_41_length_254435_cov_35.5.g5532.t1	XP_050468988.1	100	442	442	442	3.40e-318	858
NODE_41_length_254435_cov_35.5.g5533.t1	XP_658987.1	100	166	166	166	4.95e-116	324
NODE_41_length_254435_cov_35.5.g5534.t1	XP_658988.2	96.2	158	158	202	1.37e-103	293
NODE_41_length_254435_cov_35.5.g5535.t1	XP_050468987.1	100	530	530	631	0.0	1078
NODE_41_length_254435_cov_35.5.g5536.t1	XP_658989.2	100	446	446	446	4.50e-300	813
NODE_41_length_254435_cov_35.5.g5537.t1	XP_658990.1	100	960	990	960	0.0	1665
NODE_41_length_254435_cov_35.5.g5538.t1	XP_658991.1	100	304	305	306	1.57e-181	501
NODE_41_length_254435_cov_35.5.g5539.t1	XP_050468986.1	49.6	522	475	522	7.71e-125	372
NODE_41_length_254435_cov_35.5.g5540.t1	XP_658993.1	97.8	770	769	905	0.0	1525
NODE_41_length_254435_cov_35.5.g5541.t1	XP_658994.1	100	81	81	81	1.07e-54	162
NODE_41_length_254435_cov_35.5.g5542.t1	XP_658995.1	94.9	991	991	941	0.0	1845
NODE_41_length_254435_cov_35.5.g5543.t1	XP_658996.1	100	257	257	257	2.77e-176	484
NODE_41_length_254435_cov_35.5.g5544.t1	XP_658998.1	100	342	342	342	2.87e-248	673
NODE_41_length_254435_cov_35.5.g5545.t1	XP_050468984.1	95.5	492	621	510	7.14e-255	708
NODE_41_length_254435_cov_35.5.g5546.t1	XP_050468983.1	100	700	700	700	0.0	1405
NODE_41_length_254435_cov_35.5.g5547.t1	XP_659001.1	100	504	517	517	0.0	999
NODE_41_length_254435_cov_35.5.g5548.t1	XP_659003.1	100	429	653	479	2.81e-276	763
NODE_41_length_254435_cov_35.5.g5549.t1	XP_050468980.1	100	1072	1072	1072	0.0	2121
NODE_41_length_254435_cov_35.5.g5550.t1	XP_050468979.1	100	692	692	692	0.0	1250
NODE_41_length_254435_cov_35.5.g5551.t1	XP_659007.1	100	299	299	373	3.38e-218	596
NODE_41_length_254435_cov_35.5.g5552.t1	XP_050468978.1	99.8	447	447	447	0.0	891
NODE_42_length_253203_cov_34.9.g5553.t1	XP_659718.1	100	448	448	448	0.0	917
NODE_42_length_253203_cov_34.9.g5554.t1	XP_659719.1	95.7	466	447	466	0.0	872
NODE_42_length_253203_cov_34.9.g5555.t1	XP_659720.1	100	316	316	316	6.37e-232	629
NODE_42_length_253203_cov_34.9.g5556.t1	XP_659721.1	100	152	167	160	3.67e-101	286
NODE_42_length_253203_cov_34.9.g5557.t1	XP_659722.1	100	337	337	337	4.82e-258	697
NODE_42_length_253203_cov_34.9.g5558.t1	XP_659723.1	100	1271	1271	1271	0.0	2470
NODE_42_length_253203_cov_34.9.g5559.t1	XP_659724.1	100	1093	1093	1093	0.0	2123
NODE_42_length_253203_cov_34.9.g5560.t1	XP_659725.2	100	401	401	401	1.01e-296	800
NODE_42_length_253203_cov_34.9.g5562.t1	XP_050468813.1	100	537	545	601	0.0	1085
NODE_42_length_253203_cov_34.9.g5563.t1	XP_659726.2	98.3	660	660	649	0.0	1237
NODE_42_length_253203_cov_34.9.g5564.t1	XP_659727.1	100	259	259	259	7.72e-184	503
NODE_42_length_253203_cov_34.9.g5565.t1	XP_659728.1	100	314	314	314	1.90e-232	630
NODE_42_length_253203_cov_34.9.g5566.t1	XP_050468814.1	95.8	553	1062	556	0.0	1029
NODE_42_length_253203_cov_34.9.g5567.t1	XP_050468815.1	100	655	655	655	0.0	1160
NODE_42_length_253203_cov_34.9.g5568.t1	XP_050468817.1	100	273	273	369	1.33e-191	528
NODE_42_length_253203_cov_34.9.g5569.t1	XP_659732.1	100	774	774	774	0.0	1474
NODE_42_length_253203_cov_34.9.g5570.t1	XP_659733.2	100	335	335	335	2.75e-247	670
NODE_42_length_253203_cov_34.9.g5571.t1	XP_659734.1	99.9	1241	1241	1241	0.0	2454
NODE_42_length_253203_cov_34.9.g5572.t1	XP_868920.1	100	730	801	752	0.0	1447
NODE_42_length_253203_cov_34.9.g5573.t1	XP_659736.1	100	365	435	382	4.61e-256	698
NODE_42_length_253203_cov_34.9.g5574.t1	XP_659737.1	100	237	237	237	9.73e-167	458
NODE_42_length_253203_cov_34.9.g5577.t1	XP_659739.1	100	603	603	603	0.0	984
NODE_42_length_253203_cov_34.9.g5578.t1	XP_659740.1	100	687	687	687	0.0	1316
NODE_42_length_253203_cov_34.9.g5579.t1	XP_659741.1	100	629	629	629	0.0	1199
NODE_42_length_253203_cov_34.9.g5580.t1	XP_659742.1	95.2	1352	1352	1288	0.0	2464
NODE_42_length_253203_cov_34.9.g5581.t1	XP_659743.1	99.6	242	242	254	1.86e-183	501
NODE_42_length_253203_cov_34.9.g5582.t1	XP_659744.1	100	259	259	259	6.80e-178	488
NODE_42_length_253203_cov_34.9.g5584.t1	XP_659745.1	99.3	426	533	426	1.01e-309	840
NODE_42_length_253203_cov_34.9.g5585.t1	XP_659746.1	100	553	553	553	6.94e-277	763
NODE_42_length_253203_cov_34.9.g5586.t1	XP_659747.1	98.9	1204	1204	1195	0.0	2102
NODE_42_length_253203_cov_34.9.g5587.t1	XP_659748.1	100	357	357	357	4.89e-243	661
NODE_42_length_253203_cov_34.9.g5588.t1	XP_659749.1	100	493	493	493	0.0	1008
NODE_42_length_253203_cov_34.9.g5589.t1	XP_659750.1	98.9	351	347	351	4.15e-173	483
NODE_42_length_253203_cov_34.9.g5590.t1	XP_659751.1	98.0	1812	1812	1780	0.0	3279
NODE_42_length_253203_cov_34.9.g5591.t1	XP_659752.1	100	717	717	717	0.0	1422
NODE_42_length_253203_cov_34.9.g5592.t1	XP_050468819.1	100	568	568	568	0.0	1083
NODE_42_length_253203_cov_34.9.g5593.t1	XP_659754.1	99.7	594	600	594	0.0	1164
NODE_42_length_253203_cov_34.9.g5594.t1	XP_659755.1	100	651	651	651	0.0	1243
NODE_42_length_253203_cov_34.9.g5595.t1	XP_659756.1	100	141	141	172	3.21e-84	243
NODE_42_length_253203_cov_34.9.g5596.t1	XP_659757.1	100	324	324	324	8.01e-230	625
NODE_42_length_253203_cov_34.9.g5598.t1	XP_659759.1	100	341	341	341	7.39e-255	689
NODE_42_length_253203_cov_34.9.g5599.t1	XP_659761.1	100	423	423	423	7.82e-303	818
NODE_42_length_253203_cov_34.9.g5600.t1	XP_659762.1	100	353	353	353	2.39e-257	697
NODE_42_length_253203_cov_34.9.g5601.t1	XP_050468821.1	100	496	828	499	0.0	959
NODE_42_length_253203_cov_34.9.g5602.t1	XP_659764.1	96.5	431	431	424	3.88e-271	738
NODE_42_length_253203_cov_34.9.g5603.t1	XP_659765.1	100	386	386	386	2.19e-297	801
NODE_42_length_253203_cov_34.9.g5604.t1	XP_659766.1	100	703	703	703	0.0	1413
NODE_42_length_253203_cov_34.9.g5605.t1	XP_659767.2	100	270	270	283	3.91e-197	538
NODE_42_length_253203_cov_34.9.g5606.t1	XP_659768.1	100	1034	1034	1034	0.0	1929
NODE_42_length_253203_cov_34.9.g5607.t1	XP_659769.2	100	373	373	373	8.04e-282	760
NODE_42_length_253203_cov_34.9.g5608.t1	XP_659770.1	100	320	320	320	5.70e-237	642
NODE_42_length_253203_cov_34.9.g5609.t1	XP_659771.1	99.9	759	800	816	0.0	1361
NODE_42_length_253203_cov_34.9.g5610.t1	XP_659772.1	96.0	452	452	434	2.12e-276	753
NODE_42_length_253203_cov_34.9.g5611.t1	XP_659773.1	100	270	270	270	7.34e-183	501
NODE_42_length_253203_cov_34.9.g5613.t1	XP_659775.1	100	199	199	199	1.16e-137	381
NODE_42_length_253203_cov_34.9.g5614.t1	XP_659776.1	100	241	241	241	4.13e-170	467
NODE_42_length_253203_cov_34.9.g5615.t1	XP_659777.1	100	580	580	580	0.0	1107
NODE_42_length_253203_cov_34.9.g5616.t1	XP_659778.2	99.5	1033	1496	1033	0.0	2039
NODE_42_length_253203_cov_34.9.g5617.t1	XP_659779.1	91.8	501	493	489	0.0	895
NODE_42_length_253203_cov_34.9.g5618.t1	XP_050468823.1	100	772	772	772	0.0	1496
NODE_42_length_253203_cov_34.9.g5619.t1	XP_659781.1	100	337	337	337	1.35e-239	650
NODE_42_length_253203_cov_34.9.g5620.t1	XP_659782.2	100	554	554	554	0.0	1038
NODE_42_length_253203_cov_34.9.g5621.t1	XP_050468824.1	100	327	327	327	2.94e-238	646
NODE_42_length_253203_cov_34.9.g5622.t1	XP_050468825.1	99.7	301	301	300	7.44e-230	623
NODE_42_length_253203_cov_34.9.g5623.t1	XP_659783.2	100	447	447	447	0.0	907
NODE_42_length_253203_cov_34.9.g5624.t1	XP_659784.1	100	615	615	615	0.0	1175
NODE_42_length_253203_cov_34.9.g5625.t1	XP_659786.1	96.6	467	580	453	4.52e-311	847
NODE_42_length_253203_cov_34.9.g5626.t1	XP_659787.1	100	345	345	345	5.22e-257	695
NODE_42_length_253203_cov_34.9.g5627.t1	XP_659788.1	91.9	397	365	397	2.20e-244	666
NODE_42_length_253203_cov_34.9.g5628.t1	XP_659789.1	100	334	334	334	1.31e-224	612
NODE_42_length_253203_cov_34.9.g5629.t1	XP_659790.1	100	572	572	572	0.0	1177
NODE_42_length_253203_cov_34.9.g5630.t1	XP_659791.1	100	174	183	251	1.62e-122	344
NODE_42_length_253203_cov_34.9.g5631.t1	XP_659792.1	97.7	384	384	376	7.53e-261	708
NODE_42_length_253203_cov_34.9.g5633.t1	XP_659794.1	100	342	366	447	1.57e-254	694
NODE_42_length_253203_cov_34.9.g5634.t1	XP_663441.2	42.5	301	333	522	1.65e-63	208
NODE_42_length_253203_cov_34.9.g5635.t1	XP_659796.1	95.0	382	422	376	7.90e-266	722
NODE_42_length_253203_cov_34.9.g5636.t1	XP_659797.1	97.5	122	120	190	2.26e-80	233
NODE_43_length_246971_cov_32.8.g5637.t1	XP_680611.1	98.6	1935	1940	1912	0.0	3643
NODE_43_length_246971_cov_32.8.g5638.t1	XP_680612.1	100	556	577	612	0.0	1106
NODE_43_length_246971_cov_32.8.g5639.t1	XP_680613.1	98.4	567	571	567	0.0	1107
NODE_43_length_246971_cov_32.8.g5640.t1	XP_050467849.1	99.9	863	1446	894	0.0	1766
NODE_43_length_246971_cov_32.8.g5641.t1	XP_050467848.1	100	177	236	177	1.00e-122	344
NODE_43_length_246971_cov_32.8.g5642.t1	XP_680617.1	100	2854	2871	3043	0.0	5530
NODE_43_length_246971_cov_32.8.g5643.t1	XP_680618.1	100	431	431	431	0.0	901
NODE_43_length_246971_cov_32.8.g5644.t1	XP_050467847.1	99.4	497	496	497	1.79e-311	846
NODE_43_length_246971_cov_32.8.g5645.t1	XP_680620.1	88.7	476	476	466	4.87e-280	764
NODE_43_length_246971_cov_32.8.g5646.t1	XP_680621.1	100	280	280	280	6.18e-157	437
NODE_43_length_246971_cov_32.8.g5647.t1	XP_680622.1	90.7	366	538	344	9.70e-226	624
NODE_43_length_246971_cov_32.8.g5648.t1	XP_050467846.1	100	572	1090	572	0.0	1142
NODE_43_length_246971_cov_32.8.g5649.t1	XP_680625.2	100	169	169	169	6.24e-125	347
NODE_43_length_246971_cov_32.8.g5650.t1	XP_680626.1	100	163	163	163	2.20e-131	362
NODE_43_length_246971_cov_32.8.g5651.t1	XP_680627.1	100	651	651	651	0.0	1287
NODE_43_length_246971_cov_32.8.g5653.t1	XP_680630.1	100	460	664	495	0.0	933
NODE_43_length_246971_cov_32.8.g5654.t1	XP_680631.1	91.8	930	855	930	0.0	1661
NODE_43_length_246971_cov_32.8.g5655.t1	XP_680632.1	100	561	561	910	0.0	1081
NODE_43_length_246971_cov_32.8.g5656.t1	XP_680633.1	100	446	446	446	0.0	904
NODE_43_length_246971_cov_32.8.g5657.t1	XP_680634.1	100	274	290	274	1.75e-203	555
NODE_43_length_246971_cov_32.8.g5658.t1	XP_680635.1	100	414	414	414	2.96e-307	828
NODE_43_length_246971_cov_32.8.g5659.t1	XP_680636.1	100	347	347	347	7.12e-256	692
NODE_43_length_246971_cov_32.8.g5660.t1	XP_680637.1	100	537	537	537	0.0	1003
NODE_43_length_246971_cov_32.8.g5662.t1	XP_680640.1	99.8	487	487	486	0.0	957
NODE_43_length_246971_cov_32.8.g5663.t1	XP_050467840.1	100	813	813	813	0.0	1710
NODE_43_length_246971_cov_32.8.g5664.t1	XP_680641.2	100	448	448	448	0.0	931
NODE_43_length_246971_cov_32.8.g5665.t1	XP_050467839.1	99.7	680	680	699	0.0	1286
NODE_43_length_246971_cov_32.8.g5666.t1	XP_680643.1	100	210	210	210	3.19e-154	424
NODE_43_length_246971_cov_32.8.g5667.t1	XP_680644.1	100	510	510	510	0.0	1052
NODE_43_length_246971_cov_32.8.g5668.t1	XP_680645.2	99.0	393	389	393	1.39e-282	764
NODE_43_length_246971_cov_32.8.g5669.t1	XP_680646.1	94.1	357	339	402	6.98e-240	654
NODE_43_length_246971_cov_32.8.g5670.t1	XP_680647.1	100	137	137	137	3.45e-93	264
NODE_43_length_246971_cov_32.8.g5671.t1	XP_050467838.1	100	680	710	742	0.0	1373
NODE_43_length_246971_cov_32.8.g5672.t1	XP_680649.1	99.6	510	508	510	0.0	996
NODE_43_length_246971_cov_32.8.g5674.t1	XP_680651.1	100	422	422	422	1.31e-305	825
NODE_43_length_246971_cov_32.8.g5675.t1	XP_680652.1	100	505	505	505	0.0	1039
NODE_43_length_246971_cov_32.8.g5676.t1	XP_680653.1	99.5	200	219	214	1.64e-148	410
NODE_43_length_246971_cov_32.8.g5677.t1	XP_680654.1	100	406	406	406	8.77e-305	821
NODE_43_length_246971_cov_32.8.g5678.t1	XP_680655.1	100	280	280	280	2.25e-207	564
NODE_43_length_246971_cov_32.8.g5679.t1	XP_680656.1	100	283	283	283	3.14e-195	534
NODE_43_length_246971_cov_32.8.g5680.t1	XP_680657.1	100	739	739	739	0.0	1514
NODE_43_length_246971_cov_32.8.g5681.t1	XP_680658.1	97.0	598	598	580	0.0	1176
NODE_43_length_246971_cov_32.8.g5682.t1	XP_680659.1	100	552	552	552	0.0	1128
NODE_43_length_246971_cov_32.8.g5683.t1	XP_680660.1	100	544	544	544	0.0	1114
NODE_43_length_246971_cov_32.8.g5684.t1	XP_680661.1	95.1	511	509	495	0.0	936
NODE_43_length_246971_cov_32.8.g5685.t1	XP_680662.1	99.4	165	178	185	6.93e-119	332
NODE_43_length_246971_cov_32.8.g5686.t1	XP_680663.1	97.1	339	339	329	1.24e-254	688
NODE_43_length_246971_cov_32.8.g5687.t1	XP_680664.1	100	354	447	357	9.21e-253	689
NODE_43_length_246971_cov_32.8.g5688.t1	XP_680665.1	100	772	772	772	0.0	1542
NODE_43_length_246971_cov_32.8.g5689.t1	XP_680666.1	94.4	850	909	852	0.0	1064
NODE_43_length_246971_cov_32.8.g5690.t1	XP_680668.1	96.8	561	561	543	0.0	1101
NODE_43_length_246971_cov_32.8.g5691.t1	XP_680669.1	91.9	235	266	345	4.31e-143	404
NODE_43_length_246971_cov_32.8.g5692.t1	XP_680670.1	86.6	336	338	355	1.05e-204	563
NODE_43_length_246971_cov_32.8.g5693.t1	XP_680671.1	97.9	634	634	661	0.0	1137
NODE_43_length_246971_cov_32.8.g5694.t1	XP_680672.1	100	318	368	318	2.92e-242	658
NODE_43_length_246971_cov_32.8.g5695.t1	XP_680673.1	93.6	264	312	361	1.30e-167	468
NODE_43_length_246971_cov_32.8.g5696.t1	XP_680675.1	89.7	301	383	302	3.83e-185	513
NODE_43_length_246971_cov_32.8.g5697.t1	XP_680676.1	100	578	578	578	0.0	1188
NODE_43_length_246971_cov_32.8.g5698.t1	XP_680677.1	100	239	405	395	3.52e-164	465
NODE_43_length_246971_cov_32.8.g5699.t1	XP_680678.1	100	166	166	166	4.42e-128	354
NODE_43_length_246971_cov_32.8.g5700.t1	XP_680680.1	100	246	250	298	2.78e-177	488
NODE_43_length_246971_cov_32.8.g5701.t1	XP_680681.1	100	104	104	104	1.04e-76	219
NODE_43_length_246971_cov_32.8.g5702.t1	XP_680682.1	100	355	364	355	1.14e-272	736
NODE_43_length_246971_cov_32.8.g5703.t1	XP_680683.1	100	301	307	385	5.44e-213	584
NODE_43_length_246971_cov_32.8.g5704.t1	XP_680684.1	93.3	489	520	524	0.0	899
NODE_43_length_246971_cov_32.8.g5705.t1	XP_680685.1	100	165	165	165	1.27e-122	340
NODE_43_length_246971_cov_32.8.g5706.t1	XP_680686.1	100	181	305	183	2.73e-125	354
NODE_43_length_246971_cov_32.8.g5707.t1	XP_680687.1	100	694	694	694	0.0	1424
NODE_43_length_246971_cov_32.8.g5708.t1	XP_680688.1	98.2	222	398	231	1.60e-161	451
NODE_44_length_240932_cov_34.2.g5709.t1	XP_050467254.1	100	201	201	201	2.76e-155	426
NODE_44_length_240932_cov_34.2.g5710.t1	XP_681365.2	90.5	389	449	364	4.12e-249	681
NODE_44_length_240932_cov_34.2.g5711.t1	XP_681363.1	100	134	165	171	4.22e-86	248
NODE_44_length_240932_cov_34.2.g5712.t1	XP_681362.1	91.9	421	433	431	3.67e-269	733
NODE_44_length_240932_cov_34.2.g5713.t1	XP_681361.1	79.6	1508	1515	1356	0.0	2256
NODE_44_length_240932_cov_34.2.g5714.t1	XP_681360.1	100	389	392	411	9.55e-302	813
NODE_44_length_240932_cov_34.2.g5715.t1	XP_681359.1	98.4	64	127	100	1.53e-40	129
NODE_44_length_240932_cov_34.2.g5716.t1	XP_681358.1	100	525	525	525	0.0	1033
NODE_44_length_240932_cov_34.2.g5717.t1	XP_681357.1	99.0	509	504	593	0.0	986
NODE_44_length_240932_cov_34.2.g5719.t1	XP_681355.1	100	153	153	153	4.19e-113	315
NODE_44_length_240932_cov_34.2.g5721.t1	XP_681353.1	99.8	428	486	430	5.50e-312	844
NODE_44_length_240932_cov_34.2.g5722.t1	XP_681352.1	98.2	570	608	560	0.0	1109
NODE_44_length_240932_cov_34.2.g5723.t1	XP_050467252.1	99.6	531	917	536	0.0	1033
NODE_44_length_240932_cov_34.2.g5724.t1	XP_681349.2	100	167	167	167	1.48e-122	340
NODE_44_length_240932_cov_34.2.g5725.t1	XP_050467250.1	99.1	686	1240	680	0.0	1313
NODE_44_length_240932_cov_34.2.g5726.t1	XP_681346.1	100	552	552	552	0.0	1104
NODE_44_length_240932_cov_34.2.g5727.t1	XP_681345.1	99.2	1895	1981	2044	0.0	3102
NODE_44_length_240932_cov_34.2.g5728.t1	XP_050467249.1	100	326	372	390	1.68e-239	654
NODE_44_length_240932_cov_34.2.g5729.t1	XP_681343.1	98.6	1338	1338	1319	0.0	2360
NODE_44_length_240932_cov_34.2.g5730.t1	XP_681342.1	100	747	788	788	0.0	1272
NODE_44_length_240932_cov_34.2.g5731.t1	XP_681341.1	100	244	244	244	2.37e-166	457
NODE_44_length_240932_cov_34.2.g5732.t1	XP_681340.1	93.5	815	815	762	0.0	1466
NODE_44_length_240932_cov_34.2.g5733.t1	XP_681339.1	100	357	376	357	1.27e-259	704
NODE_44_length_240932_cov_34.2.g5734.t1	XP_681338.1	94.7	854	809	854	0.0	1552
NODE_44_length_240932_cov_34.2.g5735.t1	XP_681337.1	100	572	572	572	0.0	1151
NODE_44_length_240932_cov_34.2.g5736.t1	XP_681336.1	100	835	835	835	0.0	1544
NODE_44_length_240932_cov_34.2.g5737.t1	XP_681335.1	100	550	550	550	0.0	1062
NODE_44_length_240932_cov_34.2.g5738.t1	XP_050467248.1	100	188	188	188	2.48e-138	382
NODE_44_length_240932_cov_34.2.g5739.t1	XP_681333.1	100	386	441	398	9.68e-275	746
NODE_44_length_240932_cov_34.2.g5740.t1	XP_681332.1	100	473	473	473	0.0	898
NODE_44_length_240932_cov_34.2.g5741.t1	XP_681331.1	100	327	327	327	1.71e-205	563
NODE_44_length_240932_cov_34.2.g5742.t1	XP_681330.1	100	558	558	558	0.0	1028
NODE_44_length_240932_cov_34.2.g5743.t1	XP_681329.1	100	340	340	340	4.81e-255	690
NODE_44_length_240932_cov_34.2.g5744.t1	XP_681328.1	100	181	181	181	1.14e-126	352
NODE_44_length_240932_cov_34.2.g5745.t1	XP_681327.1	100	380	380	380	1.64e-289	780
NODE_44_length_240932_cov_34.2.g5746.t1	XP_681326.1	100	370	370	370	1.93e-267	724
NODE_44_length_240932_cov_34.2.g5747.t1	XP_681325.1	100	1114	1114	1114	0.0	2100
NODE_44_length_240932_cov_34.2.g5748.t1	XP_681324.1	100	609	609	609	0.0	1223
NODE_44_length_240932_cov_34.2.g5749.t1	XP_050467246.1	100	246	269	246	5.09e-152	422
NODE_44_length_240932_cov_34.2.g5750.t1	XP_050467245.1	100	96	122	138	1.06e-72	211
NODE_44_length_240932_cov_34.2.g5751.t1	XP_681322.1	100	1180	1180	1180	0.0	2282
NODE_44_length_240932_cov_34.2.g5752.t1	XP_681320.1	100	566	566	566	0.0	1093
NODE_44_length_240932_cov_34.2.g5753.t1	XP_050467244.1	100	189	189	228	4.80e-150	413
NODE_44_length_240932_cov_34.2.g5754.t1	XP_050467243.1	100	144	144	144	2.20e-106	298
NODE_44_length_240932_cov_34.2.g5755.t1	XP_681318.1	100	213	213	213	3.59e-157	432
NODE_44_length_240932_cov_34.2.g5756.t1	XP_681317.1	100	206	206	206	2.47e-131	366
NODE_44_length_240932_cov_34.2.g5757.t1	XP_050467242.1	100	280	280	280	2.52e-204	556
NODE_44_length_240932_cov_34.2.g5758.t1	XP_050467241.1	100	347	681	347	7.74e-271	744
NODE_44_length_240932_cov_34.2.g5759.t1	XP_050467239.1	93.8	275	269	275	3.75e-186	510
NODE_44_length_240932_cov_34.2.g5760.t1	XP_681313.1	100	1100	1100	1100	0.0	2169
NODE_44_length_240932_cov_34.2.g5761.t1	XP_681312.2	100	159	159	203	3.46e-118	330
NODE_44_length_240932_cov_34.2.g5762.t1	XP_050467238.1	97.8	782	782	766	0.0	1478
NODE_44_length_240932_cov_34.2.g5763.t1	XP_050467237.1	100	336	336	336	4.10e-229	624
NODE_44_length_240932_cov_34.2.g5764.t1	XP_681309.1	100	187	187	187	1.87e-128	357
NODE_44_length_240932_cov_34.2.g5765.t1	XP_681308.1	100	136	136	136	8.48e-89	253
NODE_44_length_240932_cov_34.2.g5766.t1	XP_681307.1	100	602	602	602	0.0	1156
NODE_44_length_240932_cov_34.2.g5767.t1	XP_681305.1	96.5	310	373	299	8.14e-216	590
NODE_44_length_240932_cov_34.2.g5768.t1	XP_681304.1	100	798	798	798	0.0	1515
NODE_44_length_240932_cov_34.2.g5769.t1	XP_050467236.1	99.2	399	566	432	5.08e-250	691
NODE_44_length_240932_cov_34.2.g5770.t1	XP_681302.2	97.0	593	593	580	0.0	1125
NODE_44_length_240932_cov_34.2.g5771.t1	XP_050467235.1	98.5	527	527	557	0.0	1034
NODE_44_length_240932_cov_34.2.g5772.t1	XP_681301.1	100	314	314	314	1.56e-231	628
NODE_44_length_240932_cov_34.2.g5773.t1	XP_681300.1	100	853	853	853	0.0	1590
NODE_44_length_240932_cov_34.2.g5774.t1	XP_681299.1	94.7	265	265	251	2.75e-179	491
NODE_44_length_240932_cov_34.2.g5775.t1	XP_681298.1	100	829	829	829	0.0	1577
NODE_44_length_240932_cov_34.2.g5776.t1	XP_681297.1	100	334	334	334	1.43e-253	686
NODE_44_length_240932_cov_34.2.g5777.t1	XP_681296.1	100	583	583	583	0.0	1172
NODE_44_length_240932_cov_34.2.g5778.t1	XP_681295.1	100	452	452	452	0.0	882
NODE_44_length_240932_cov_34.2.g5779.t1	XP_681294.1	100	418	418	418	1.75e-317	854
NODE_44_length_240932_cov_34.2.g5780.t1	XP_681293.1	100	303	303	303	3.53e-227	616
NODE_44_length_240932_cov_34.2.g5781.t1	XP_681292.1	100	696	696	696	0.0	1333
NODE_44_length_240932_cov_34.2.g5782.t1	XP_050467234.1	100	411	696	413	3.47e-297	815
NODE_44_length_240932_cov_34.2.g5783.t1	XP_681289.1	94.8	466	458	464	0.0	869
NODE_44_length_240932_cov_34.2.g5784.t1	XP_681288.1	89.2	831	985	1156	0.0	1452
NODE_44_length_240932_cov_34.2.g5785.t1	XP_681287.1	100	445	445	445	2.02e-307	831
NODE_44_length_240932_cov_34.2.g5786.t1	XP_681286.1	90.2	871	857	827	0.0	1307
NODE_44_length_240932_cov_34.2.g5787.t1	XP_681285.1	100	399	399	399	7.61e-291	785
NODE_44_length_240932_cov_34.2.g5788.t1	XP_681284.1	100	502	502	502	0.0	985
NODE_44_length_240932_cov_34.2.g5789.t1	XP_681283.1	93.9	913	931	896	0.0	1650
NODE_44_length_240932_cov_34.2.g5790.t1	XP_681282.1	100	672	672	672	0.0	1180
NODE_44_length_240932_cov_34.2.g5791.t1	XP_681281.1	100	347	347	347	4.61e-252	683
NODE_45_length_239635_cov_34.8.g5792.t1	XP_050468244.1	97.7	683	951	710	0.0	1340
NODE_45_length_239635_cov_34.8.g5793.t1	XP_660006.1	31.1	251	356	278	1.40e-26	105
NODE_45_length_239635_cov_34.8.g5794.t1	XP_663151.1	100	272	276	283	1.94e-194	531
NODE_45_length_239635_cov_34.8.g5796.t1	XP_663150.1	100	638	643	1121	0.0	1258
NODE_45_length_239635_cov_34.8.g5797.t1	XP_663149.1	100	503	503	503	0.0	962
NODE_45_length_239635_cov_34.8.g5798.t1	XP_663148.1	100	266	266	266	4.68e-193	527
NODE_45_length_239635_cov_34.8.g5799.t1	XP_663147.1	100	116	116	116	1.92e-80	230
NODE_45_length_239635_cov_34.8.g5800.t1	XP_663146.1	99.2	382	401	414	3.06e-292	790
NODE_45_length_239635_cov_34.8.g5801.t1	XP_663144.1	100	551	551	551	0.0	1091
NODE_45_length_239635_cov_34.8.g5802.t1	XP_663143.1	100	385	396	385	3.74e-280	758
NODE_45_length_239635_cov_34.8.g5803.t1	XP_663142.1	100	189	309	205	1.70e-132	373
NODE_45_length_239635_cov_34.8.g5804.t1	XP_050468245.1	100	392	572	396	5.60e-284	775
NODE_45_length_239635_cov_34.8.g5805.t1	XP_663140.1	100	396	396	396	3.66e-237	649
NODE_45_length_239635_cov_34.8.g5806.t1	XP_663139.1	95.9	713	713	685	0.0	1158
NODE_45_length_239635_cov_34.8.g5807.t1	XP_663138.1	100	320	335	339	5.01e-235	639
NODE_45_length_239635_cov_34.8.g5808.t1	XP_050468246.1	90.7	689	719	625	0.0	1038
NODE_45_length_239635_cov_34.8.g5809.t1	XP_663136.1	100	268	268	268	1.77e-173	478
NODE_45_length_239635_cov_34.8.g5810.t1	XP_663135.1	100	606	606	606	0.0	1204
NODE_45_length_239635_cov_34.8.g5811.t1	XP_663134.1	100	237	237	237	4.17e-177	484
NODE_45_length_239635_cov_34.8.g5812.t1	XP_663133.1	100	588	637	588	0.0	1176
NODE_45_length_239635_cov_34.8.g5813.t1	XP_050468247.1	100	721	721	721	0.0	1356
NODE_45_length_239635_cov_34.8.g5814.t1	XP_050468249.1	95.8	928	899	918	0.0	1636
NODE_45_length_239635_cov_34.8.g5815.t1	XP_050468250.1	98.0	788	808	833	0.0	1536
NODE_45_length_239635_cov_34.8.g5816.t1	XP_663130.1	97.4	115	112	115	1.24e-77	223
NODE_45_length_239635_cov_34.8.g5817.t1	XP_050468252.1	100	783	783	783	0.0	1570
NODE_45_length_239635_cov_34.8.g5818.t1	XP_050468253.1	100	155	155	291	2.27e-112	319
NODE_45_length_239635_cov_34.8.g5819.t1	XP_663127.1	100	504	504	504	0.0	1015
NODE_45_length_239635_cov_34.8.g5820.t1	XP_663126.1	100	212	212	229	7.08e-147	406
NODE_45_length_239635_cov_34.8.g5821.t1	XP_663125.1	100	891	891	891	0.0	1481
NODE_45_length_239635_cov_34.8.g5822.t1	XP_050468254.1	100	263	435	264	7.89e-177	493
NODE_45_length_239635_cov_34.8.g5823.t1	XP_663122.1	100	332	332	332	1.30e-239	650
NODE_45_length_239635_cov_34.8.g5824.t1	XP_663121.1	100	1038	1038	1038	0.0	1771
NODE_45_length_239635_cov_34.8.g5825.t1	XP_050468255.1	99.5	747	743	747	0.0	1437
NODE_45_length_239635_cov_34.8.g5826.t1	XP_050468256.1	100	731	733	748	0.0	1329
NODE_45_length_239635_cov_34.8.g5827.t1	XP_663119.2	100	450	450	450	5.27e-317	856
NODE_45_length_239635_cov_34.8.g5828.t1	XP_663118.1	95.1	1390	1328	1385	0.0	2535
NODE_45_length_239635_cov_34.8.g5829.t1	XP_663117.1	100	661	661	707	0.0	1261
NODE_45_length_239635_cov_34.8.g5830.t1	XP_663116.1	100	215	215	215	2.25e-161	442
NODE_45_length_239635_cov_34.8.g5831.t1	XP_663115.1	100	401	401	429	1.03e-305	824
NODE_45_length_239635_cov_34.8.g5832.t1	XP_663114.1	100	409	530	409	1.67e-303	823
NODE_45_length_239635_cov_34.8.g5834.t1	XP_663113.1	92.0	449	449	413	5.78e-307	829
NODE_45_length_239635_cov_34.8.g5835.t1	XP_663112.1	96.1	534	685	535	0.0	983
NODE_45_length_239635_cov_34.8.g5836.t1	XP_663111.1	92.7	385	390	481	3.16e-264	721
NODE_45_length_239635_cov_34.8.g5837.t1	XP_663109.1	100	418	422	445	2.61e-281	764
NODE_45_length_239635_cov_34.8.g5838.t1	XP_663108.1	100	616	616	616	0.0	1250
NODE_45_length_239635_cov_34.8.g5839.t1	XP_663107.1	100	467	467	511	0.0	897
NODE_45_length_239635_cov_34.8.g5840.t1	XP_663105.1	100	301	320	332	1.05e-219	599
NODE_45_length_239635_cov_34.8.g5841.t1	XP_663104.1	100	393	393	393	1.68e-300	809
NODE_45_length_239635_cov_34.8.g5842.t1	XP_663103.1	100	2064	2064	2064	0.0	2756
NODE_45_length_239635_cov_34.8.g5843.t1	XP_663102.1	100	293	293	293	3.33e-211	575
NODE_45_length_239635_cov_34.8.g5844.t1	XP_663101.1	99.5	210	239	225	3.84e-148	410
NODE_45_length_239635_cov_34.8.g5845.t1	XP_663100.1	100	645	666	656	0.0	1281
NODE_45_length_239635_cov_34.8.g5846.t1	XP_663099.1	100	181	181	181	1.76e-130	362
NODE_45_length_239635_cov_34.8.g5847.t1	XP_663098.1	100	534	534	534	0.0	1097
NODE_45_length_239635_cov_34.8.g5848.t1	XP_663097.1	100	614	614	614	0.0	1178
NODE_45_length_239635_cov_34.8.g5849.t1	XP_050468258.1	100	567	567	567	0.0	1162
NODE_45_length_239635_cov_34.8.g5850.t1	XP_663095.2	99.7	2096	2096	2090	0.0	3907
NODE_45_length_239635_cov_34.8.g5851.t1	XP_050468259.1	100	476	476	476	0.0	929
NODE_45_length_239635_cov_34.8.g5852.t1	XP_663093.1	100	390	390	390	5.57e-215	593
NODE_45_length_239635_cov_34.8.g5853.t1	XP_663092.1	99.2	778	823	1401	0.0	1156
NODE_45_length_239635_cov_34.8.g5856.t1	XP_663091.1	100	282	282	282	6.66e-201	548
NODE_45_length_239635_cov_34.8.g5857.t1	XP_050468260.1	100	293	293	293	2.34e-211	575
NODE_45_length_239635_cov_34.8.g5858.t1	XP_663090.2	100	122	122	122	6.27e-82	234
NODE_45_length_239635_cov_34.8.g5859.t1	XP_663089.1	100	1383	1383	1383	0.0	2107
NODE_45_length_239635_cov_34.8.g5860.t1	XP_663088.1	100	129	129	129	5.65e-86	245
NODE_45_length_239635_cov_34.8.g5861.t1	XP_663087.1	100	1184	1184	1184	0.0	2283
NODE_45_length_239635_cov_34.8.g5863.t1	XP_663085.1	92.0	840	805	817	0.0	1455
NODE_45_length_239635_cov_34.8.g5864.t1	XP_663084.1	100	116	116	116	2.07e-84	240
NODE_45_length_239635_cov_34.8.g5865.t1	XP_663083.1	100	389	389	389	1.46e-251	685
NODE_45_length_239635_cov_34.8.g5866.t1	XP_663082.1	99.3	281	401	374	5.49e-193	537
NODE_46_length_232500_cov_34.8.g5868.t1	XP_661019.1	100	325	336	329	1.09e-245	665
NODE_46_length_232500_cov_34.8.g5869.t1	XP_661018.1	86.7	346	327	325	3.83e-213	583
NODE_46_length_232500_cov_34.8.g5870.t1	XP_661017.1	100	259	389	259	7.81e-169	471
NODE_46_length_232500_cov_34.8.g5872.t1	XP_661014.1	99.8	449	478	504	4.98e-320	867
NODE_46_length_232500_cov_34.8.g5873.t1	XP_661013.1	94.7	190	269	287	1.59e-118	339
NODE_46_length_232500_cov_34.8.g5874.t1	XP_661012.1	97.2	604	604	587	0.0	1145
NODE_46_length_232500_cov_34.8.g5875.t1	XP_661011.1	100	712	712	712	0.0	1399
NODE_46_length_232500_cov_34.8.g5876.t1	XP_661010.1	100	135	169	168	1.71e-90	259
NODE_46_length_232500_cov_34.8.g5877.t1	XP_661009.1	100	568	568	568	0.0	1068
NODE_46_length_232500_cov_34.8.g5878.t1	XP_661008.1	100	202	202	202	6.64e-134	372
NODE_46_length_232500_cov_34.8.g5879.t1	XP_661007.1	100	310	310	310	3.86e-239	647
NODE_46_length_232500_cov_34.8.g5880.t1	XP_661006.1	100	623	623	623	0.0	1231
NODE_46_length_232500_cov_34.8.g5881.t1	XP_661004.1	100	234	256	242	5.92e-165	454
NODE_46_length_232500_cov_34.8.g5882.t1	XP_661003.1	100	449	465	461	0.0	948
NODE_46_length_232500_cov_34.8.g5883.t1	XP_661002.1	98.2	559	549	559	0.0	1113
NODE_46_length_232500_cov_34.8.g5884.t1	XP_661001.1	100	461	461	461	0.0	889
NODE_46_length_232500_cov_34.8.g5885.t1	XP_661000.1	100	938	938	938	0.0	1853
NODE_46_length_232500_cov_34.8.g5886.t1	XP_660999.1	100	338	338	338	5.53e-244	662
NODE_46_length_232500_cov_34.8.g5887.t1	XP_660998.1	100	529	529	543	0.0	1074
NODE_46_length_232500_cov_34.8.g5889.t1	XP_660997.1	97.2	360	350	360	1.48e-213	586
NODE_46_length_232500_cov_34.8.g5890.t1	XP_660996.2	99.7	710	708	710	0.0	1428
NODE_46_length_232500_cov_34.8.g5891.t1	XP_050468386.1	96.8	888	882	880	0.0	1697
NODE_46_length_232500_cov_34.8.g5892.t1	XP_660994.1	100	325	325	325	1.02e-237	645
NODE_46_length_232500_cov_34.8.g5893.t1	XP_660993.1	100	378	400	399	1.50e-279	757
NODE_46_length_232500_cov_34.8.g5894.t1	XP_660992.1	100	462	462	462	4.69e-317	857
NODE_46_length_232500_cov_34.8.g5895.t1	XP_660991.1	100	427	427	427	6.56e-313	843
NODE_46_length_232500_cov_34.8.g5896.t1	XP_660990.1	98.2	2528	2528	2493	0.0	4955
NODE_46_length_232500_cov_34.8.g5897.t1	XP_660989.1	100	509	551	509	0.0	1019
NODE_46_length_232500_cov_34.8.g5898.t1	XP_660988.1	100	465	465	465	0.0	919
NODE_46_length_232500_cov_34.8.g5899.t1	XP_660987.1	100	579	586	579	0.0	1119
NODE_46_length_232500_cov_34.8.g5900.t1	XP_660986.1	100	473	473	473	0.0	956
NODE_46_length_232500_cov_34.8.g5901.t1	XP_660985.1	95.7	1908	2034	1872	0.0	3570
NODE_46_length_232500_cov_34.8.g5902.t1	XP_660984.1	99.7	1771	1766	1771	0.0	3371
NODE_46_length_232500_cov_34.8.g5903.t1	XP_660983.1	99.4	351	429	442	3.24e-253	693
NODE_46_length_232500_cov_34.8.g5904.t1	XP_660982.1	100	355	355	355	9.60e-274	738
NODE_46_length_232500_cov_34.8.g5905.t1	XP_660981.1	100	279	279	279	2.31e-195	534
NODE_46_length_232500_cov_34.8.g5906.t1	XP_050468388.1	100	187	187	199	5.00e-138	382
NODE_46_length_232500_cov_34.8.g5907.t1	XP_050468389.1	100	470	470	470	0.0	948
NODE_46_length_232500_cov_34.8.g5908.t1	XP_660979.1	100	466	466	466	1.71e-305	828
NODE_46_length_232500_cov_34.8.g5909.t1	XP_660978.1	100	574	574	574	0.0	1071
NODE_46_length_232500_cov_34.8.g5910.t1	XP_050468390.1	100	612	612	612	0.0	1187
NODE_46_length_232500_cov_34.8.g5911.t1	XP_660976.1	99.8	558	702	594	0.0	1013
NODE_46_length_232500_cov_34.8.g5912.t1	XP_660975.1	100	589	589	589	0.0	1186
NODE_46_length_232500_cov_34.8.g5913.t1	XP_660974.1	100	443	443	443	0.0	872
NODE_46_length_232500_cov_34.8.g5914.t1	XP_660973.1	100	773	773	773	0.0	1545
NODE_46_length_232500_cov_34.8.g5915.t1	XP_660972.1	99.1	843	843	837	0.0	1735
NODE_46_length_232500_cov_34.8.g5916.t1	XP_660971.1	96.3	296	290	296	1.29e-208	568
NODE_46_length_232500_cov_34.8.g5917.t1	XP_660970.1	100	104	104	104	1.20e-48	149
NODE_46_length_232500_cov_34.8.g5918.t1	XP_050468391.1	67.1	426	480	317	1.33e-156	446
NODE_46_length_232500_cov_34.8.g5919.t1	XP_050468392.1	100	344	344	344	3.40e-257	696
NODE_46_length_232500_cov_34.8.g5920.t1	XP_050468394.1	99.7	366	446	366	3.77e-247	676
NODE_46_length_232500_cov_34.8.g5921.t1	XP_660967.1	100	1184	1184	1184	0.0	2154
NODE_46_length_232500_cov_34.8.g5922.t1	XP_050468395.1	100	1000	1518	1000	0.0	2040
NODE_46_length_232500_cov_34.8.g5923.t1	XP_660965.2	97.1	349	360	352	1.43e-230	629
NODE_46_length_232500_cov_34.8.g5924.t1	XP_660964.1	99.4	341	350	463	2.16e-240	658
NODE_46_length_232500_cov_34.8.g5925.t1	XP_050468396.1	96.1	440	537	440	4.24e-311	844
NODE_46_length_232500_cov_34.8.g5926.t1	XP_660962.1	98.2	390	390	383	2.00e-282	763
NODE_46_length_232500_cov_34.8.g5927.t1	XP_660961.1	99.5	550	547	550	0.0	1092
NODE_46_length_232500_cov_34.8.g5928.t1	XP_660960.1	99.8	573	574	639	0.0	1140
NODE_46_length_232500_cov_34.8.g5929.t1	XP_660959.1	99.3	550	594	682	0.0	1083
NODE_46_length_232500_cov_34.8.g5930.t1	XP_660958.1	89.2	334	334	314	1.31e-226	617
NODE_46_length_232500_cov_34.8.g5931.t1	XP_660957.1	100	358	382	358	7.44e-263	712
NODE_46_length_232500_cov_34.8.g5932.t1	XP_660956.1	100	570	570	578	0.0	1145
NODE_46_length_232500_cov_34.8.g5933.t1	XP_660955.1	100	486	510	581	0.0	959
NODE_46_length_232500_cov_34.8.g5934.t1	XP_050468399.1	99.6	492	762	497	0.0	976
NODE_46_length_232500_cov_34.8.g5935.t1	XP_050468094.1	28.9	443	882	476	2.07e-46	172
NODE_46_length_232500_cov_34.8.g5936.t1	XP_050468400.1	95.8	505	505	485	0.0	960
NODE_46_length_232500_cov_34.8.g5937.t1	XP_660952.1	100	381	381	381	1.42e-270	733
NODE_46_length_232500_cov_34.8.g5938.t1	XP_050468401.1	89.6	527	493	527	0.0	892
NODE_46_length_232500_cov_34.8.g5939.t1	XP_660950.1	63.9	385	385	262	3.72e-143	405
NODE_46_length_232500_cov_34.8.g5940.t1	XP_050468402.1	98.5	532	524	532	0.0	1023
NODE_46_length_232500_cov_34.8.g5941.t1	XP_660948.1	100	249	249	249	2.43e-191	521
NODE_47_length_229941_cov_33.6.g5942.t1	XP_663466.1	100	141	141	141	1.10e-100	283
NODE_47_length_229941_cov_33.6.g5943.t1	XP_663465.1	100	346	346	346	3.92e-248	673
NODE_47_length_229941_cov_33.6.g5944.t1	XP_663464.1	100	562	562	562	0.0	1127
NODE_47_length_229941_cov_33.6.g5945.t1	XP_663463.1	99.8	555	643	555	0.0	1092
NODE_47_length_229941_cov_33.6.g5946.t1	XP_050467074.1	99.6	473	831	473	1.16e-203	585
NODE_47_length_229941_cov_33.6.g5947.t1	XP_663461.1	100	903	903	903	0.0	1653
NODE_47_length_229941_cov_33.6.g5948.t1	XP_050467075.1	99.4	827	827	858	0.0	1582
NODE_47_length_229941_cov_33.6.g5949.t1	XP_663459.1	100	293	293	293	4.79e-220	597
NODE_47_length_229941_cov_33.6.g5951.t1	XP_663458.1	100	353	353	353	1.81e-252	684
NODE_47_length_229941_cov_33.6.g5952.t1	XP_663457.1	89.1	522	522	477	0.0	910
NODE_47_length_229941_cov_33.6.g5953.t1	XP_663456.1	100	287	287	287	5.51e-207	564
NODE_47_length_229941_cov_33.6.g5954.t1	XP_663455.2	98.0	3738	3738	3667	0.0	6233
NODE_47_length_229941_cov_33.6.g5955.t1	XP_050467076.1	97.6	1920	1968	1932	0.0	2924
NODE_47_length_229941_cov_33.6.g5956.t1	XP_663454.1	100	348	348	348	9.37e-257	695
NODE_47_length_229941_cov_33.6.g5957.t1	XP_050467077.1	100	1077	1077	1077	0.0	2127
NODE_47_length_229941_cov_33.6.g5958.t1	XP_663452.1	100	582	582	582	0.0	1176
NODE_47_length_229941_cov_33.6.g5959.t1	XP_663451.1	96.4	360	360	439	8.66e-202	560
NODE_47_length_229941_cov_33.6.g5960.t1	XP_663450.2	100	472	840	472	0.0	950
NODE_47_length_229941_cov_33.6.g5961.t1	XP_663447.1	100	835	835	911	0.0	1632
NODE_47_length_229941_cov_33.6.g5962.t1	XP_050467078.1	93.5	340	340	318	4.00e-219	598
NODE_47_length_229941_cov_33.6.g5963.t1	XP_663445.1	100	220	222	240	2.47e-159	439
NODE_47_length_229941_cov_33.6.g5964.t1	XP_050467080.1	100	2666	2927	2672	0.0	5063
NODE_47_length_229941_cov_33.6.g5965.t1	XP_663443.1	100	1436	1436	1436	0.0	2784
NODE_47_length_229941_cov_33.6.g5966.t1	XP_663442.1	100	708	708	708	0.0	1395
NODE_47_length_229941_cov_33.6.g5967.t1	XP_663441.2	100	522	522	522	0.0	1067
NODE_47_length_229941_cov_33.6.g5968.t1	XP_050467081.1	100	622	622	622	0.0	1191
NODE_47_length_229941_cov_33.6.g5969.t1	XP_050467083.1	100	615	1037	615	0.0	1235
NODE_47_length_229941_cov_33.6.g5970.t1	XP_050467085.1	100	515	515	600	0.0	1021
NODE_47_length_229941_cov_33.6.g5971.t1	XP_663438.1	80.6	165	154	165	2.39e-67	200
NODE_47_length_229941_cov_33.6.g5972.t1	XP_663437.1	99.7	694	692	694	0.0	1370
NODE_47_length_229941_cov_33.6.g5973.t1	XP_663436.1	93.6	236	236	225	1.11e-153	424
NODE_47_length_229941_cov_33.6.g5974.t1	XP_663435.1	100	334	602	334	7.88e-255	700
NODE_47_length_229941_cov_33.6.g5975.t1	XP_663433.1	100	1275	1275	1275	0.0	2391
NODE_47_length_229941_cov_33.6.g5976.t1	XP_663432.1	100	84	84	84	6.04e-60	176
NODE_47_length_229941_cov_33.6.g5977.t1	XP_663431.1	100	1128	1128	1128	0.0	2068
NODE_47_length_229941_cov_33.6.g5979.t1	XP_663429.2	96.4	222	260	373	2.12e-148	418
NODE_47_length_229941_cov_33.6.g5980.t1	XP_050467086.1	100	241	241	241	3.29e-176	482
NODE_47_length_229941_cov_33.6.g5981.t1	XP_050467087.1	99.1	737	730	737	0.0	1243
NODE_47_length_229941_cov_33.6.g5982.t1	XP_663427.1	100	498	498	498	0.0	993
NODE_47_length_229941_cov_33.6.g5983.t1	XP_663426.1	98.3	1068	1068	1050	0.0	2034
NODE_47_length_229941_cov_33.6.g5984.t1	XP_663425.1	100	462	462	481	0.0	875
NODE_47_length_229941_cov_33.6.g5985.t1	XP_663424.1	99.6	535	533	535	0.0	1038
NODE_47_length_229941_cov_33.6.g5986.t1	XP_663423.1	100	317	317	317	1.15e-214	586
NODE_47_length_229941_cov_33.6.g5987.t1	XP_050467088.1	100	152	152	152	6.69e-105	295
NODE_47_length_229941_cov_33.6.g5988.t1	XP_050467089.1	100	419	419	419	7.46e-299	807
NODE_47_length_229941_cov_33.6.g5989.t1	XP_663419.2	100	391	391	391	4.55e-288	778
NODE_47_length_229941_cov_33.6.g5990.t1	XP_050467091.1	100	280	280	280	5.47e-199	543
NODE_47_length_229941_cov_33.6.g5991.t1	XP_663417.2	100	309	309	351	1.33e-226	617
NODE_47_length_229941_cov_33.6.g5992.t1	XP_663416.2	100	618	647	618	0.0	1267
NODE_47_length_229941_cov_33.6.g5993.t1	XP_663415.1	93.5	294	275	294	2.20e-191	524
NODE_47_length_229941_cov_33.6.g5994.t1	XP_663414.2	100	465	895	465	0.0	930
NODE_47_length_229941_cov_33.6.g5995.t1	XP_663412.1	94.4	647	845	632	0.0	1160
NODE_47_length_229941_cov_33.6.g5996.t1	XP_663411.2	100	1132	1132	1132	0.0	2151
NODE_47_length_229941_cov_33.6.g5997.t1	XP_663410.1	100	168	168	168	5.76e-116	324
NODE_47_length_229941_cov_33.6.g5998.t1	XP_050467094.1	100	156	156	156	1.19e-109	307
NODE_47_length_229941_cov_33.6.g5999.t1	XP_663409.2	99.9	820	825	1002	0.0	1545
NODE_47_length_229941_cov_33.6.g6000.t1	XP_663408.2	90.4	892	931	806	0.0	1518
NODE_47_length_229941_cov_33.6.g6001.t1	XP_050467095.1	100	628	702	640	0.0	1231
NODE_47_length_229941_cov_33.6.g6002.t1	XP_663406.1	73.5	223	180	220	3.59e-95	274
NODE_47_length_229941_cov_33.6.g6003.t1	XP_663405.2	100	352	352	352	1.01e-253	687
NODE_47_length_229941_cov_33.6.g6004.t1	XP_663404.1	100	184	184	184	3.37e-125	348
NODE_47_length_229941_cov_33.6.g6005.t1	XP_663403.1	100	456	456	456	1.27e-318	860
NODE_47_length_229941_cov_33.6.g6006.t1	XP_050467096.1	100	496	496	496	0.0	964
NODE_48_length_213985_cov_34.0.g6007.t1	XP_663957.1	100	421	421	421	1.01e-313	845
NODE_48_length_213985_cov_34.0.g6008.t1	XP_663956.1	100	400	453	400	7.15e-308	831
NODE_48_length_213985_cov_34.0.g6009.t1	XP_663955.1	100	615	615	615	0.0	1159
NODE_48_length_213985_cov_34.0.g6010.t1	XP_663954.1	100	299	299	299	4.92e-147	413
NODE_48_length_213985_cov_34.0.g6011.t1	XP_663953.1	97.6	1654	1658	1615	0.0	3097
NODE_48_length_213985_cov_34.0.g6012.t1	XP_663952.1	100	205	205	205	2.52e-144	399
NODE_48_length_213985_cov_34.0.g6013.t1	XP_663951.1	100	674	674	674	0.0	1322
NODE_48_length_213985_cov_34.0.g6014.t1	XP_663950.1	99.5	582	585	613	0.0	1141
NODE_48_length_213985_cov_34.0.g6015.t1	XP_663949.1	100	346	346	346	1.27e-253	687
NODE_48_length_213985_cov_34.0.g6016.t1	XP_663948.1	100	561	561	561	0.0	1064
NODE_48_length_213985_cov_34.0.g6017.t1	XP_663947.2	100	843	1144	843	0.0	1631
NODE_48_length_213985_cov_34.0.g6018.t1	XP_663946.1	97.7	606	749	968	0.0	1031
NODE_48_length_213985_cov_34.0.g6019.t1	XP_050466934.1	100	535	611	611	0.0	1047
NODE_48_length_213985_cov_34.0.g6020.t1	XP_663944.2	85.9	887	887	770	0.0	1200
NODE_48_length_213985_cov_34.0.g6021.t1	XP_663943.1	99.7	911	934	934	0.0	1758
NODE_48_length_213985_cov_34.0.g6022.t1	XP_663942.1	100	529	529	529	0.0	1069
NODE_48_length_213985_cov_34.0.g6023.t1	XP_663941.1	100	70	70	70	3.49e-46	140
NODE_48_length_213985_cov_34.0.g6024.t1	XP_050466935.1	100	562	1042	562	0.0	1118
NODE_48_length_213985_cov_34.0.g6025.t1	XP_663939.1	100	312	312	312	3.60e-245	662
NODE_48_length_213985_cov_34.0.g6026.t1	XP_663938.1	100	1179	1179	1179	0.0	2191
NODE_48_length_213985_cov_34.0.g6027.t1	XP_663937.1	100	476	476	476	0.0	904
NODE_48_length_213985_cov_34.0.g6028.t1	XP_050466936.1	99.1	215	226	225	1.45e-160	441
NODE_48_length_213985_cov_34.0.g6029.t1	XP_663935.1	100	733	733	733	0.0	1295
NODE_48_length_213985_cov_34.0.g6030.t1	XP_663934.1	100	844	844	844	0.0	1667
NODE_48_length_213985_cov_34.0.g6031.t1	XP_663933.1	99.9	3160	3187	3223	0.0	6150
NODE_48_length_213985_cov_34.0.g6032.t1	XP_663932.1	100	490	522	490	0.0	946
NODE_48_length_213985_cov_34.0.g6033.t1	XP_663931.1	100	502	576	576	0.0	893
NODE_48_length_213985_cov_34.0.g6034.t1	XP_050466937.1	100	1003	1003	1003	0.0	1986
NODE_48_length_213985_cov_34.0.g6035.t1	XP_050466938.1	100	802	802	802	0.0	1553
NODE_48_length_213985_cov_34.0.g6036.t1	XP_663929.1	76.4	292	292	223	7.33e-157	435
NODE_48_length_213985_cov_34.0.g6037.t1	XP_663928.1	99.1	530	532	559	0.0	1072
NODE_48_length_213985_cov_34.0.g6038.t1	XP_663927.1	94.1	1339	1339	1267	0.0	2122
NODE_48_length_213985_cov_34.0.g6039.t1	XP_050466939.1	100	523	523	523	0.0	1010
NODE_48_length_213985_cov_34.0.g6040.t1	XP_050466940.1	76.6	411	513	410	1.38e-197	555
NODE_48_length_213985_cov_34.0.g6041.t1	XP_663924.1	86.3	1141	1116	1019	0.0	1919
NODE_48_length_213985_cov_34.0.g6042.t1	XP_050466941.1	94.8	445	452	441	8.95e-305	825
NODE_48_length_213985_cov_34.0.g6043.t1	XP_663922.1	100	1852	1852	1852	0.0	3617
NODE_48_length_213985_cov_34.0.g6044.t1	XP_663921.2	100	1739	1739	1739	0.0	3487
NODE_48_length_213985_cov_34.0.g6045.t1	XP_663920.1	99.6	1233	1233	1228	0.0	2243
NODE_48_length_213985_cov_34.0.g6046.t1	XP_663919.1	91.9	469	469	432	1.03e-303	822
NODE_48_length_213985_cov_34.0.g6047.t1	XP_663918.1	98.6	294	330	295	1.33e-202	555
NODE_48_length_213985_cov_34.0.g6048.t1	XP_050466942.1	100	515	515	515	0.0	978
NODE_48_length_213985_cov_34.0.g6049.t1	XP_050466943.1	100	319	319	359	4.91e-206	566
NODE_48_length_213985_cov_34.0.g6050.t1	XP_663916.1	100	240	240	240	2.80e-172	472
NODE_48_length_213985_cov_34.0.g6051.t1	XP_663915.1	94.3	793	752	793	0.0	1467
NODE_48_length_213985_cov_34.0.g6052.t1	XP_663914.1	100	4917	4922	4917	0.0	9316
NODE_48_length_213985_cov_34.0.g6053.t1	XP_663913.1	100	420	420	420	3.22e-289	783
NODE_48_length_213985_cov_34.0.g6054.t1	XP_663912.1	100	363	363	363	6.56e-205	565
NODE_48_length_213985_cov_34.0.g6055.t1	XP_663911.1	96.3	321	324	360	4.73e-233	634
NODE_48_length_213985_cov_34.0.g6056.t1	XP_663910.1	100	108	108	108	4.01e-67	196
NODE_48_length_213985_cov_34.0.g6057.t1	XP_663909.1	100	472	472	472	0.0	868
NODE_48_length_213985_cov_34.0.g6058.t1	XP_663908.1	100	843	843	843	0.0	1552
NODE_48_length_213985_cov_34.0.g6059.t1	XP_663907.1	100	1092	1092	1092	0.0	1904
NODE_48_length_213985_cov_34.0.g6060.t1	XP_663906.2	93.2	249	233	249	7.10e-164	451
NODE_48_length_213985_cov_34.0.g6061.t1	XP_663905.1	100	111	111	111	2.89e-75	216
NODE_48_length_213985_cov_34.0.g6062.t1	XP_663904.1	100	352	352	352	2.66e-249	676
NODE_48_length_213985_cov_34.0.g6063.t1	XP_663903.1	100	691	691	691	0.0	1323
NODE_48_length_213985_cov_34.0.g6064.t1	XP_663902.1	93.9	294	294	276	9.94e-191	523
NODE_48_length_213985_cov_34.0.g6065.t1	XP_050466944.1	100	250	250	250	1.46e-188	514
NODE_48_length_213985_cov_34.0.g6066.t1	XP_663899.1	96.9	449	450	436	1.08e-317	857
NODE_48_length_213985_cov_34.0.g6067.t1	XP_663898.1	100	257	257	257	2.55e-172	474
NODE_48_length_213985_cov_34.0.g6068.t1	XP_050466945.1	94.9	550	550	522	0.0	1001
NODE_48_length_213985_cov_34.0.g6069.t1	XP_663895.1	100	1058	1058	1058	0.0	2063
NODE_48_length_213985_cov_34.0.g6070.t1	XP_663894.1	100	271	271	271	5.58e-167	461
NODE_48_length_213985_cov_34.0.g6071.t1	XP_663893.1	100	815	815	815	0.0	1556
NODE_48_length_213985_cov_34.0.g6072.t1	XP_663892.1	100	210	287	218	4.31e-158	437
NODE_48_length_213985_cov_34.0.g6073.t1	XP_663891.1	100	227	227	227	3.46e-146	405
NODE_49_length_211904_cov_32.2.g6074.t1	XP_660002.1	100	449	449	449	0.0	882
NODE_49_length_211904_cov_32.2.g6075.t1	XP_660001.1	98.0	751	751	738	0.0	1486
NODE_49_length_211904_cov_32.2.g6076.t1	XP_660000.1	80.7	290	334	237	4.36e-156	435
NODE_49_length_211904_cov_32.2.g6077.t1	XP_659999.1	100	606	606	613	0.0	1236
NODE_49_length_211904_cov_32.2.g6078.t1	XP_659998.1	94.0	418	418	410	2.96e-282	765
NODE_49_length_211904_cov_32.2.g6079.t1	XP_659997.1	100	287	287	287	3.99e-200	546
NODE_49_length_211904_cov_32.2.g6080.t1	XP_659996.1	100	292	296	348	1.09e-198	546
NODE_49_length_211904_cov_32.2.g6081.t1	XP_659995.1	100	1367	1369	1367	0.0	2697
NODE_49_length_211904_cov_32.2.g6082.t1	XP_659994.1	100	341	341	341	1.69e-260	704
NODE_49_length_211904_cov_32.2.g6083.t1	XP_659993.1	83.4	441	531	426	1.03e-255	703
NODE_49_length_211904_cov_32.2.g6084.t1	XP_659992.1	96.8	372	454	569	1.43e-268	738
NODE_49_length_211904_cov_32.2.g6085.t1	XP_659991.1	100	502	502	502	0.0	1008
NODE_49_length_211904_cov_32.2.g6086.t1	XP_659990.1	100	362	362	362	1.73e-275	743
NODE_49_length_211904_cov_32.2.g6087.t1	XP_659989.1	100	626	626	626	0.0	980
NODE_49_length_211904_cov_32.2.g6088.t1	XP_659987.1	90.4	570	570	519	0.0	922
NODE_49_length_211904_cov_32.2.g6089.t1	XP_050468875.1	100	191	191	191	1.94e-132	367
NODE_49_length_211904_cov_32.2.g6090.t1	XP_659985.1	100	193	193	193	1.59e-79	234
NODE_49_length_211904_cov_32.2.g6091.t1	XP_659984.1	99.5	195	203	236	4.63e-149	412
NODE_49_length_211904_cov_32.2.g6092.t1	XP_663024.1	31.0	493	577	844	4.14e-55	198
NODE_49_length_211904_cov_32.2.g6093.t1	XP_659982.1	100	355	355	355	2.08e-268	725
NODE_49_length_211904_cov_32.2.g6094.t1	XP_659981.1	89.6	700	705	685	0.0	1216
NODE_49_length_211904_cov_32.2.g6095.t1	XP_659980.1	100	537	555	537	0.0	1063
NODE_49_length_211904_cov_32.2.g6096.t1	XP_050468874.1	92.2	589	566	568	0.0	1084
NODE_49_length_211904_cov_32.2.g6097.t1	XP_659978.1	100	331	331	331	4.19e-240	651
NODE_49_length_211904_cov_32.2.g6098.t1	XP_659977.1	92.3	698	715	785	0.0	1231
NODE_49_length_211904_cov_32.2.g6099.t1	XP_659976.1	89.5	551	626	523	0.0	912
NODE_49_length_211904_cov_32.2.g6100.t1	XP_659975.1	93.0	143	257	237	8.64e-94	274
NODE_49_length_211904_cov_32.2.g6101.t1	XP_659974.1	100	302	302	302	1.09e-225	612
NODE_49_length_211904_cov_32.2.g6102.t1	XP_659973.1	100	284	284	309	8.67e-204	556
NODE_49_length_211904_cov_32.2.g6103.t1	XP_659972.1	93.4	548	548	520	0.0	1005
NODE_49_length_211904_cov_32.2.g6104.t1	XP_659971.2	88.4	528	472	528	0.0	904
NODE_49_length_211904_cov_32.2.g6105.t1	XP_659970.1	100	249	249	249	2.59e-177	486
NODE_49_length_211904_cov_32.2.g6106.t1	XP_659969.1	100	104	138	205	4.21e-70	208
NODE_49_length_211904_cov_32.2.g6107.t1	XP_659968.1	100	716	721	716	0.0	1100
NODE_49_length_211904_cov_32.2.g6108.t1	XP_659967.1	100	1168	1168	1168	0.0	2245
NODE_49_length_211904_cov_32.2.g6110.t1	XP_659963.1	100	803	803	803	0.0	1620
NODE_49_length_211904_cov_32.2.g6111.t1	XP_050468872.1	96.7	448	434	448	7.53e-310	837
NODE_49_length_211904_cov_32.2.g6112.t1	XP_050468871.1	98.5	526	519	526	0.0	1013
NODE_49_length_211904_cov_32.2.g6113.t1	XP_050468870.1	100	484	484	484	0.0	961
NODE_49_length_211904_cov_32.2.g6114.t1	XP_659960.1	100	357	357	357	1.84e-263	712
NODE_49_length_211904_cov_32.2.g6115.t1	XP_659958.1	99.6	447	456	607	0.0	886
NODE_49_length_211904_cov_32.2.g6116.t1	XP_659957.1	90.6	445	445	403	1.87e-288	781
NODE_49_length_211904_cov_32.2.g6117.t1	XP_659956.1	100	223	223	223	3.31e-167	458
NODE_49_length_211904_cov_32.2.g6118.t1	XP_659955.1	96.9	353	357	342	3.70e-248	673
NODE_49_length_211904_cov_32.2.g6119.t1	XP_659954.1	100	685	685	685	0.0	1369
NODE_49_length_211904_cov_32.2.g6120.t1	XP_659953.1	100	1284	1284	1284	0.0	2466
NODE_49_length_211904_cov_32.2.g6122.t1	XP_659952.1	100	686	690	952	0.0	1250
NODE_49_length_211904_cov_32.2.g6123.t1	XP_659951.1	75.9	395	508	406	4.12e-192	540
NODE_49_length_211904_cov_32.2.g6124.t1	XP_659950.1	88.3	582	582	539	0.0	1001
NODE_49_length_211904_cov_32.2.g6125.t1	XP_659949.2	100	469	469	469	0.0	917
NODE_49_length_211904_cov_32.2.g6126.t1	XP_050468868.1	100	396	451	449	3.40e-297	806
NODE_49_length_211904_cov_32.2.g6127.t1	XP_659948.1	69.0	493	340	493	4.45e-207	575
NODE_49_length_211904_cov_32.2.g6128.t1	XP_659947.1	96.4	222	215	222	1.00e-152	421
NODE_49_length_211904_cov_32.2.g6129.t1	XP_659946.1	100	297	297	297	4.11e-223	605
NODE_49_length_211904_cov_32.2.g6130.t1	XP_050468867.1	93.6	450	450	421	9.28e-313	844
NODE_49_length_211904_cov_32.2.g6131.t1	XP_050468866.1	87.7	365	354	362	2.05e-217	596
NODE_49_length_211904_cov_32.2.g6132.t1	XP_659944.2	100	453	453	453	0.0	906
NODE_49_length_211904_cov_32.2.g6133.t1	XP_050468865.1	96.4	577	577	556	0.0	1094
NODE_49_length_211904_cov_32.2.g6134.t1	XP_659942.1	100	304	304	304	3.93e-158	442
NODE_49_length_211904_cov_32.2.g6135.t1	XP_050468863.1	100	179	179	179	1.14e-125	349
NODE_49_length_211904_cov_32.2.g6136.t1	XP_659940.1	98.7	466	460	466	0.0	951
NODE_49_length_211904_cov_32.2.g6137.t1	XP_659939.1	100	434	434	434	1.32e-311	841
NODE_49_length_211904_cov_32.2.g6138.t1	XP_659938.1	100	286	286	286	3.74e-209	569
NODE_50_length_211425_cov_37.3.g6139.t1	XP_682056.1	100	1031	1031	1031	0.0	1993
NODE_50_length_211425_cov_37.3.g6140.t1	XP_050467789.1	97.7	303	393	322	3.44e-214	588
NODE_50_length_211425_cov_37.3.g6141.t1	XP_682054.1	100	705	705	707	0.0	1404
NODE_50_length_211425_cov_37.3.g6142.t1	XP_682053.1	100	189	223	247	4.66e-127	357
NODE_50_length_211425_cov_37.3.g6143.t1	XP_682052.1	99.2	2054	2054	2051	0.0	3771
NODE_50_length_211425_cov_37.3.g6144.t1	XP_682051.1	100	288	288	288	1.95e-221	600
NODE_50_length_211425_cov_37.3.g6145.t1	XP_682050.1	100	126	126	126	7.81e-87	247
NODE_50_length_211425_cov_37.3.g6146.t1	XP_682049.1	100	497	497	497	0.0	978
NODE_50_length_211425_cov_37.3.g6147.t1	XP_682048.1	95.2	1388	1388	1322	0.0	2595
NODE_50_length_211425_cov_37.3.g6148.t1	XP_682047.2	99.8	538	1047	538	0.0	1051
NODE_50_length_211425_cov_37.3.g6149.t1	XP_682046.1	100	548	548	548	0.0	1090
NODE_50_length_211425_cov_37.3.g6150.t1	XP_682045.1	100	492	492	492	0.0	1015
NODE_50_length_211425_cov_37.3.g6151.t1	XP_682044.1	100	359	424	433	2.49e-235	647
NODE_50_length_211425_cov_37.3.g6152.t1	XP_682043.1	100	511	511	530	0.0	1003
NODE_50_length_211425_cov_37.3.g6155.t1	XP_682042.2	100	364	364	364	1.27e-278	751
NODE_50_length_211425_cov_37.3.g6156.t1	XP_682041.1	100	269	306	312	4.93e-189	520
NODE_50_length_211425_cov_37.3.g6157.t1	XP_050467792.1	100	508	508	555	0.0	1021
NODE_50_length_211425_cov_37.3.g6158.t1	XP_050467793.1	100	608	674	608	0.0	1185
NODE_50_length_211425_cov_37.3.g6159.t1	XP_050467794.1	100	399	399	399	9.11e-283	765
NODE_50_length_211425_cov_37.3.g6160.t1	XP_682040.2	97.3	630	630	737	0.0	1173
NODE_50_length_211425_cov_37.3.g6161.t1	XP_682039.2	100	905	905	905	0.0	1768
NODE_50_length_211425_cov_37.3.g6162.t1	XP_682038.1	100	117	117	117	3.28e-68	199
NODE_50_length_211425_cov_37.3.g6163.t1	XP_682037.1	100	433	433	433	1.33e-315	851
NODE_50_length_211425_cov_37.3.g6164.t1	XP_682036.1	100	855	855	855	1.06e-91	306
NODE_50_length_211425_cov_37.3.g6165.t1	XP_682035.1	100	116	116	116	3.58e-76	219
NODE_50_length_211425_cov_37.3.g6166.t1	XP_682034.1	100	807	807	807	0.0	1492
NODE_50_length_211425_cov_37.3.g6167.t1	XP_682033.1	89.7	261	276	234	3.07e-168	463
NODE_50_length_211425_cov_37.3.g6168.t1	XP_682032.1	100	94	94	94	2.23e-62	182
NODE_50_length_211425_cov_37.3.g6169.t1	XP_682031.1	100	108	175	108	3.95e-73	214
NODE_50_length_211425_cov_37.3.g6170.t1	XP_682030.1	100	434	434	434	0.0	885
NODE_50_length_211425_cov_37.3.g6171.t1	XP_682029.1	100	542	542	542	0.0	1088
NODE_50_length_211425_cov_37.3.g6172.t1	XP_682028.1	93.9	280	271	280	1.56e-182	501
NODE_50_length_211425_cov_37.3.g6174.t1	XP_682025.1	99.3	698	698	693	0.0	1360
NODE_50_length_211425_cov_37.3.g6175.t1	XP_682024.2	100	603	604	610	0.0	1200
NODE_50_length_211425_cov_37.3.g6176.t1	XP_050467797.1	100	115	154	131	1.03e-79	230
NODE_50_length_211425_cov_37.3.g6177.t1	XP_682023.1	95.8	670	664	693	0.0	1293
NODE_50_length_211425_cov_37.3.g6178.t1	XP_682022.1	100	749	749	859	0.0	1371
NODE_50_length_211425_cov_37.3.g6179.t1	XP_682021.1	100	104	204	119	2.07e-73	216
NODE_50_length_211425_cov_37.3.g6180.t1	XP_050467798.1	100	654	654	654	0.0	1313
NODE_50_length_211425_cov_37.3.g6181.t1	XP_682019.1	99.3	137	138	143	6.25e-93	263
NODE_50_length_211425_cov_37.3.g6182.t1	XP_682018.1	82.4	454	440	390	1.08e-255	698
NODE_50_length_211425_cov_37.3.g6183.t1	XP_682017.1	100	239	239	239	5.92e-178	486
NODE_50_length_211425_cov_37.3.g6184.t1	XP_050467799.1	100	214	214	214	1.36e-166	456
NODE_50_length_211425_cov_37.3.g6187.t1	XP_682013.1	100	403	403	403	2.22e-301	812
NODE_50_length_211425_cov_37.3.g6188.t1	XP_682012.1	100	1152	1152	1152	0.0	2229
NODE_50_length_211425_cov_37.3.g6189.t1	XP_050467803.1	99.1	1196	1196	1185	0.0	2110
NODE_50_length_211425_cov_37.3.g6190.t1	XP_682010.1	100	311	311	311	1.50e-207	567
NODE_50_length_211425_cov_37.3.g6191.t1	XP_682008.1	100	251	251	330	2.52e-174	481
NODE_50_length_211425_cov_37.3.g6194.t1	XP_682006.1	100	527	527	527	0.0	1049
NODE_50_length_211425_cov_37.3.g6195.t1	XP_682504.1	54.0	198	198	138	1.30e-55	171
NODE_50_length_211425_cov_37.3.g6196.t1	XP_682004.2	94.0	434	439	443	2.90e-298	808
NODE_50_length_211425_cov_37.3.g6197.t1	XP_682002.1	100	351	351	351	5.17e-251	681
NODE_50_length_211425_cov_37.3.g6198.t1	XP_682001.2	100	286	454	490	3.16e-203	570
NODE_50_length_211425_cov_37.3.g6200.t1	XP_681999.1	100	367	370	384	1.50e-217	598
NODE_50_length_211425_cov_37.3.g6201.t1	XP_681998.1	100	246	246	246	1.91e-182	498
NODE_50_length_211425_cov_37.3.g6202.t1	XP_681997.1	91.5	212	250	267	2.22e-139	390
NODE_50_length_211425_cov_37.3.g6203.t1	XP_681996.1	94.9	415	415	395	1.32e-253	692
NODE_50_length_211425_cov_37.3.g6204.t1	XP_681995.1	100	514	514	514	0.0	1003
NODE_51_length_210630_cov_32.7.g6205.t1	XP_050466921.1	100	70	70	70	6.03e-47	142
NODE_51_length_210630_cov_32.7.g6206.t1	XP_664067.1	100	184	184	264	5.92e-142	394
NODE_51_length_210630_cov_32.7.g6207.t1	XP_050466920.1	100	68	88	68	8.82e-49	147
NODE_51_length_210630_cov_32.7.g6208.t1	XP_664068.1	100	921	921	921	0.0	1937
NODE_51_length_210630_cov_32.7.g6209.t1	XP_664070.2	97.6	506	963	505	0.0	984
NODE_51_length_210630_cov_32.7.g6210.t1	XP_050466918.1	100	323	323	323	5.07e-237	643
NODE_51_length_210630_cov_32.7.g6211.t1	XP_050466917.1	100	752	752	752	0.0	1422
NODE_51_length_210630_cov_32.7.g6212.t1	XP_664071.2	95.5	601	625	636	0.0	1097
NODE_51_length_210630_cov_32.7.g6213.t1	XP_664072.1	100	449	449	559	3.24e-310	843
NODE_51_length_210630_cov_32.7.g6214.t1	XP_664073.2	80.2	499	438	463	1.27e-269	736
NODE_51_length_210630_cov_32.7.g6215.t1	XP_682292.2	86.2	406	406	501	6.57e-245	674
NODE_51_length_210630_cov_32.7.g6217.t1	XP_682290.1	100	1000	1000	1000	0.0	1967
NODE_51_length_210630_cov_32.7.g6218.t1	XP_682289.1	100	108	108	108	4.01e-76	218
NODE_51_length_210630_cov_32.7.g6219.t1	XP_682287.1	99.4	180	247	191	4.78e-127	356
NODE_51_length_210630_cov_32.7.g6220.t1	XP_682286.1	100	521	521	521	0.0	1004
NODE_51_length_210630_cov_32.7.g6221.t1	XP_050468590.1	88.7	194	291	215	4.45e-114	326
NODE_51_length_210630_cov_32.7.g6222.t1	XP_682285.2	100	262	266	262	6.70e-192	524
NODE_51_length_210630_cov_32.7.g6223.t1	XP_682284.1	98.4	565	611	640	0.0	1128
NODE_51_length_210630_cov_32.7.g6224.t1	XP_682283.1	84.7	365	358	323	3.50e-212	582
NODE_51_length_210630_cov_32.7.g6225.t1	XP_682282.1	99.8	614	726	679	0.0	1208
NODE_51_length_210630_cov_32.7.g6226.t1	XP_682281.1	100	298	298	298	9.23e-216	587
NODE_51_length_210630_cov_32.7.g6227.t1	XP_682280.1	90.7	644	639	617	0.0	1122
NODE_51_length_210630_cov_32.7.g6228.t1	XP_682279.1	94.8	503	477	503	0.0	919
NODE_51_length_210630_cov_32.7.g6229.t1	XP_682278.1	100	180	180	180	4.68e-139	383
NODE_51_length_210630_cov_32.7.g6230.t1	XP_682277.1	100	1280	1280	1280	0.0	2479
NODE_51_length_210630_cov_32.7.g6231.t1	XP_682276.2	99.8	518	581	531	0.0	1067
NODE_51_length_210630_cov_32.7.g6232.t1	XP_682275.1	100	171	171	171	1.07e-117	328
NODE_51_length_210630_cov_32.7.g6233.t1	XP_682274.1	95.7	2492	2485	2404	0.0	4671
NODE_51_length_210630_cov_32.7.g6234.t1	XP_682273.1	100	482	482	482	0.0	984
NODE_51_length_210630_cov_32.7.g6235.t1	XP_682272.1	100	1369	1389	1387	0.0	2380
NODE_51_length_210630_cov_32.7.g6236.t1	XP_682271.1	100	296	296	296	4.91e-210	572
NODE_51_length_210630_cov_32.7.g6237.t1	XP_682270.1	100	359	359	359	1.01e-135	389
NODE_51_length_210630_cov_32.7.g6238.t1	XP_682269.1	97.6	499	488	499	0.0	924
NODE_51_length_210630_cov_32.7.g6239.t1	XP_682268.1	100	643	708	740	0.0	1299
NODE_51_length_210630_cov_32.7.g6240.t1	XP_682267.1	100	297	297	297	1.18e-222	604
NODE_51_length_210630_cov_32.7.g6242.t1	XP_682265.1	98.7	524	524	518	0.0	1022
NODE_51_length_210630_cov_32.7.g6243.t1	XP_682264.1	100	352	449	358	3.33e-242	663
NODE_51_length_210630_cov_32.7.g6244.t1	XP_682263.1	100	290	301	290	1.75e-212	578
NODE_51_length_210630_cov_32.7.g6245.t1	XP_682262.1	100	477	482	903	0.0	950
NODE_51_length_210630_cov_32.7.g6247.t1	XP_682261.1	100	287	328	333	1.26e-211	579
NODE_51_length_210630_cov_32.7.g6248.t1	XP_682259.1	100	542	542	542	0.0	1093
NODE_51_length_210630_cov_32.7.g6249.t1	XP_682258.1	71.5	130	219	123	2.24e-53	166
NODE_51_length_210630_cov_32.7.g6250.t1	XP_682257.1	100	345	347	374	5.25e-260	704
NODE_51_length_210630_cov_32.7.g6251.t1	XP_682255.1	100	417	417	417	1.66e-310	837
NODE_51_length_210630_cov_32.7.g6252.t1	XP_682254.1	100	530	530	530	0.0	1046
NODE_51_length_210630_cov_32.7.g6253.t1	XP_682252.1	96.7	551	540	561	0.0	1055
NODE_51_length_210630_cov_32.7.g6254.t1	XP_682251.1	100	438	438	438	0.0	899
NODE_51_length_210630_cov_32.7.g6255.t1	XP_682250.2	100	262	274	262	1.02e-179	493
NODE_51_length_210630_cov_32.7.g6256.t1	XP_682249.1	100	229	229	229	1.89e-160	441
NODE_51_length_210630_cov_32.7.g6257.t1	XP_682248.1	100	350	350	350	1.62e-258	699
NODE_51_length_210630_cov_32.7.g6258.t1	XP_050468592.1	100	821	821	821	0.0	1640
NODE_51_length_210630_cov_32.7.g6259.t1	XP_682246.1	100	353	353	353	3.21e-271	732
NODE_51_length_210630_cov_32.7.g6260.t1	XP_682244.1	100	284	284	284	1.80e-215	585
NODE_51_length_210630_cov_32.7.g6263.t1	XP_682242.1	100	649	649	649	0.0	1268
NODE_51_length_210630_cov_32.7.g6264.t1	XP_682241.1	98.0	538	549	743	0.0	1051
NODE_51_length_210630_cov_32.7.g6265.t1	XP_682240.1	100	411	411	423	1.58e-292	791
NODE_51_length_210630_cov_32.7.g6266.t1	XP_682239.1	100	297	297	297	8.79e-209	569
NODE_51_length_210630_cov_32.7.g6267.t1	XP_050468593.1	100	312	519	312	1.30e-222	614
NODE_51_length_210630_cov_32.7.g6268.t1	XP_682236.1	100	497	497	497	0.0	1029
NODE_51_length_210630_cov_32.7.g6269.t1	XP_682235.2	100	642	659	675	0.0	1289
NODE_51_length_210630_cov_32.7.g6270.t1	XP_682234.2	100	303	572	353	1.36e-224	623
NODE_51_length_210630_cov_32.7.g6271.t1	XP_682233.1	97.9	469	484	470	0.0	914
NODE_51_length_210630_cov_32.7.g6272.t1	XP_682232.1	100	137	137	137	2.95e-94	266
NODE_52_length_203902_cov_33.5.g6273.t1	XP_661511.1	98.2	1111	1111	1092	0.0	2080
NODE_52_length_203902_cov_33.5.g6274.t1	XP_661512.2	100	608	892	618	0.0	1231
NODE_52_length_203902_cov_33.5.g6275.t1	XP_050467413.1	100	478	478	479	9.21e-298	810
NODE_52_length_203902_cov_33.5.g6276.t1	XP_661513.1	98.4	1158	1158	1139	0.0	2096
NODE_52_length_203902_cov_33.5.g6277.t1	XP_661514.1	100	700	700	700	0.0	1192
NODE_52_length_203902_cov_33.5.g6278.t1	XP_661515.1	100	181	181	186	4.31e-114	320
NODE_52_length_203902_cov_33.5.g6279.t1	XP_050467412.1	100	759	759	759	0.0	1513
NODE_52_length_203902_cov_33.5.g6280.t1	XP_050467411.1	100	1052	1052	1052	0.0	2092
NODE_52_length_203902_cov_33.5.g6281.t1	XP_661517.1	100	2132	2132	2132	0.0	3939
NODE_52_length_203902_cov_33.5.g6282.t1	XP_050467410.1	100	353	470	375	7.96e-262	714
NODE_52_length_203902_cov_33.5.g6283.t1	XP_050467408.1	100	337	371	340	1.68e-254	690
NODE_52_length_203902_cov_33.5.g6284.t1	XP_661520.1	100	608	608	608	0.0	1224
NODE_52_length_203902_cov_33.5.g6285.t1	XP_661521.1	96.6	557	538	557	0.0	1060
NODE_52_length_203902_cov_33.5.g6286.t1	XP_050467407.1	100	502	502	502	0.0	1017
NODE_52_length_203902_cov_33.5.g6287.t1	XP_661523.1	100	503	503	503	3.77e-314	853
NODE_52_length_203902_cov_33.5.g6288.t1	XP_661524.1	97.0	602	585	602	0.0	1157
NODE_52_length_203902_cov_33.5.g6289.t1	XP_661525.1	100	224	224	224	7.90e-146	404
NODE_52_length_203902_cov_33.5.g6290.t1	XP_661526.1	100	103	103	103	2.79e-67	196
NODE_52_length_203902_cov_33.5.g6291.t1	XP_661527.1	100	2159	2160	2159	0.0	4213
NODE_52_length_203902_cov_33.5.g6292.t1	XP_661528.1	100	589	589	589	0.0	1038
NODE_52_length_203902_cov_33.5.g6293.t1	XP_661529.1	100	279	279	279	3.18e-202	551
NODE_52_length_203902_cov_33.5.g6294.t1	XP_661530.1	95.0	522	507	522	9.06e-239	663
NODE_52_length_203902_cov_33.5.g6295.t1	XP_661531.1	100	451	451	451	0.0	947
NODE_52_length_203902_cov_33.5.g6296.t1	XP_661532.1	100	331	331	331	1.31e-243	660
NODE_52_length_203902_cov_33.5.g6297.t1	XP_050467406.1	100	539	539	574	0.0	1061
NODE_52_length_203902_cov_33.5.g6298.t1	XP_661533.2	100	524	524	524	0.0	1044
NODE_52_length_203902_cov_33.5.g6299.t1	XP_050467405.1	100	480	624	480	0.0	931
NODE_52_length_203902_cov_33.5.g6300.t1	XP_050467404.1	100	398	418	399	1.10e-272	740
NODE_52_length_203902_cov_33.5.g6301.t1	XP_661536.1	100	296	296	296	1.32e-223	607
NODE_52_length_203902_cov_33.5.g6302.t1	XP_661537.1	100	1231	1231	1231	0.0	2489
NODE_52_length_203902_cov_33.5.g6303.t1	XP_050467403.1	96.2	183	183	179	1.70e-128	357
NODE_52_length_203902_cov_33.5.g6304.t1	XP_661539.2	100	139	139	139	1.29e-107	300
NODE_52_length_203902_cov_33.5.g6305.t1	XP_661540.1	99.7	288	288	387	5.43e-176	489
NODE_52_length_203902_cov_33.5.g6306.t1	XP_661541.1	100	563	563	563	0.0	1088
NODE_52_length_203902_cov_33.5.g6307.t1	XP_661542.1	99.9	2595	2596	2623	0.0	4961
NODE_52_length_203902_cov_33.5.g6309.t1	XP_050467402.1	100	823	823	823	0.0	1561
NODE_52_length_203902_cov_33.5.g6310.t1	XP_661544.1	100	270	270	270	9.45e-195	531
NODE_52_length_203902_cov_33.5.g6311.t1	XP_661545.1	100	507	507	556	0.0	1005
NODE_52_length_203902_cov_33.5.g6312.t1	XP_661546.1	100	367	650	367	1.10e-265	731
NODE_52_length_203902_cov_33.5.g6313.t1	XP_661548.1	100	988	988	988	0.0	1784
NODE_52_length_203902_cov_33.5.g6314.t1	XP_661549.1	100	658	658	658	0.0	1274
NODE_52_length_203902_cov_33.5.g6315.t1	XP_661550.1	100	1216	1216	1216	0.0	2388
NODE_52_length_203902_cov_33.5.g6316.t1	XP_050467400.1	100	544	544	544	0.0	1013
NODE_52_length_203902_cov_33.5.g6317.t1	XP_661552.1	100	582	582	582	0.0	1025
NODE_52_length_203902_cov_33.5.g6318.t1	XP_661553.1	86.1	771	771	670	0.0	1299
NODE_52_length_203902_cov_33.5.g6319.t1	XP_661554.1	95.2	540	540	522	0.0	974
NODE_52_length_203902_cov_33.5.g6320.t1	XP_661555.1	98.1	686	674	686	0.0	1382
NODE_52_length_203902_cov_33.5.g6321.t1	XP_661556.1	97.2	1484	1462	1478	0.0	2756
NODE_52_length_203902_cov_33.5.g6322.t1	XP_661557.1	100	353	353	353	1.22e-234	639
NODE_52_length_203902_cov_33.5.g6323.t1	XP_050467399.1	100	485	507	490	0.0	992
NODE_52_length_203902_cov_33.5.g6324.t1	XP_050467398.1	100	247	247	247	7.64e-169	464
NODE_52_length_203902_cov_33.5.g6326.t1	XP_050467397.1	100	359	359	359	1.94e-275	743
NODE_52_length_203902_cov_33.5.g6327.t1	XP_661563.1	100	570	644	570	1.23e-314	863
NODE_52_length_203902_cov_33.5.g6330.t1	XP_661565.1	99.2	706	700	706	0.0	1420
NODE_53_length_202576_cov_34.6.g6332.t1	XP_664162.1	80.9	152	152	137	2.35e-79	229
NODE_53_length_202576_cov_34.6.g6333.t1	XP_664161.1	100	82	82	123	2.55e-57	170
NODE_53_length_202576_cov_34.6.g6334.t1	XP_664160.1	100	144	188	157	3.38e-88	254
NODE_53_length_202576_cov_34.6.g6335.t1	XP_664159.1	99.1	459	484	471	0.0	925
NODE_53_length_202576_cov_34.6.g6336.t1	XP_664158.2	100	191	191	191	1.69e-117	330
NODE_53_length_202576_cov_34.6.g6337.t1	XP_664157.1	93.3	812	788	801	0.0	1399
NODE_53_length_202576_cov_34.6.g6338.t1	XP_664156.2	100	391	391	428	7.96e-298	804
NODE_53_length_202576_cov_34.6.g6339.t1	XP_664155.1	99.9	1734	1734	1734	0.0	3373
NODE_53_length_202576_cov_34.6.g6340.t1	XP_664154.1	100	823	823	823	0.0	1688
NODE_53_length_202576_cov_34.6.g6341.t1	XP_664153.1	100	346	346	346	2.71e-239	650
NODE_53_length_202576_cov_34.6.g6342.t1	XP_664152.1	100	247	247	247	2.22e-177	486
NODE_53_length_202576_cov_34.6.g6343.t1	XP_664151.1	100	259	259	259	7.72e-184	503
NODE_53_length_202576_cov_34.6.g6344.t1	XP_664150.1	100	128	139	128	2.36e-85	244
NODE_53_length_202576_cov_34.6.g6345.t1	XP_664149.1	94.9	470	470	446	2.77e-314	850
NODE_53_length_202576_cov_34.6.g6346.t1	XP_664148.1	99.4	174	173	174	1.40e-121	338
NODE_53_length_202576_cov_34.6.g6347.t1	XP_664147.1	100	218	218	218	1.02e-154	426
NODE_53_length_202576_cov_34.6.g6348.t1	XP_664146.2	100	375	375	375	3.67e-279	754
NODE_53_length_202576_cov_34.6.g6349.t1	XP_050467119.1	100	809	809	809	0.0	1593
NODE_53_length_202576_cov_34.6.g6350.t1	XP_664144.2	100	727	727	727	0.0	1384
NODE_53_length_202576_cov_34.6.g6351.t1	XP_664142.1	100	1285	1285	1285	0.0	2396
NODE_53_length_202576_cov_34.6.g6352.t1	XP_664141.1	100	157	157	157	3.99e-113	316
NODE_53_length_202576_cov_34.6.g6353.t1	XP_664140.1	100	244	244	244	7.16e-177	484
NODE_53_length_202576_cov_34.6.g6354.t1	XP_664139.1	100	216	216	216	1.06e-155	428
NODE_53_length_202576_cov_34.6.g6355.t1	XP_664138.1	100	355	355	355	2.84e-266	719
NODE_53_length_202576_cov_34.6.g6356.t1	XP_664137.2	100	1474	1474	1474	0.0	2859
NODE_53_length_202576_cov_34.6.g6357.t1	XP_664135.1	100	571	972	593	0.0	1112
NODE_53_length_202576_cov_34.6.g6358.t1	XP_664134.1	100	463	556	463	0.0	939
NODE_53_length_202576_cov_34.6.g6359.t1	XP_664133.1	100	687	699	690	0.0	1276
NODE_53_length_202576_cov_34.6.g6360.t1	XP_664132.1	95.2	352	335	352	1.28e-247	671
NODE_53_length_202576_cov_34.6.g6361.t1	XP_664130.1	100	990	1325	990	0.0	1999
NODE_53_length_202576_cov_34.6.g6362.t1	XP_050467117.1	100	364	386	365	3.46e-273	739
NODE_53_length_202576_cov_34.6.g6363.t1	XP_664128.1	100	148	148	148	1.08e-99	281
NODE_53_length_202576_cov_34.6.g6364.t1	XP_664127.1	99.9	1790	1790	1789	0.0	3101
NODE_53_length_202576_cov_34.6.g6365.t1	XP_664126.1	100	614	614	614	0.0	1193
NODE_53_length_202576_cov_34.6.g6366.t1	XP_664125.1	99.9	776	776	776	0.0	1549
NODE_53_length_202576_cov_34.6.g6367.t1	XP_050467116.1	100	385	385	385	1.64e-287	776
NODE_53_length_202576_cov_34.6.g6368.t1	XP_050467115.1	100	609	609	609	0.0	1174
NODE_53_length_202576_cov_34.6.g6369.t1	XP_664123.2	100	543	543	543	0.0	1102
NODE_53_length_202576_cov_34.6.g6370.t1	XP_664122.1	94.5	309	307	295	2.08e-225	612
NODE_53_length_202576_cov_34.6.g6371.t1	XP_664121.1	100	284	369	289	1.05e-203	559
NODE_53_length_202576_cov_34.6.g6372.t1	XP_664120.1	97.5	118	172	131	3.69e-73	214
NODE_53_length_202576_cov_34.6.g6373.t1	XP_664119.1	100	345	345	345	4.53e-242	657
NODE_53_length_202576_cov_34.6.g6374.t1	XP_664118.1	95.6	321	337	357	7.98e-230	627
NODE_53_length_202576_cov_34.6.g6375.t1	XP_664117.1	100	383	463	383	2.38e-277	753
NODE_53_length_202576_cov_34.6.g6376.t1	XP_050467114.1	92.3	274	259	274	6.09e-180	494
NODE_53_length_202576_cov_34.6.g6377.t1	XP_050467113.1	100	816	816	889	0.0	1597
NODE_53_length_202576_cov_34.6.g6379.t1	XP_664115.2	95.7	559	535	559	0.0	1040
NODE_53_length_202576_cov_34.6.g6380.t1	XP_664114.1	100	355	355	355	9.36e-256	693
NODE_53_length_202576_cov_34.6.g6381.t1	XP_664112.1	100	341	341	394	9.32e-255	691
NODE_53_length_202576_cov_34.6.g6382.t1	XP_664111.1	100	834	834	834	0.0	1544
NODE_53_length_202576_cov_34.6.g6383.t1	XP_664110.1	100	352	352	352	6.17e-264	713
NODE_53_length_202576_cov_34.6.g6384.t1	XP_050467111.1	92.6	585	585	574	2.75e-292	804
NODE_53_length_202576_cov_34.6.g6385.t1	XP_664107.1	100	457	457	457	3.08e-255	700
NODE_53_length_202576_cov_34.6.g6386.t1	XP_050467110.1	100	311	311	311	9.34e-227	616
NODE_53_length_202576_cov_34.6.g6387.t1	XP_664105.1	100	352	352	352	4.04e-244	663
NODE_53_length_202576_cov_34.6.g6388.t1	XP_050467108.1	100	123	123	123	8.88e-87	246
NODE_53_length_202576_cov_34.6.g6389.t1	XP_050467107.1	92.3	169	169	157	1.46e-100	285
NODE_53_length_202576_cov_34.6.g6390.t1	XP_050467106.1	98.7	319	325	330	1.45e-220	602
NODE_53_length_202576_cov_34.6.g6391.t1	XP_050467104.1	93.2	497	671	504	0.0	887
NODE_53_length_202576_cov_34.6.g6392.t1	XP_664101.1	100	124	124	124	3.59e-73	212
NODE_53_length_202576_cov_34.6.g6394.t1	XP_050467102.1	93.1	679	676	669	0.0	1229
NODE_53_length_202576_cov_34.6.g6395.t1	XP_664097.2	100	765	765	765	0.0	1475
NODE_53_length_202576_cov_34.6.g6396.t1	XP_664096.2	100	265	269	265	8.45e-192	524
NODE_53_length_202576_cov_34.6.g6397.t1	XP_050467101.1	91.5	235	215	235	4.71e-145	402
NODE_53_length_202576_cov_34.6.g6398.t1	XP_050467100.1	100	315	315	315	9.09e-236	639
NODE_53_length_202576_cov_34.6.g6399.t1	XP_050467099.1	100	287	287	287	3.42e-201	549
NODE_53_length_202576_cov_34.6.g6400.t1	XP_050467098.1	100	231	231	384	2.83e-162	452
NODE_53_length_202576_cov_34.6.g6401.t1	XP_664091.1	100	393	394	454	1.54e-277	754
NODE_54_length_196753_cov_33.8.g6403.t1	XP_050468557.1	100	363	363	363	8.29e-279	752
NODE_54_length_196753_cov_33.8.g6404.t1	XP_660338.1	99.7	312	312	312	4.74e-200	548
NODE_54_length_196753_cov_33.8.g6405.t1	XP_660339.1	100	502	502	502	0.0	1006
NODE_54_length_196753_cov_33.8.g6406.t1	XP_660340.1	94.3	859	850	831	0.0	1516
NODE_54_length_196753_cov_33.8.g6407.t1	XP_660341.1	100	669	669	669	0.0	1296
NODE_54_length_196753_cov_33.8.g6408.t1	XP_660342.1	100	437	437	437	0.0	893
NODE_54_length_196753_cov_33.8.g6409.t1	XP_660343.1	96.4	933	931	901	0.0	1723
NODE_54_length_196753_cov_33.8.g6411.t1	XP_660344.1	100	952	961	952	0.0	1872
NODE_54_length_196753_cov_33.8.g6412.t1	XP_050468556.1	96.3	160	185	195	1.30e-102	292
NODE_54_length_196753_cov_33.8.g6413.t1	XP_660346.1	100	86	90	95	1.87e-60	177
NODE_54_length_196753_cov_33.8.g6414.t1	XP_050468555.1	100	1035	1035	1035	0.0	1764
NODE_54_length_196753_cov_33.8.g6415.t1	XP_660348.1	100	358	358	414	1.57e-237	649
NODE_54_length_196753_cov_33.8.g6416.t1	XP_660349.1	91.1	190	190	173	4.32e-127	353
NODE_54_length_196753_cov_33.8.g6417.t1	XP_660350.1	100	436	436	436	3.97e-314	847
NODE_54_length_196753_cov_33.8.g6418.t1	XP_660351.1	100	149	159	198	7.78e-91	261
NODE_54_length_196753_cov_33.8.g6419.t1	XP_660352.1	100	585	585	585	0.0	1024
NODE_54_length_196753_cov_33.8.g6420.t1	XP_660353.1	99.9	1174	1174	1174	0.0	2250
NODE_54_length_196753_cov_33.8.g6421.t1	XP_660354.1	100	477	477	477	0.0	956
NODE_54_length_196753_cov_33.8.g6422.t1	XP_660355.1	100	819	819	819	0.0	1597
NODE_54_length_196753_cov_33.8.g6423.t1	XP_050468554.1	100	464	464	464	0.0	953
NODE_54_length_196753_cov_33.8.g6424.t1	XP_660358.2	100	448	821	448	1.73e-311	857
NODE_54_length_196753_cov_33.8.g6425.t1	XP_660359.1	100	361	361	361	4.54e-266	719
NODE_54_length_196753_cov_33.8.g6426.t1	XP_660360.1	98.3	930	1073	967	0.0	1399
NODE_54_length_196753_cov_33.8.g6427.t1	XP_660361.1	100	927	927	927	0.0	1780
NODE_54_length_196753_cov_33.8.g6428.t1	XP_050468552.1	96.9	491	477	491	4.71e-312	846
NODE_54_length_196753_cov_33.8.g6429.t1	XP_050468551.1	100	388	388	401	1.73e-280	759
NODE_54_length_196753_cov_33.8.g6430.t1	XP_660363.1	99.2	248	255	260	4.23e-178	488
NODE_54_length_196753_cov_33.8.g6431.t1	XP_660364.1	100	560	560	560	0.0	979
NODE_54_length_196753_cov_33.8.g6432.t1	XP_660365.1	100	147	147	147	8.91e-112	311
NODE_54_length_196753_cov_33.8.g6433.t1	XP_660366.1	100	424	424	424	5.80e-310	836
NODE_54_length_196753_cov_33.8.g6434.t1	XP_660367.2	100	634	634	736	0.0	1259
NODE_54_length_196753_cov_33.8.g6435.t1	XP_660368.1	100	395	395	395	2.78e-275	746
NODE_54_length_196753_cov_33.8.g6436.t1	XP_660369.1	100	200	200	200	3.80e-100	286
NODE_54_length_196753_cov_33.8.g6437.t1	XP_660370.1	100	700	700	841	0.0	1352
NODE_54_length_196753_cov_33.8.g6438.t1	XP_050468548.1	100	456	456	456	0.0	882
NODE_54_length_196753_cov_33.8.g6439.t1	XP_660371.2	100	641	641	641	0.0	1186
NODE_54_length_196753_cov_33.8.g6440.t1	XP_050468547.1	95.7	235	247	245	2.78e-150	417
NODE_54_length_196753_cov_33.8.g6441.t1	XP_660373.1	100	588	588	588	0.0	1017
NODE_54_length_196753_cov_33.8.g6442.t1	XP_660374.1	83.1	732	732	670	0.0	922
NODE_54_length_196753_cov_33.8.g6443.t1	XP_660375.1	100	456	456	456	3.06e-303	822
NODE_54_length_196753_cov_33.8.g6444.t1	XP_660376.1	98.9	2067	2073	2045	0.0	4006
NODE_54_length_196753_cov_33.8.g6445.t1	XP_660377.1	100	624	941	646	0.0	1204
NODE_54_length_196753_cov_33.8.g6446.t1	XP_660379.1	100	677	677	677	0.0	1262
NODE_54_length_196753_cov_33.8.g6447.t1	XP_660380.1	100	267	267	267	4.19e-160	444
NODE_54_length_196753_cov_33.8.g6448.t1	XP_660381.1	100	587	587	587	0.0	1148
NODE_54_length_196753_cov_33.8.g6449.t1	XP_660382.1	100	183	195	202	6.34e-137	379
NODE_54_length_196753_cov_33.8.g6450.t1	XP_660383.1	99.2	493	489	493	0.0	987
NODE_54_length_196753_cov_33.8.g6451.t1	XP_660384.1	100	638	638	638	0.0	1278
NODE_54_length_196753_cov_33.8.g6452.t1	XP_660385.1	87.2	533	524	519	0.0	887
NODE_54_length_196753_cov_33.8.g6453.t1	XP_050468543.1	100	286	332	437	8.43e-213	587
NODE_54_length_196753_cov_33.8.g6454.t1	XP_660387.1	100	464	464	464	0.0	932
NODE_54_length_196753_cov_33.8.g6455.t1	XP_050468542.1	100	94	94	94	8.37e-67	194
NODE_54_length_196753_cov_33.8.g6457.t1	XP_660392.1	100	157	157	247	7.79e-113	318
NODE_54_length_196753_cov_33.8.g6458.t1	XP_660393.1	100	281	281	328	1.47e-217	592
NODE_54_length_196753_cov_33.8.g6459.t1	XP_660394.1	100	396	396	396	4.06e-289	781
NODE_54_length_196753_cov_33.8.g6460.t1	XP_660395.1	84.1	132	132	111	1.18e-75	218
NODE_54_length_196753_cov_33.8.g6461.t1	XP_050468540.1	92.8	250	243	239	1.10e-165	456
NODE_54_length_196753_cov_33.8.g6462.t1	XP_660397.1	100	370	370	370	9.97e-270	729
NODE_54_length_196753_cov_33.8.g6463.t1	XP_050468539.1	100	409	555	409	6.34e-296	805
NODE_55_length_193152_cov_34.4.g6464.t1	XP_662647.2	94.5	290	290	288	3.58e-204	557
NODE_55_length_193152_cov_34.4.g6465.t1	XP_050467568.1	88.3	403	734	472	4.01e-256	714
NODE_55_length_193152_cov_34.4.g6466.t1	XP_662648.1	86.8	644	622	619	0.0	1112
NODE_55_length_193152_cov_34.4.g6467.t1	XP_050466995.1	97.5	489	838	542	0.0	976
NODE_55_length_193152_cov_34.4.g6468.t1	XP_663736.1	100	1272	1272	1272	0.0	2463
NODE_55_length_193152_cov_34.4.g6469.t1	XP_663737.1	100	530	531	530	0.0	1073
NODE_55_length_193152_cov_34.4.g6470.t1	XP_663738.1	100	1720	1720	1720	0.0	3001
NODE_55_length_193152_cov_34.4.g6472.t1	XP_663740.1	100	1573	1573	1573	0.0	3080
NODE_55_length_193152_cov_34.4.g6473.t1	XP_663741.1	97.7	781	764	781	0.0	1434
NODE_55_length_193152_cov_34.4.g6475.t1	XP_050466994.1	99.8	642	806	642	0.0	1286
NODE_55_length_193152_cov_34.4.g6476.t1	XP_663743.1	100	291	291	291	2.51e-205	560
NODE_55_length_193152_cov_34.4.g6477.t1	XP_663744.1	100	344	344	344	8.96e-253	684
NODE_55_length_193152_cov_34.4.g6478.t1	XP_663745.1	100	271	271	271	6.89e-193	527
NODE_55_length_193152_cov_34.4.g6479.t1	XP_663746.2	88.1	185	177	185	3.54e-114	320
NODE_55_length_193152_cov_34.4.g6480.t1	XP_663747.1	100	870	870	870	0.0	1654
NODE_55_length_193152_cov_34.4.g6481.t1	XP_663748.1	100	185	189	185	4.17e-141	389
NODE_55_length_193152_cov_34.4.g6482.t1	XP_050466993.1	100	176	176	176	1.15e-128	357
NODE_55_length_193152_cov_34.4.g6483.t1	XP_050466992.1	100	131	131	131	6.08e-91	258
NODE_55_length_193152_cov_34.4.g6484.t1	XP_663751.1	100	641	641	641	0.0	1231
NODE_55_length_193152_cov_34.4.g6485.t1	XP_663752.1	88.9	477	477	424	2.63e-313	847
NODE_55_length_193152_cov_34.4.g6486.t1	XP_663753.1	99.5	578	584	630	0.0	1043
NODE_55_length_193152_cov_34.4.g6487.t1	XP_050466991.1	96.8	1378	1378	1334	0.0	2462
NODE_55_length_193152_cov_34.4.g6488.t1	XP_663755.1	100	274	274	274	1.50e-193	529
NODE_55_length_193152_cov_34.4.g6489.t1	XP_663756.1	93.7	867	853	922	0.0	1670
NODE_55_length_193152_cov_34.4.g6490.t1	XP_663758.1	97.5	558	546	631	0.0	1069
NODE_55_length_193152_cov_34.4.g6491.t1	XP_663759.1	100	196	196	196	4.75e-140	387
NODE_55_length_193152_cov_34.4.g6492.t1	XP_663761.1	100	274	274	274	1.63e-197	539
NODE_55_length_193152_cov_34.4.g6493.t1	XP_663762.1	91.4	163	149	163	3.52e-104	293
NODE_55_length_193152_cov_34.4.g6494.t1	XP_663763.1	100	440	493	458	0.0	875
NODE_55_length_193152_cov_34.4.g6495.t1	XP_663764.1	87.4	594	594	567	1.89e-257	716
NODE_55_length_193152_cov_34.4.g6496.t1	XP_050466990.1	100	700	700	700	0.0	1357
NODE_55_length_193152_cov_34.4.g6497.t1	XP_050466989.1	100	322	322	322	1.39e-213	583
NODE_55_length_193152_cov_34.4.g6498.t1	XP_663768.1	98.1	2535	2517	2510	0.0	4874
NODE_55_length_193152_cov_34.4.g6499.t1	XP_663769.1	100	574	583	574	0.0	1096
NODE_55_length_193152_cov_34.4.g6500.t1	XP_663770.1	100	436	436	436	6.90e-299	809
NODE_55_length_193152_cov_34.4.g6501.t1	XP_663771.1	93.7	394	418	369	1.22e-264	719
NODE_55_length_193152_cov_34.4.g6502.t1	XP_663772.1	100	592	592	648	0.0	1192
NODE_55_length_193152_cov_34.4.g6503.t1	XP_663773.1	100	734	1164	734	0.0	1404
NODE_55_length_193152_cov_34.4.g6504.t1	XP_663775.1	100	188	188	188	5.17e-131	363
NODE_55_length_193152_cov_34.4.g6505.t1	XP_663776.1	100	412	412	412	8.86e-260	708
NODE_55_length_193152_cov_34.4.g6506.t1	XP_050466988.1	97.7	711	711	772	0.0	1282
NODE_55_length_193152_cov_34.4.g6507.t1	XP_050466987.1	100	382	428	394	5.90e-267	726
NODE_55_length_193152_cov_34.4.g6508.t1	XP_663779.1	100	336	336	336	7.08e-214	585
NODE_55_length_193152_cov_34.4.g6509.t1	XP_050466986.1	100	118	118	118	3.03e-69	202
NODE_55_length_193152_cov_34.4.g6510.t1	XP_663781.1	100	423	423	423	7.22e-260	709
NODE_55_length_193152_cov_34.4.g6511.t1	XP_663782.1	100	315	315	315	1.26e-217	593
NODE_55_length_193152_cov_34.4.g6512.t1	XP_663783.1	92.0	88	88	81	3.26e-51	154
NODE_55_length_193152_cov_34.4.g6513.t1	XP_663784.1	99.7	328	430	389	9.24e-238	652
NODE_55_length_193152_cov_34.4.g6514.t1	XP_050466985.1	100	385	385	385	7.59e-293	789
NODE_55_length_193152_cov_34.4.g6515.t1	XP_050466984.1	100	293	293	293	1.93e-210	573
NODE_55_length_193152_cov_34.4.g6516.t1	XP_050466983.1	100	481	831	491	0.0	972
NODE_55_length_193152_cov_34.4.g6517.t1	XP_663789.1	97.2	506	506	493	0.0	954
NODE_55_length_193152_cov_34.4.g6518.t1	XP_663790.1	100	941	941	941	0.0	1704
NODE_55_length_193152_cov_34.4.g6519.t1	XP_663791.1	100	640	640	640	0.0	1207
NODE_55_length_193152_cov_34.4.g6520.t1	XP_663792.2	100	230	230	230	3.15e-164	451
NODE_55_length_193152_cov_34.4.g6521.t1	XP_663793.1	100	176	176	176	1.24e-123	344
NODE_55_length_193152_cov_34.4.g6522.t1	XP_663794.1	100	482	482	482	1.29e-315	855
NODE_55_length_193152_cov_34.4.g6523.t1	XP_050466981.1	88.8	375	362	383	4.45e-226	619
NODE_55_length_193152_cov_34.4.g6524.t1	XP_663796.1	100	1152	1152	1152	0.0	2099
NODE_55_length_193152_cov_34.4.g6525.t1	XP_663797.1	100	1104	1104	1104	0.0	2016
NODE_55_length_193152_cov_34.4.g6526.t1	XP_050466980.1	99.6	547	545	547	0.0	976
NODE_55_length_193152_cov_34.4.g6527.t1	XP_663798.2	100	1000	1000	1000	0.0	1896
NODE_55_length_193152_cov_34.4.g6528.t1	XP_663799.1	100	416	416	416	1.34e-256	700
NODE_56_length_191043_cov_30.4.g6529.t1	XP_664066.1	96.0	425	408	425	7.63e-302	815
NODE_56_length_191043_cov_30.4.g6530.t1	XP_664065.1	100	533	533	533	0.0	1043
NODE_56_length_191043_cov_30.4.g6531.t1	XP_664064.2	100	357	357	357	1.16e-266	721
NODE_56_length_191043_cov_30.4.g6532.t1	XP_664063.1	100	590	590	590	0.0	1226
NODE_56_length_191043_cov_30.4.g6533.t1	XP_664062.1	98.2	283	295	362	1.66e-196	541
NODE_56_length_191043_cov_30.4.g6534.t1	XP_664061.1	100	264	264	264	2.62e-198	540
NODE_56_length_191043_cov_30.4.g6535.t1	XP_664060.1	100	331	331	331	2.28e-253	685
NODE_56_length_191043_cov_30.4.g6536.t1	XP_664059.1	100	327	327	327	2.82e-236	641
NODE_56_length_191043_cov_30.4.g6538.t1	XP_664058.1	94.6	448	473	774	5.25e-302	832
NODE_56_length_191043_cov_30.4.g6539.t1	XP_664057.1	100	377	377	377	1.40e-284	768
NODE_56_length_191043_cov_30.4.g6540.t1	XP_664056.1	100	746	746	746	0.0	1503
NODE_56_length_191043_cov_30.4.g6541.t1	XP_664055.1	100	529	538	529	0.0	986
NODE_56_length_191043_cov_30.4.g6542.t1	XP_050466922.1	100	476	858	497	0.0	968
NODE_56_length_191043_cov_30.4.g6543.t1	XP_664052.1	97.9	2570	2570	2517	0.0	4922
NODE_56_length_191043_cov_30.4.g6544.t1	XP_664051.1	98.5	482	482	520	0.0	938
NODE_56_length_191043_cov_30.4.g6545.t1	XP_664050.1	100	248	341	248	1.16e-183	506
NODE_56_length_191043_cov_30.4.g6546.t1	XP_664049.1	100	611	611	611	0.0	1235
NODE_56_length_191043_cov_30.4.g6547.t1	XP_664048.1	100	1039	1039	1039	0.0	2068
NODE_56_length_191043_cov_30.4.g6548.t1	XP_664047.1	100	1396	1396	1396	0.0	2572
NODE_56_length_191043_cov_30.4.g6549.t1	XP_664046.1	97.9	868	924	904	0.0	1683
NODE_56_length_191043_cov_30.4.g6550.t1	XP_664045.1	100	151	185	183	2.42e-109	308
NODE_56_length_191043_cov_30.4.g6552.t1	XP_664043.1	100	358	358	358	1.91e-261	707
NODE_56_length_191043_cov_30.4.g6553.t1	XP_664042.1	100	773	773	773	0.0	1560
NODE_56_length_191043_cov_30.4.g6554.t1	XP_664041.1	100	330	330	330	2.69e-231	629
NODE_56_length_191043_cov_30.4.g6555.t1	XP_659904.1	58.2	1289	1368	1343	0.0	1427
NODE_56_length_191043_cov_30.4.g6556.t1	XP_664039.1	99.7	299	299	299	5.16e-218	593
NODE_56_length_191043_cov_30.4.g6557.t1	XP_664038.1	92.6	512	509	493	0.0	913
NODE_56_length_191043_cov_30.4.g6558.t1	XP_664037.1	100	855	855	855	0.0	1734
NODE_56_length_191043_cov_30.4.g6559.t1	XP_050466926.1	100	204	228	227	3.09e-147	408
NODE_56_length_191043_cov_30.4.g6560.t1	XP_664036.1	100	404	404	404	9.38e-299	806
NODE_56_length_191043_cov_30.4.g6561.t1	XP_664035.1	96.2	2478	2471	2410	0.0	4697
NODE_56_length_191043_cov_30.4.g6563.t1	XP_664033.1	100	439	439	450	2.44e-310	838
NODE_56_length_191043_cov_30.4.g6564.t1	XP_664032.1	100	231	231	231	3.06e-176	481
NODE_56_length_191043_cov_30.4.g6565.t1	XP_664031.1	94.7	399	378	399	6.29e-289	780
NODE_56_length_191043_cov_30.4.g6566.t1	XP_664030.1	100	333	333	333	2.78e-255	690
NODE_56_length_191043_cov_30.4.g6568.t1	XP_664028.1	86.5	252	252	218	1.59e-160	442
NODE_56_length_191043_cov_30.4.g6569.t1	XP_664027.1	100	173	173	173	1.64e-122	341
NODE_56_length_191043_cov_30.4.g6570.t1	XP_664026.1	95.4	305	302	304	9.15e-214	582
NODE_56_length_191043_cov_30.4.g6571.t1	XP_664025.1	99.6	240	241	303	2.31e-177	488
NODE_56_length_191043_cov_30.4.g6572.t1	XP_664024.1	100	288	288	288	4.95e-215	584
NODE_56_length_191043_cov_30.4.g6573.t1	XP_664023.1	77.4	372	372	349	2.79e-198	548
NODE_56_length_191043_cov_30.4.g6574.t1	XP_664022.1	99.8	495	524	546	0.0	982
NODE_56_length_191043_cov_30.4.g6575.t1	XP_664021.1	100	413	530	452	2.83e-301	820
NODE_56_length_191043_cov_30.4.g6576.t1	XP_664020.1	100	159	159	159	1.82e-119	332
NODE_56_length_191043_cov_30.4.g6577.t1	XP_664019.1	89.8	382	493	390	1.79e-228	631
NODE_56_length_191043_cov_30.4.g6578.t1	XP_664018.2	100	490	490	506	0.0	987
NODE_56_length_191043_cov_30.4.g6579.t1	XP_664017.1	99.7	396	396	396	3.36e-272	738
NODE_56_length_191043_cov_30.4.g6580.t1	XP_050466929.1	100	360	479	360	2.38e-257	702
NODE_56_length_191043_cov_30.4.g6581.t1	XP_664015.1	100	156	156	178	2.12e-117	327
NODE_56_length_191043_cov_30.4.g6582.t1	XP_664014.1	96.6	935	930	991	0.0	1818
NODE_56_length_191043_cov_30.4.g6583.t1	XP_664013.1	100	477	477	477	0.0	988
NODE_56_length_191043_cov_30.4.g6584.t1	XP_664012.1	100	129	129	129	2.40e-87	248
NODE_56_length_191043_cov_30.4.g6585.t1	XP_664011.2	100	509	509	509	0.0	1038
NODE_57_length_187654_cov_32.8.g6586.t1	XP_681427.1	91.3	506	536	498	9.41e-313	851
NODE_57_length_187654_cov_32.8.g6587.t1	XP_681426.1	100	445	448	570	0.0	905
NODE_57_length_187654_cov_32.8.g6588.t1	XP_681425.1	94.5	653	617	653	0.0	1244
NODE_57_length_187654_cov_32.8.g6589.t1	XP_681424.1	81.0	268	268	234	2.41e-140	392
NODE_57_length_187654_cov_32.8.g6590.t1	XP_681423.1	100	336	336	336	4.47e-233	634
NODE_57_length_187654_cov_32.8.g6591.t1	XP_681422.1	100	697	697	697	0.0	1379
NODE_57_length_187654_cov_32.8.g6592.t1	XP_681421.1	98.8	578	582	593	0.0	1179
NODE_57_length_187654_cov_32.8.g6593.t1	XP_050467264.1	100	433	433	433	4.99e-311	839
NODE_57_length_187654_cov_32.8.g6594.t1	XP_662831.1	59.8	845	882	886	0.0	926
NODE_57_length_187654_cov_32.8.g6595.t1	XP_681419.1	89.7	1841	1769	1773	0.0	3058
NODE_57_length_187654_cov_32.8.g6596.t1	XP_681418.1	100	809	809	809	0.0	1646
NODE_57_length_187654_cov_32.8.g6597.t1	XP_681417.1	95.5	290	320	299	2.72e-198	544
NODE_57_length_187654_cov_32.8.g6598.t1	XP_681416.1	100	606	606	606	0.0	1169
NODE_57_length_187654_cov_32.8.g6599.t1	XP_681415.1	100	346	346	346	1.32e-230	629
NODE_57_length_187654_cov_32.8.g6600.t1	XP_681414.1	100	170	170	170	7.58e-131	362
NODE_57_length_187654_cov_32.8.g6601.t1	XP_681413.1	98.0	152	160	236	5.50e-109	308
NODE_57_length_187654_cov_32.8.g6602.t1	XP_681412.1	96.2	368	368	355	7.05e-243	661
NODE_57_length_187654_cov_32.8.g6603.t1	XP_681411.1	100	320	320	320	1.03e-239	649
NODE_57_length_187654_cov_32.8.g6604.t1	XP_681410.1	96.6	497	480	497	0.0	956
NODE_57_length_187654_cov_32.8.g6605.t1	XP_681409.1	94.5	348	484	426	4.12e-229	634
NODE_57_length_187654_cov_32.8.g6606.t1	XP_681408.1	97.7	532	528	529	0.0	1028
NODE_57_length_187654_cov_32.8.g6607.t1	XP_664052.1	32.6	1907	1828	2517	5.48e-271	853
NODE_57_length_187654_cov_32.8.g6608.t1	XP_681407.1	100	750	750	750	0.0	1526
NODE_57_length_187654_cov_32.8.g6609.t1	XP_681406.1	100	511	511	511	0.0	1026
NODE_57_length_187654_cov_32.8.g6610.t1	XP_681405.1	98.9	536	536	530	0.0	1042
NODE_57_length_187654_cov_32.8.g6611.t1	XP_681404.1	89.8	530	530	485	0.0	949
NODE_57_length_187654_cov_32.8.g6612.t1	XP_681403.1	99.8	514	524	523	0.0	1048
NODE_57_length_187654_cov_32.8.g6613.t1	XP_681402.1	95.9	320	320	307	4.87e-203	556
NODE_57_length_187654_cov_32.8.g6614.t1	XP_681401.1	100	284	284	284	3.48e-213	579
NODE_57_length_187654_cov_32.8.g6616.t1	XP_681400.1	99.4	331	331	378	7.73e-236	642
NODE_57_length_187654_cov_32.8.g6619.t1	XP_050467262.1	100	601	601	601	0.0	1209
NODE_57_length_187654_cov_32.8.g6620.t1	XP_681397.1	100	548	548	548	0.0	1104
NODE_57_length_187654_cov_32.8.g6621.t1	XP_681396.1	100	482	482	482	0.0	959
NODE_57_length_187654_cov_32.8.g6622.t1	XP_050467261.1	99.7	361	694	373	8.53e-242	672
NODE_57_length_187654_cov_32.8.g6623.t1	XP_050467259.1	100	832	832	832	0.0	1633
NODE_57_length_187654_cov_32.8.g6624.t1	XP_681393.1	94.4	483	482	463	0.0	894
NODE_57_length_187654_cov_32.8.g6625.t1	XP_681392.1	100	438	438	438	0.0	912
NODE_57_length_187654_cov_32.8.g6626.t1	XP_681391.2	100	521	521	532	0.0	1004
NODE_57_length_187654_cov_32.8.g6627.t1	XP_681390.1	99.9	1360	1360	1360	0.0	2713
NODE_57_length_187654_cov_32.8.g6628.t1	XP_681389.1	100	905	905	905	0.0	1754
NODE_57_length_187654_cov_32.8.g6629.t1	XP_681388.1	100	395	395	395	6.44e-315	846
NODE_57_length_187654_cov_32.8.g6630.t1	XP_681387.1	100	157	157	157	1.02e-106	300
NODE_57_length_187654_cov_32.8.g6631.t1	XP_681386.1	100	340	340	340	3.12e-251	680
NODE_57_length_187654_cov_32.8.g6632.t1	XP_681385.1	88.2	508	508	449	4.48e-280	765
NODE_57_length_187654_cov_32.8.g6633.t1	XP_681384.1	100	419	420	419	1.42e-310	837
NODE_57_length_187654_cov_32.8.g6634.t1	XP_681383.1	100	278	278	295	4.27e-215	584
NODE_57_length_187654_cov_32.8.g6635.t1	XP_681382.1	100	268	268	268	2.32e-194	530
NODE_57_length_187654_cov_32.8.g6636.t1	XP_681381.1	100	511	511	511	0.0	1001
NODE_57_length_187654_cov_32.8.g6637.t1	XP_681380.1	98.3	749	765	753	0.0	1464
NODE_57_length_187654_cov_32.8.g6638.t1	XP_681379.1	100	228	273	253	1.17e-162	450
NODE_57_length_187654_cov_32.8.g6640.t1	XP_681378.1	99.7	325	364	583	1.28e-241	667
NODE_57_length_187654_cov_32.8.g6641.t1	XP_681377.1	100	435	435	435	0.0	873
NODE_57_length_187654_cov_32.8.g6642.t1	XP_681376.2	85.2	330	326	334	1.62e-193	533
NODE_57_length_187654_cov_32.8.g6643.t1	XP_050467258.1	100	433	490	446	2.32e-302	820
NODE_57_length_187654_cov_32.8.g6644.t1	XP_681375.1	100	284	284	284	1.27e-215	585
NODE_57_length_187654_cov_32.8.g6645.t1	XP_681374.1	100	1077	1077	1077	0.0	2152
NODE_58_length_184519_cov_32.9.g6646.t1	XP_659322.1	100	242	266	242	1.43e-170	469
NODE_58_length_184519_cov_32.9.g6647.t1	XP_659323.1	98.4	383	377	383	2.19e-278	752
NODE_58_length_184519_cov_32.9.g6648.t1	XP_659324.1	100	260	260	260	1.80e-178	489
NODE_58_length_184519_cov_32.9.g6649.t1	XP_659325.1	100	311	311	311	1.43e-205	562
NODE_58_length_184519_cov_32.9.g6650.t1	XP_659326.1	100	506	506	506	0.0	998
NODE_58_length_184519_cov_32.9.g6651.t1	XP_659327.1	100	127	127	127	4.17e-87	248
NODE_58_length_184519_cov_32.9.g6652.t1	XP_659328.1	100	576	576	576	0.0	1117
NODE_58_length_184519_cov_32.9.g6653.t1	XP_659329.1	92.7	463	463	456	0.0	876
NODE_58_length_184519_cov_32.9.g6654.t1	XP_659330.1	100	464	464	464	0.0	868
NODE_58_length_184519_cov_32.9.g6655.t1	XP_050468719.1	100	742	742	742	0.0	1322
NODE_58_length_184519_cov_32.9.g6656.t1	XP_050468720.1	100	733	812	802	0.0	1320
NODE_58_length_184519_cov_32.9.g6657.t1	XP_050468722.1	100	494	816	494	1.83e-290	806
NODE_58_length_184519_cov_32.9.g6658.t1	XP_659333.1	94.9	818	807	818	0.0	1503
NODE_58_length_184519_cov_32.9.g6659.t1	XP_659334.1	100	371	371	371	2.08e-267	724
NODE_58_length_184519_cov_32.9.g6660.t1	XP_659335.1	100	478	478	478	0.0	907
NODE_58_length_184519_cov_32.9.g6661.t1	XP_659336.1	94.7	566	550	552	0.0	1063
NODE_58_length_184519_cov_32.9.g6662.t1	XP_659337.1	100	572	572	572	0.0	1125
NODE_58_length_184519_cov_32.9.g6663.t1	XP_659338.1	95.9	368	368	354	8.57e-262	709
NODE_58_length_184519_cov_32.9.g6664.t1	XP_050468723.1	100	496	517	496	0.0	1003
NODE_58_length_184519_cov_32.9.g6665.t1	XP_050468724.1	100	309	309	355	7.15e-232	630
NODE_58_length_184519_cov_32.9.g6666.t1	XP_659340.1	100	609	609	609	0.0	1219
NODE_58_length_184519_cov_32.9.g6667.t1	XP_659341.1	100	505	513	505	0.0	1022
NODE_58_length_184519_cov_32.9.g6668.t1	XP_659342.1	100	343	343	343	2.01e-244	663
NODE_58_length_184519_cov_32.9.g6669.t1	XP_659345.1	87.3	268	325	289	6.32e-166	462
NODE_58_length_184519_cov_32.9.g6670.t1	XP_659346.1	99.8	894	904	940	0.0	1840
NODE_58_length_184519_cov_32.9.g6671.t1	XP_659347.1	100	270	270	314	5.66e-202	551
NODE_58_length_184519_cov_32.9.g6672.t1	XP_659348.1	100	482	482	482	0.0	901
NODE_58_length_184519_cov_32.9.g6673.t1	XP_659349.1	100	285	285	285	1.08e-212	578
NODE_58_length_184519_cov_32.9.g6674.t1	XP_659350.1	99.4	1817	1848	1820	0.0	3101
NODE_58_length_184519_cov_32.9.g6675.t1	XP_659351.1	100	262	270	271	7.41e-190	519
NODE_58_length_184519_cov_32.9.g6676.t1	XP_050468726.1	98.8	607	600	607	0.0	1194
NODE_58_length_184519_cov_32.9.g6678.t1	XP_659354.1	100	770	770	770	0.0	1398
NODE_58_length_184519_cov_32.9.g6679.t1	XP_659355.2	100	420	420	420	2.25e-305	824
NODE_58_length_184519_cov_32.9.g6680.t1	XP_659356.1	100	1045	1045	1045	0.0	2011
NODE_58_length_184519_cov_32.9.g6681.t1	XP_659357.1	100	233	233	233	2.57e-160	441
NODE_58_length_184519_cov_32.9.g6682.t1	XP_659358.1	100	159	159	159	6.56e-104	293
NODE_58_length_184519_cov_32.9.g6683.t1	XP_659360.1	100	111	111	111	4.61e-81	231
NODE_58_length_184519_cov_32.9.g6684.t1	XP_659361.1	100	255	255	255	8.39e-186	508
NODE_58_length_184519_cov_32.9.g6685.t1	XP_659362.1	100	526	565	534	0.0	949
NODE_58_length_184519_cov_32.9.g6686.t1	XP_659363.1	100	205	281	299	6.46e-107	311
NODE_58_length_184519_cov_32.9.g6687.t1	XP_050468728.1	93.4	181	171	181	7.51e-118	329
NODE_58_length_184519_cov_32.9.g6688.t1	XP_659366.1	100	164	164	164	2.67e-119	332
NODE_58_length_184519_cov_32.9.g6689.t1	XP_659367.1	100	257	257	257	1.69e-186	509
NODE_58_length_184519_cov_32.9.g6690.t1	XP_659368.1	100	307	307	307	2.08e-145	410
NODE_58_length_184519_cov_32.9.g6691.t1	XP_659369.1	99.0	208	209	219	4.93e-59	183
NODE_58_length_184519_cov_32.9.g6692.t1	XP_659370.1	100	541	541	636	0.0	1028
NODE_58_length_184519_cov_32.9.g6693.t1	XP_659371.1	100	627	635	652	0.0	1188
NODE_58_length_184519_cov_32.9.g6695.t1	XP_659372.1	100	395	398	616	5.30e-265	729
NODE_58_length_184519_cov_32.9.g6696.t1	XP_659373.2	100	352	352	418	1.72e-245	669
NODE_58_length_184519_cov_32.9.g6697.t1	XP_659374.1	100	251	251	251	5.91e-184	503
NODE_58_length_184519_cov_32.9.g6698.t1	XP_659375.1	88.8	313	365	506	1.27e-175	496
NODE_58_length_184519_cov_32.9.g6699.t1	XP_659376.1	99.8	525	938	527	0.0	1077
NODE_58_length_184519_cov_32.9.g6700.t1	XP_659378.1	100	176	176	176	3.44e-130	360
NODE_58_length_184519_cov_32.9.g6701.t1	XP_050468729.1	98.8	86	95	92	7.06e-59	174
NODE_58_length_184519_cov_32.9.g6702.t1	XP_659379.1	100	582	582	582	0.0	1161
NODE_58_length_184519_cov_32.9.g6703.t1	XP_659380.1	100	241	279	303	5.51e-149	417
NODE_58_length_184519_cov_32.9.g6704.t1	XP_659381.1	100	889	889	889	0.0	1491
NODE_58_length_184519_cov_32.9.g6705.t1	XP_659382.1	94.9	352	352	349	2.66e-230	628
NODE_58_length_184519_cov_32.9.g6706.t1	XP_050468730.1	93.2	632	595	647	0.0	1117
NODE_58_length_184519_cov_32.9.g6707.t1	XP_659384.1	97.8	462	472	506	0.0	911
NODE_58_length_184519_cov_32.9.g6708.t1	XP_659385.1	100	266	266	266	4.18e-196	535
NODE_58_length_184519_cov_32.9.g6709.t1	XP_659386.1	100	320	320	320	9.45e-236	639
NODE_58_length_184519_cov_32.9.g6712.t1	XP_659388.1	98.3	2498	2498	2510	0.0	4798
NODE_58_length_184519_cov_32.9.g6713.t1	XP_659389.1	100	351	351	351	4.43e-252	683
NODE_58_length_184519_cov_32.9.g6714.t1	XP_659390.1	93.8	341	372	475	8.52e-235	645
NODE_58_length_184519_cov_32.9.g6715.t1	XP_659391.2	99.8	479	479	479	0.0	957
NODE_58_length_184519_cov_32.9.g6716.t1	XP_659393.1	100	509	933	533	0.0	1030
NODE_59_length_183419_cov_34.0.g6717.t1	XP_682593.1	100	563	563	563	0.0	1119
NODE_59_length_183419_cov_34.0.g6718.t1	XP_682592.1	97.4	1060	1039	1060	0.0	2075
NODE_59_length_183419_cov_34.0.g6719.t1	XP_682591.1	100	316	316	316	2.13e-230	625
NODE_59_length_183419_cov_34.0.g6720.t1	XP_682589.1	100	1054	1054	1054	0.0	2114
NODE_59_length_183419_cov_34.0.g6721.t1	XP_682587.1	97.2	598	620	718	0.0	1161
NODE_59_length_183419_cov_34.0.g6724.t1	XP_682585.1	96.4	670	663	670	0.0	1233
NODE_59_length_183419_cov_34.0.g6725.t1	XP_682584.1	100	413	413	413	7.52e-305	822
NODE_59_length_183419_cov_34.0.g6726.t1	XP_682583.1	97.6	919	919	928	0.0	1774
NODE_59_length_183419_cov_34.0.g6727.t1	XP_682582.2	99.4	519	516	519	0.0	1017
NODE_59_length_183419_cov_34.0.g6728.t1	XP_682580.1	99.6	250	270	258	2.18e-188	515
NODE_59_length_183419_cov_34.0.g6729.t1	XP_682579.1	100	102	158	188	7.73e-53	164
NODE_59_length_183419_cov_34.0.g6730.t1	XP_682578.1	100	404	502	408	5.11e-302	818
NODE_59_length_183419_cov_34.0.g6732.t1	XP_682574.1	100	493	598	493	0.0	1011
NODE_59_length_183419_cov_34.0.g6733.t1	XP_682573.1	100	219	219	219	4.87e-158	434
NODE_59_length_183419_cov_34.0.g6734.t1	XP_682572.1	98.9	267	270	320	9.19e-198	541
NODE_59_length_183419_cov_34.0.g6735.t1	XP_682571.1	95.3	660	748	683	0.0	1257
NODE_59_length_183419_cov_34.0.g6737.t1	XP_682569.1	100	614	614	614	0.0	1241
NODE_59_length_183419_cov_34.0.g6738.t1	XP_682568.1	91.2	260	260	237	9.75e-173	474
NODE_59_length_183419_cov_34.0.g6739.t1	XP_682567.1	100	270	357	270	2.79e-182	504
NODE_59_length_183419_cov_34.0.g6740.t1	XP_682566.1	98.6	589	581	589	0.0	1161
NODE_59_length_183419_cov_34.0.g6741.t1	XP_682565.1	87.8	523	511	506	0.0	875
NODE_59_length_183419_cov_34.0.g6742.t1	XP_682564.1	100	512	512	512	0.0	1013
NODE_59_length_183419_cov_34.0.g6743.t1	XP_682563.1	78.0	450	397	449	1.15e-230	635
NODE_59_length_183419_cov_34.0.g6744.t1	XP_682562.1	100	564	564	564	0.0	1093
NODE_59_length_183419_cov_34.0.g6745.t1	XP_682561.1	100	391	391	391	1.13e-272	739
NODE_59_length_183419_cov_34.0.g6746.t1	XP_682560.1	84.7	1475	1380	1429	0.0	2365
NODE_59_length_183419_cov_34.0.g6747.t1	XP_682558.1	100	524	524	524	0.0	1052
NODE_59_length_183419_cov_34.0.g6748.t1	XP_682557.1	100	382	382	382	1.34e-280	758
NODE_59_length_183419_cov_34.0.g6749.t1	XP_682556.1	100	425	425	425	0.0	865
NODE_59_length_183419_cov_34.0.g6750.t1	XP_682555.1	100	847	847	847	0.0	1727
NODE_59_length_183419_cov_34.0.g6751.t1	XP_050468958.1	100	71	71	71	5.59e-39	122
NODE_59_length_183419_cov_34.0.g6752.t1	XP_682553.1	100	254	254	254	8.34e-181	495
NODE_59_length_183419_cov_34.0.g6754.t1	XP_682551.1	100	642	642	642	0.0	1315
NODE_59_length_183419_cov_34.0.g6755.t1	XP_682550.1	100	183	183	183	1.50e-141	390
NODE_59_length_183419_cov_34.0.g6756.t1	XP_682549.1	99.8	548	559	617	0.0	1090
NODE_59_length_183419_cov_34.0.g6757.t1	XP_682548.1	100	289	289	289	1.10e-198	543
NODE_59_length_183419_cov_34.0.g6759.t1	XP_682545.1	91.4	394	392	381	9.39e-272	736
NODE_59_length_183419_cov_34.0.g6760.t1	XP_682544.1	100	259	259	259	8.81e-199	541
NODE_59_length_183419_cov_34.0.g6761.t1	XP_682543.1	100	238	238	238	1.92e-187	510
NODE_59_length_183419_cov_34.0.g6762.t1	XP_682542.1	80.9	173	173	141	3.18e-97	276
NODE_59_length_183419_cov_34.0.g6763.t1	XP_682541.1	100	635	635	635	0.0	1157
NODE_59_length_183419_cov_34.0.g6764.t1	XP_050468954.1	96.2	395	577	440	7.13e-269	739
NODE_59_length_183419_cov_34.0.g6765.t1	XP_682539.2	100	318	318	318	1.40e-236	641
NODE_59_length_183419_cov_34.0.g6766.t1	XP_050468953.1	100	446	446	512	0.0	885
NODE_59_length_183419_cov_34.0.g6767.t1	XP_050468952.1	100	265	463	273	2.85e-186	518
NODE_59_length_183419_cov_34.0.g6768.t1	XP_050468950.1	100	147	204	280	5.24e-103	297
NODE_59_length_183419_cov_34.0.g6769.t1	XP_682536.1	100	283	371	371	6.37e-39	141
NODE_59_length_183419_cov_34.0.g6770.t1	XP_682535.1	100	236	378	236	1.35e-163	456
NODE_59_length_183419_cov_34.0.g6771.t1	XP_682534.1	100	466	467	514	0.0	943
NODE_59_length_183419_cov_34.0.g6772.t1	XP_682533.1	100	202	202	202	4.05e-144	398
NODE_60_length_180830_cov_33.3.g6774.t1	XP_050467815.1	100	572	572	572	0.0	1074
NODE_60_length_180830_cov_33.3.g6775.t1	XP_681967.2	100	169	169	169	5.10e-115	322
NODE_60_length_180830_cov_33.3.g6776.t1	XP_681966.1	100	617	617	617	0.0	1254
NODE_60_length_180830_cov_33.3.g6784.t1	XP_680728.1	38.6	461	489	490	9.82e-86	271
NODE_60_length_180830_cov_33.3.g6789.t1	XP_050467902.1	29.3	450	801	654	3.67e-50	186
NODE_60_length_180830_cov_33.3.g6794.t1	XP_659619.1	32.9	356	521	503	1.41e-58	201
NODE_60_length_180830_cov_33.3.g6799.t1	XP_663716.1	40.9	900	1501	1348	1.79e-194	611
NODE_60_length_180830_cov_33.3.g6805.t1	XP_681685.1	34.3	516	544	527	4.60e-97	303
NODE_60_length_180830_cov_33.3.g6806.t1	XP_681937.1	100	375	375	375	1.11e-248	677
NODE_60_length_180830_cov_33.3.g6807.t1	XP_681936.1	100	876	876	876	0.0	1643
NODE_60_length_180830_cov_33.3.g6808.t1	XP_681935.1	100	389	389	389	3.33e-289	780
NODE_60_length_180830_cov_33.3.g6809.t1	XP_050467817.1	100	252	252	252	2.07e-189	516
NODE_60_length_180830_cov_33.3.g6810.t1	XP_681932.1	100	477	488	730	3.75e-281	778
NODE_60_length_180830_cov_33.3.g6811.t1	XP_681931.1	100	402	402	402	6.87e-300	808
NODE_60_length_180830_cov_33.3.g6812.t1	XP_681930.1	100	435	435	435	1.43e-311	841
NODE_60_length_180830_cov_33.3.g6813.t1	XP_681929.1	99.7	647	650	798	0.0	1282
NODE_60_length_180830_cov_33.3.g6814.t1	XP_681928.1	92.8	291	405	284	6.21e-183	508
NODE_60_length_180830_cov_33.3.g6815.t1	XP_681927.1	94.4	463	438	463	4.55e-318	858
NODE_60_length_180830_cov_33.3.g6816.t1	XP_681926.1	100	459	459	615	0.0	941
NODE_60_length_180830_cov_33.3.g6817.t1	XP_681925.1	100	431	431	431	0.0	889
NODE_60_length_180830_cov_33.3.g6818.t1	XP_681924.2	93.8	725	681	726	0.0	1356
NODE_60_length_180830_cov_33.3.g6819.t1	XP_681923.1	97.0	868	868	948	0.0	1677
NODE_60_length_180830_cov_33.3.g6820.t1	XP_681922.1	97.9	657	644	657	0.0	1286
NODE_60_length_180830_cov_33.3.g6821.t1	XP_681921.1	100	191	195	344	3.71e-127	360
NODE_60_length_180830_cov_33.3.g6822.t1	XP_681920.2	99.0	209	207	209	5.07e-150	413
NODE_60_length_180830_cov_33.3.g6823.t1	XP_050467818.1	100	348	348	348	3.01e-253	686
NODE_60_length_180830_cov_33.3.g6824.t1	XP_681919.1	100	448	448	496	0.0	903
NODE_60_length_180830_cov_33.3.g6825.t1	XP_681918.1	100	220	220	225	8.67e-165	452
NODE_61_length_177088_cov_35.9.g6826.t1	XP_658189.1	100	556	556	556	0.0	1030
NODE_61_length_177088_cov_35.9.g6827.t1	XP_658188.1	100	117	117	117	9.08e-84	238
NODE_61_length_177088_cov_35.9.g6829.t1	XP_658187.1	100	936	936	936	0.0	1766
NODE_61_length_177088_cov_35.9.g6830.t1	XP_658186.1	100	278	278	278	1.70e-201	549
NODE_61_length_177088_cov_35.9.g6831.t1	XP_658185.1	94.4	641	624	622	0.0	1129
NODE_61_length_177088_cov_35.9.g6832.t1	XP_658184.1	100	178	178	178	6.38e-127	352
NODE_61_length_177088_cov_35.9.g6833.t1	XP_658183.1	100	268	268	268	2.63e-200	545
NODE_61_length_177088_cov_35.9.g6834.t1	XP_658182.1	98.3	303	310	311	3.00e-225	612
NODE_61_length_177088_cov_35.9.g6835.t1	XP_658181.1	82.8	565	584	642	0.0	882
NODE_61_length_177088_cov_35.9.g6836.t1	XP_658180.1	100	1599	1599	1599	0.0	3060
NODE_61_length_177088_cov_35.9.g6837.t1	XP_658179.1	100	902	902	902	0.0	1744
NODE_61_length_177088_cov_35.9.g6838.t1	XP_658178.1	98.8	253	314	287	3.80e-173	479
NODE_61_length_177088_cov_35.9.g6839.t1	XP_658177.1	100	1076	1076	1076	0.0	1904
NODE_61_length_177088_cov_35.9.g6840.t1	XP_658176.1	100	688	688	688	0.0	1332
NODE_61_length_177088_cov_35.9.g6841.t1	XP_658175.1	100	236	249	263	4.06e-166	458
NODE_61_length_177088_cov_35.9.g6842.t1	XP_658174.1	100	134	134	134	2.98e-88	251
NODE_61_length_177088_cov_35.9.g6843.t1	XP_658173.1	100	871	871	871	0.0	1682
NODE_61_length_177088_cov_35.9.g6845.t1	XP_658172.1	100	581	581	581	0.0	1164
NODE_61_length_177088_cov_35.9.g6846.t1	XP_658171.1	100	687	687	687	0.0	1439
NODE_61_length_177088_cov_35.9.g6847.t1	XP_658170.1	100	1096	1096	1096	0.0	2078
NODE_61_length_177088_cov_35.9.g6848.t1	XP_658169.1	99.2	2275	2256	2275	0.0	4408
NODE_61_length_177088_cov_35.9.g6849.t1	XP_658168.1	98.9	468	463	468	0.0	934
NODE_61_length_177088_cov_35.9.g6850.t1	XP_658167.1	100	384	384	384	4.80e-275	744
NODE_61_length_177088_cov_35.9.g6851.t1	XP_658166.1	100	533	533	533	0.0	1064
NODE_61_length_177088_cov_35.9.g6852.t1	XP_658165.1	100	756	756	756	0.0	1514
NODE_61_length_177088_cov_35.9.g6853.t1	XP_658164.1	95.8	687	690	666	0.0	1257
NODE_61_length_177088_cov_35.9.g6854.t1	XP_658163.1	100	169	169	169	2.17e-116	325
NODE_61_length_177088_cov_35.9.g6855.t1	XP_050469191.1	97.7	484	484	473	0.0	898
NODE_61_length_177088_cov_35.9.g6856.t1	XP_658161.1	99.9	1114	1114	1114	0.0	2161
NODE_61_length_177088_cov_35.9.g6857.t1	XP_658160.1	95.1	795	801	818	0.0	1280
NODE_61_length_177088_cov_35.9.g6858.t1	XP_050469192.1	93.2	514	925	587	0.0	949
NODE_61_length_177088_cov_35.9.g6859.t1	XP_658158.1	100	497	497	497	0.0	993
NODE_61_length_177088_cov_35.9.g6860.t1	XP_658157.1	90.6	299	305	288	4.34e-193	530
NODE_61_length_177088_cov_35.9.g6861.t1	XP_658155.1	98.5	543	553	584	0.0	1087
NODE_61_length_177088_cov_35.9.g6862.t1	XP_658154.1	99.4	1389	1389	1380	0.0	2761
NODE_61_length_177088_cov_35.9.g6863.t1	XP_658153.1	96.4	1155	1160	1246	0.0	2301
NODE_61_length_177088_cov_35.9.g6864.t1	XP_658152.1	100	152	157	153	2.64e-117	326
NODE_61_length_177088_cov_35.9.g6865.t1	XP_050469194.1	99.5	203	217	372	1.47e-141	399
NODE_61_length_177088_cov_35.9.g6866.t1	XP_050469195.1	97.7	132	172	159	6.31e-94	268
NODE_61_length_177088_cov_35.9.g6867.t1	XP_658147.1	100	500	514	545	0.0	957
NODE_61_length_177088_cov_35.9.g6868.t1	XP_658146.1	97.9	480	480	548	0.0	915
NODE_61_length_177088_cov_35.9.g6869.t1	XP_658145.1	98.4	1615	1666	1598	0.0	3297
NODE_61_length_177088_cov_35.9.g6870.t1	XP_658144.1	100	253	253	253	4.90e-193	526
NODE_62_length_173494_cov_31.3.g6872.t1	XP_050467897.1	99.8	544	584	557	0.0	1117
NODE_62_length_173494_cov_31.3.g6873.t1	XP_664739.1	100	527	527	527	0.0	1041
NODE_62_length_173494_cov_31.3.g6874.t1	XP_050467896.1	100	538	538	538	0.0	1075
NODE_62_length_173494_cov_31.3.g6875.t1	XP_050467895.1	99.9	1041	1043	1058	0.0	2043
NODE_62_length_173494_cov_31.3.g6876.t1	XP_664741.1	82.8	489	489	405	7.74e-286	777
NODE_62_length_173494_cov_31.3.g6877.t1	XP_664742.1	96.9	577	559	577	0.0	1040
NODE_62_length_173494_cov_31.3.g6878.t1	XP_050467894.1	100	499	499	499	0.0	939
NODE_62_length_173494_cov_31.3.g6879.t1	XP_664744.1	100	414	414	414	2.33e-304	821
NODE_62_length_173494_cov_31.3.g6880.t1	XP_050467893.1	100	466	466	466	0.0	926
NODE_62_length_173494_cov_31.3.g6881.t1	XP_664746.1	100	429	429	429	0.0	880
NODE_62_length_173494_cov_31.3.g6882.t1	XP_664747.1	100	447	447	447	5.43e-274	747
NODE_62_length_173494_cov_31.3.g6883.t1	XP_664748.1	100	115	115	115	3.33e-76	219
NODE_62_length_173494_cov_31.3.g6884.t1	XP_050467892.1	100	377	377	377	1.05e-279	755
NODE_62_length_173494_cov_31.3.g6885.t1	XP_664751.1	100	448	825	474	0.0	893
NODE_62_length_173494_cov_31.3.g6886.t1	XP_664752.1	100	162	162	162	7.55e-100	283
NODE_62_length_173494_cov_31.3.g6887.t1	XP_664753.2	100	438	438	438	0.0	882
NODE_62_length_173494_cov_31.3.g6888.t1	XP_664754.1	100	532	532	532	0.0	1070
NODE_62_length_173494_cov_31.3.g6889.t1	XP_664755.1	100	874	878	905	0.0	1800
NODE_62_length_173494_cov_31.3.g6890.t1	XP_664756.1	97.1	653	653	640	0.0	1270
NODE_62_length_173494_cov_31.3.g6891.t1	XP_664757.1	100	485	541	576	0.0	960
NODE_62_length_173494_cov_31.3.g6892.t1	XP_664758.1	80.1	286	316	267	5.01e-153	428
NODE_62_length_173494_cov_31.3.g6893.t1	XP_664759.1	100	180	187	180	1.17e-86	251
NODE_62_length_173494_cov_31.3.g6894.t1	XP_664760.1	100	427	427	427	0.0	865
NODE_62_length_173494_cov_31.3.g6895.t1	XP_664761.1	100	203	203	203	8.36e-133	369
NODE_62_length_173494_cov_31.3.g6896.t1	XP_050467891.1	93.1	392	451	366	3.94e-248	678
NODE_62_length_173494_cov_31.3.g6897.t1	XP_664763.1	100	604	604	658	0.0	1217
NODE_62_length_173494_cov_31.3.g6898.t1	XP_664765.1	100	377	377	377	4.07e-252	686
NODE_62_length_173494_cov_31.3.g6899.t1	XP_664766.1	88.3	273	273	241	2.22e-171	471
NODE_62_length_173494_cov_31.3.g6900.t1	XP_664767.1	93.7	687	667	739	0.0	1247
NODE_62_length_173494_cov_31.3.g6901.t1	XP_664768.1	91.0	445	445	534	6.43e-296	806
NODE_62_length_173494_cov_31.3.g6902.t1	XP_050467889.1	100	715	715	715	0.0	1420
NODE_62_length_173494_cov_31.3.g6903.t1	XP_664770.1	100	201	201	201	1.60e-66	201
NODE_62_length_173494_cov_31.3.g6904.t1	XP_664771.1	100	521	521	521	0.0	990
NODE_62_length_173494_cov_31.3.g6905.t1	XP_664772.2	100	544	957	544	0.0	1070
NODE_62_length_173494_cov_31.3.g6906.t1	XP_664773.1	100	410	410	410	3.59e-306	825
NODE_62_length_173494_cov_31.3.g6907.t1	XP_664774.2	100	277	277	277	9.45e-178	489
NODE_62_length_173494_cov_31.3.g6908.t1	XP_664775.1	100	99	183	128	2.67e-68	202
NODE_62_length_173494_cov_31.3.g6909.t1	XP_050467887.1	95.8	989	1018	960	0.0	1815
NODE_62_length_173494_cov_31.3.g6910.t1	XP_664777.1	100	742	742	742	0.0	1151
NODE_62_length_173494_cov_31.3.g6911.t1	XP_664778.1	100	305	305	305	2.41e-235	637
NODE_62_length_173494_cov_31.3.g6912.t1	XP_664779.2	100	266	266	313	1.62e-202	553
NODE_62_length_173494_cov_31.3.g6914.t1	XP_664781.1	100	231	231	231	3.18e-114	325
NODE_62_length_173494_cov_31.3.g6915.t1	XP_664782.1	100	311	311	311	5.52e-244	659
NODE_62_length_173494_cov_31.3.g6916.t1	XP_664783.1	88.9	243	328	217	1.53e-152	425
NODE_62_length_173494_cov_31.3.g6917.t1	XP_664784.1	100	221	221	221	3.29e-157	432
NODE_62_length_173494_cov_31.3.g6918.t1	XP_664785.1	100	452	452	452	0.0	920
NODE_62_length_173494_cov_31.3.g6919.t1	XP_664786.1	100	449	449	449	0.0	896
NODE_62_length_173494_cov_31.3.g6920.t1	XP_664787.1	96.8	186	180	186	4.90e-122	340
NODE_62_length_173494_cov_31.3.g6921.t1	XP_664788.1	99.7	342	348	345	2.04e-232	633
NODE_62_length_173494_cov_31.3.g6923.t1	XP_664789.1	97.4	581	566	581	0.0	1065
NODE_62_length_173494_cov_31.3.g6924.t1	XP_664790.1	100	271	271	271	3.99e-192	525
NODE_62_length_173494_cov_31.3.g6925.t1	XP_664791.1	100	264	352	264	6.52e-199	545
NODE_62_length_173494_cov_31.3.g6926.t1	XP_050467885.1	100	753	812	753	0.0	1544
NODE_62_length_173494_cov_31.3.g6927.t1	XP_664793.1	96.4	721	721	697	0.0	1352
NODE_62_length_173494_cov_31.3.g6928.t1	XP_664794.2	96.9	581	564	581	0.0	1131
NODE_62_length_173494_cov_31.3.g6929.t1	XP_664795.1	96.7	454	453	454	6.73e-234	646
NODE_62_length_173494_cov_31.3.g6930.t1	XP_664796.1	100	341	341	341	1.45e-261	706
NODE_62_length_173494_cov_31.3.g6931.t1	XP_664797.1	100	334	334	334	7.30e-247	669
NODE_62_length_173494_cov_31.3.g6932.t1	XP_664798.2	100	336	336	336	9.16e-242	656
NODE_63_length_167968_cov_36.1.g6933.t1	XP_658577.1	100	432	432	432	1.04e-307	831
NODE_63_length_167968_cov_36.1.g6934.t1	XP_658575.2	88.4	112	112	124	2.45e-33	111
NODE_63_length_167968_cov_36.1.g6935.t1	XP_658574.1	99.5	403	623	475	2.67e-289	794
NODE_63_length_167968_cov_36.1.g6936.t1	XP_658573.1	100	164	164	238	1.02e-117	331
NODE_63_length_167968_cov_36.1.g6938.t1	XP_658570.1	97.6	254	376	256	1.00e-174	485
NODE_63_length_167968_cov_36.1.g6939.t1	XP_658568.1	100	251	251	251	7.73e-180	492
NODE_63_length_167968_cov_36.1.g6940.t1	XP_658567.2	95.2	413	441	436	1.63e-296	803
NODE_63_length_167968_cov_36.1.g6941.t1	XP_658565.2	100	355	355	355	1.76e-260	705
NODE_63_length_167968_cov_36.1.g6942.t1	XP_658564.2	97.6	339	331	339	5.69e-224	611
NODE_63_length_167968_cov_36.1.g6944.t1	XP_658561.1	91.2	465	457	503	3.73e-258	709
NODE_63_length_167968_cov_36.1.g6945.t1	XP_658560.1	100	563	563	563	0.0	1063
NODE_63_length_167968_cov_36.1.g6946.t1	XP_050469097.1	100	475	586	487	0.0	960
NODE_63_length_167968_cov_36.1.g6947.t1	XP_658558.2	100	249	249	249	2.13e-176	483
NODE_63_length_167968_cov_36.1.g6948.t1	XP_658557.2	100	317	317	363	1.98e-233	635
NODE_63_length_167968_cov_36.1.g6949.t1	XP_050469098.1	88.8	518	467	518	0.0	892
NODE_63_length_167968_cov_36.1.g6950.t1	XP_658555.1	100	1083	1083	1728	0.0	1984
NODE_63_length_167968_cov_36.1.g6952.t1	XP_658554.1	100	134	134	134	4.81e-69	202
NODE_63_length_167968_cov_36.1.g6953.t1	XP_658553.1	100	347	347	347	2.75e-278	749
NODE_63_length_167968_cov_36.1.g6954.t1	XP_658552.1	100	744	744	744	0.0	1404
NODE_63_length_167968_cov_36.1.g6955.t1	XP_658551.1	100	447	449	694	0.0	891
NODE_63_length_167968_cov_36.1.g6957.t1	XP_050469100.1	98.4	671	671	671	0.0	1315
NODE_63_length_167968_cov_36.1.g6958.t1	XP_658550.1	100	705	774	774	0.0	1268
NODE_63_length_167968_cov_36.1.g6959.t1	XP_658549.2	100	244	244	244	1.74e-168	463
NODE_63_length_167968_cov_36.1.g6960.t1	XP_050469101.1	99.1	326	561	354	3.12e-223	619
NODE_63_length_167968_cov_36.1.g6961.t1	XP_658548.1	100	742	742	742	0.0	1272
NODE_63_length_167968_cov_36.1.g6962.t1	XP_658547.1	100	196	196	196	2.92e-109	309
NODE_63_length_167968_cov_36.1.g6963.t1	XP_658546.1	100	386	386	386	2.95e-286	773
NODE_63_length_167968_cov_36.1.g6964.t1	XP_658545.1	97.2	863	863	839	0.0	1707
NODE_63_length_167968_cov_36.1.g6965.t1	XP_658544.1	100	101	101	101	8.03e-75	214
NODE_63_length_167968_cov_36.1.g6966.t1	XP_658543.1	91.6	347	347	318	4.03e-239	649
NODE_63_length_167968_cov_36.1.g6967.t1	XP_658542.1	95.5	514	514	491	0.0	978
NODE_63_length_167968_cov_36.1.g6968.t1	XP_050469103.1	100	683	711	746	0.0	1370
NODE_63_length_167968_cov_36.1.g6969.t1	XP_658540.1	100	523	523	523	0.0	1051
NODE_63_length_167968_cov_36.1.g6970.t1	XP_658538.1	100	437	437	483	1.26e-299	813
NODE_63_length_167968_cov_36.1.g6971.t1	XP_658537.2	100	404	404	405	9.58e-221	608
NODE_63_length_167968_cov_36.1.g6972.t1	XP_658536.2	100	472	472	557	0.0	953
NODE_63_length_167968_cov_36.1.g6973.t1	XP_658535.1	100	651	651	651	0.0	1273
NODE_63_length_167968_cov_36.1.g6974.t1	XP_658534.2	100	558	558	584	0.0	1090
NODE_63_length_167968_cov_36.1.g6975.t1	XP_658533.2	99.9	721	728	730	0.0	1382
NODE_63_length_167968_cov_36.1.g6976.t1	XP_658532.1	100	574	574	574	0.0	1156
NODE_63_length_167968_cov_36.1.g6977.t1	XP_658531.1	100	316	316	337	3.83e-229	623
NODE_63_length_167968_cov_36.1.g6978.t1	XP_050469105.1	99.9	939	939	939	0.0	1759
NODE_63_length_167968_cov_36.1.g6979.t1	XP_658529.1	97.8	958	937	958	0.0	1766
NODE_63_length_167968_cov_36.1.g6980.t1	XP_658528.1	100	441	441	441	3.55e-315	850
NODE_63_length_167968_cov_36.1.g6981.t1	XP_658527.1	100	829	829	829	0.0	1538
NODE_63_length_167968_cov_36.1.g6982.t1	XP_658526.1	100	516	608	516	0.0	915
NODE_63_length_167968_cov_36.1.g6983.t1	XP_658525.1	100	271	271	271	4.65e-191	522
NODE_63_length_167968_cov_36.1.g6984.t1	XP_658524.1	100	536	548	536	0.0	1051
NODE_63_length_167968_cov_36.1.g6985.t1	XP_658523.1	100	458	458	458	0.0	891
NODE_63_length_167968_cov_36.1.g6986.t1	XP_050469106.1	100	369	369	369	1.63e-288	777
NODE_63_length_167968_cov_36.1.g6987.t1	XP_658521.1	97.9	564	564	552	0.0	927
NODE_63_length_167968_cov_36.1.g6988.t1	XP_658520.1	95.7	534	534	512	0.0	980
NODE_64_length_163199_cov_35.8.g6989.t1	XP_661026.1	100	539	539	539	0.0	993
NODE_64_length_163199_cov_35.8.g6990.t1	XP_050468383.1	100	1417	1417	1417	0.0	2675
NODE_64_length_163199_cov_35.8.g6991.t1	XP_050468382.1	100	827	934	843	0.0	1563
NODE_64_length_163199_cov_35.8.g6992.t1	XP_661029.1	100	479	479	479	0.0	869
NODE_64_length_163199_cov_35.8.g6993.t1	XP_050468381.1	97.9	390	382	390	1.17e-260	708
NODE_64_length_163199_cov_35.8.g6994.t1	XP_661030.2	100	350	350	359	2.35e-235	641
NODE_64_length_163199_cov_35.8.g6995.t1	XP_661031.1	100	357	357	357	2.40e-259	702
NODE_64_length_163199_cov_35.8.g6996.t1	XP_050468380.1	100	660	660	660	0.0	1303
NODE_64_length_163199_cov_35.8.g6997.t1	XP_661032.2	100	800	800	800	0.0	1621
NODE_64_length_163199_cov_35.8.g6998.t1	XP_661033.1	100	230	230	230	6.63e-166	455
NODE_64_length_163199_cov_35.8.g6999.t1	XP_661034.1	100	376	376	376	8.83e-267	723
NODE_64_length_163199_cov_35.8.g7000.t1	XP_050468379.1	100	319	319	319	6.61e-231	627
NODE_64_length_163199_cov_35.8.g7001.t1	XP_661036.1	100	333	333	333	2.67e-253	685
NODE_64_length_163199_cov_35.8.g7002.t1	XP_661037.1	100	311	311	311	2.05e-230	625
NODE_64_length_163199_cov_35.8.g7003.t1	XP_661038.1	100	185	286	197	3.58e-131	369
NODE_64_length_163199_cov_35.8.g7004.t1	XP_050468378.1	99.9	837	836	837	0.0	1619
NODE_64_length_163199_cov_35.8.g7005.t1	XP_661041.1	100	1051	1574	1051	0.0	1467
NODE_64_length_163199_cov_35.8.g7006.t1	XP_050468377.1	98.9	1492	1492	1475	0.0	2788
NODE_64_length_163199_cov_35.8.g7007.t1	XP_050468376.1	100	286	286	286	2.64e-209	570
NODE_64_length_163199_cov_35.8.g7008.t1	XP_050468374.1	95.4	480	775	463	0.0	896
NODE_64_length_163199_cov_35.8.g7009.t1	XP_050468373.1	100	908	908	908	0.0	1810
NODE_64_length_163199_cov_35.8.g7010.t1	XP_661046.1	100	514	514	514	0.0	921
NODE_64_length_163199_cov_35.8.g7011.t1	XP_050468371.1	99.0	1821	2213	1821	0.0	3543
NODE_64_length_163199_cov_35.8.g7012.t1	XP_661048.2	96.0	857	1010	841	0.0	1564
NODE_64_length_163199_cov_35.8.g7013.t1	XP_661049.1	98.1	691	883	723	0.0	1256
NODE_64_length_163199_cov_35.8.g7014.t1	XP_661051.1	100	549	549	549	0.0	1031
NODE_64_length_163199_cov_35.8.g7015.t1	XP_661052.1	100	884	884	884	0.0	1555
NODE_64_length_163199_cov_35.8.g7016.t1	XP_661053.2	100	323	323	323	1.30e-239	649
NODE_64_length_163199_cov_35.8.g7017.t1	XP_050468369.1	99.8	492	492	492	0.0	936
NODE_64_length_163199_cov_35.8.g7018.t1	XP_050468368.1	96.5	1214	1239	1189	0.0	2223
NODE_64_length_163199_cov_35.8.g7019.t1	XP_661056.1	92.6	418	388	418	4.17e-283	766
NODE_64_length_163199_cov_35.8.g7020.t1	XP_661057.2	90.1	416	375	416	1.73e-262	713
NODE_64_length_163199_cov_35.8.g7021.t1	XP_661058.2	100	1257	1257	1257	0.0	2516
NODE_64_length_163199_cov_35.8.g7022.t1	XP_661059.1	100	1107	1107	1107	0.0	2167
NODE_64_length_163199_cov_35.8.g7023.t1	XP_661060.2	100	594	594	669	0.0	1188
NODE_64_length_163199_cov_35.8.g7024.t1	XP_661061.1	100	365	365	365	2.13e-257	698
NODE_64_length_163199_cov_35.8.g7025.t1	XP_661063.2	100	477	477	535	0.0	974
NODE_64_length_163199_cov_35.8.g7026.t1	XP_050468367.1	97.3	1131	1124	1146	0.0	1920
NODE_64_length_163199_cov_35.8.g7027.t1	XP_050468366.1	98.4	505	505	498	0.0	983
NODE_64_length_163199_cov_35.8.g7028.t1	XP_661065.1	73.7	285	229	313	8.82e-135	380
NODE_64_length_163199_cov_35.8.g7029.t1	XP_050468365.1	100	385	394	418	3.67e-274	744
NODE_64_length_163199_cov_35.8.g7030.t1	XP_661067.1	100	519	519	519	0.0	1007
NODE_64_length_163199_cov_35.8.g7031.t1	XP_661068.1	100	179	179	242	2.64e-134	374
NODE_64_length_163199_cov_35.8.g7032.t1	XP_050468363.1	100	465	465	465	2.09e-294	800
NODE_64_length_163199_cov_35.8.g7034.t1	XP_661072.1	100	132	132	132	2.56e-88	251
NODE_64_length_163199_cov_35.8.g7035.t1	XP_661073.1	100	140	140	140	3.38e-81	234
NODE_64_length_163199_cov_35.8.g7036.t1	XP_050468361.1	83.4	429	386	402	1.12e-262	714
NODE_65_length_160452_cov_34.0.g7037.t1	XP_661684.2	100	378	378	378	5.34e-269	728
NODE_65_length_160452_cov_34.0.g7038.t1	XP_050467369.1	88.9	216	192	216	3.92e-138	383
NODE_65_length_160452_cov_34.0.g7039.t1	XP_661686.1	94.6	735	716	715	0.0	1371
NODE_65_length_160452_cov_34.0.g7040.t1	XP_661687.1	88.2	490	476	447	6.17e-306	829
NODE_65_length_160452_cov_34.0.g7041.t1	XP_661688.1	100	585	585	585	0.0	1197
NODE_65_length_160452_cov_34.0.g7042.t1	XP_050467368.1	99.4	616	612	616	9.17e-275	763
NODE_65_length_160452_cov_34.0.g7043.t1	XP_050467367.1	100	600	600	600	0.0	1197
NODE_65_length_160452_cov_34.0.g7044.t1	XP_661691.1	98.5	266	266	264	4.04e-173	476
NODE_65_length_160452_cov_34.0.g7046.t1	XP_868915.1	100	140	140	140	5.25e-94	266
NODE_65_length_160452_cov_34.0.g7048.t1	XP_050467365.1	100	350	350	350	4.99e-253	686
NODE_65_length_160452_cov_34.0.g7049.t1	XP_661693.1	100	681	681	681	0.0	1234
NODE_65_length_160452_cov_34.0.g7050.t1	XP_661694.1	98.8	82	84	111	1.83e-55	165
NODE_65_length_160452_cov_34.0.g7051.t1	XP_661695.1	93.4	730	730	804	0.0	1277
NODE_65_length_160452_cov_34.0.g7052.t1	XP_661696.1	100	519	519	519	0.0	1052
NODE_65_length_160452_cov_34.0.g7053.t1	XP_661697.1	100	597	597	597	0.0	1207
NODE_65_length_160452_cov_34.0.g7054.t1	XP_661698.1	100	496	496	496	0.0	1016
NODE_65_length_160452_cov_34.0.g7055.t1	XP_661699.1	100	315	315	315	2.83e-239	648
NODE_65_length_160452_cov_34.0.g7056.t1	XP_661700.1	100	963	963	988	0.0	1941
NODE_65_length_160452_cov_34.0.g7057.t1	XP_661701.1	100	364	495	364	2.65e-266	726
NODE_65_length_160452_cov_34.0.g7058.t1	XP_661702.1	100	432	432	432	2.13e-316	853
NODE_65_length_160452_cov_34.0.g7059.t1	XP_661703.1	100	527	527	787	0.0	1082
NODE_65_length_160452_cov_34.0.g7061.t1	XP_661704.1	100	152	242	209	3.15e-93	271
NODE_65_length_160452_cov_34.0.g7062.t1	XP_661705.1	83.9	373	373	313	1.55e-205	565
NODE_65_length_160452_cov_34.0.g7063.t1	XP_050467364.1	98.7	842	851	854	0.0	1689
NODE_65_length_160452_cov_34.0.g7064.t1	XP_661707.1	98.2	562	552	562	0.0	1101
NODE_65_length_160452_cov_34.0.g7065.t1	XP_050467363.1	100	277	296	296	8.71e-204	556
NODE_65_length_160452_cov_34.0.g7066.t1	XP_050467362.1	100	374	387	430	1.65e-278	755
NODE_65_length_160452_cov_34.0.g7067.t1	XP_661709.1	100	453	493	453	0.0	933
NODE_65_length_160452_cov_34.0.g7068.t1	XP_050467361.1	95.7	562	538	562	0.0	1050
NODE_65_length_160452_cov_34.0.g7069.t1	XP_661711.1	97.1	584	577	575	0.0	1135
NODE_65_length_160452_cov_34.0.g7070.t1	XP_661712.1	100	363	363	363	7.86e-268	724
NODE_65_length_160452_cov_34.0.g7071.t1	XP_050467360.1	89.8	502	481	505	0.0	877
NODE_65_length_160452_cov_34.0.g7072.t1	XP_661714.1	100	492	492	492	0.0	998
NODE_65_length_160452_cov_34.0.g7073.t1	XP_661715.1	98.2	388	388	381	1.53e-285	771
NODE_65_length_160452_cov_34.0.g7074.t1	XP_661716.1	100	593	593	593	0.0	1093
NODE_65_length_160452_cov_34.0.g7075.t1	XP_661717.1	99.4	1212	1212	1205	0.0	2351
NODE_65_length_160452_cov_34.0.g7076.t1	XP_661718.1	87.3	606	632	682	0.0	1017
NODE_65_length_160452_cov_34.0.g7077.t1	XP_661719.1	98.6	425	419	425	2.01e-318	857
NODE_65_length_160452_cov_34.0.g7078.t1	XP_661720.1	83.4	445	445	371	7.70e-264	718
NODE_65_length_160452_cov_34.0.g7079.t1	XP_661721.1	100	521	521	521	0.0	1030
NODE_65_length_160452_cov_34.0.g7080.t1	XP_661722.1	100	559	559	559	0.0	1095
NODE_65_length_160452_cov_34.0.g7081.t1	XP_661723.1	100	494	494	494	0.0	984
NODE_65_length_160452_cov_34.0.g7082.t1	XP_661724.2	100	380	380	380	1.23e-275	745
NODE_65_length_160452_cov_34.0.g7083.t1	XP_661725.1	100	278	490	531	5.44e-156	452
NODE_65_length_160452_cov_34.0.g7084.t1	XP_661726.1	100	418	418	418	7.10e-317	853
NODE_65_length_160452_cov_34.0.g7085.t1	XP_661727.1	100	468	468	468	0.0	956
NODE_65_length_160452_cov_34.0.g7086.t1	XP_661728.1	100	435	524	442	4.61e-303	823
NODE_65_length_160452_cov_34.0.g7087.t1	XP_661729.1	100	135	135	135	7.88e-98	275
NODE_65_length_160452_cov_34.0.g7088.t1	XP_661730.1	100	497	510	504	0.0	979
NODE_65_length_160452_cov_34.0.g7089.t1	XP_050467356.1	100	231	231	231	3.55e-166	456
NODE_65_length_160452_cov_34.0.g7090.t1	XP_050467355.1	100	148	148	181	1.68e-108	305
NODE_65_length_160452_cov_34.0.g7091.t1	XP_050467354.1	99.5	658	656	658	0.0	1321
NODE_65_length_160452_cov_34.0.g7092.t1	XP_661733.1	100	599	599	599	0.0	1204
NODE_66_length_159406_cov_30.8.g7093.t1	XP_662886.1	98.5	455	455	450	3.81e-309	836
NODE_66_length_159406_cov_30.8.g7094.t1	XP_662887.1	100	420	420	420	2.25e-305	824
NODE_66_length_159406_cov_30.8.g7095.t1	XP_662888.1	94.7	490	490	470	0.0	923
NODE_66_length_159406_cov_30.8.g7096.t1	XP_662889.1	79.6	851	833	1149	0.0	1222
NODE_66_length_159406_cov_30.8.g7099.t1	XP_662891.1	100	268	268	326	2.22e-199	545
NODE_66_length_159406_cov_30.8.g7100.t1	XP_662892.1	98.2	114	205	115	3.79e-80	233
NODE_66_length_159406_cov_30.8.g7101.t1	XP_662893.1	92.3	388	359	388	2.00e-266	721
NODE_66_length_159406_cov_30.8.g7102.t1	XP_662894.1	92.5	174	174	161	1.10e-104	295
NODE_66_length_159406_cov_30.8.g7103.t1	XP_662895.1	100	499	500	499	0.0	1005
NODE_66_length_159406_cov_30.8.g7104.t1	XP_662896.1	100	458	458	458	0.0	938
NODE_66_length_159406_cov_30.8.g7105.t1	XP_662897.2	95.9	541	541	519	0.0	1010
NODE_66_length_159406_cov_30.8.g7107.t1	XP_050468293.1	100	328	328	328	5.97e-243	658
NODE_66_length_159406_cov_30.8.g7108.t1	XP_050468292.1	96.0	571	601	596	0.0	1074
NODE_66_length_159406_cov_30.8.g7109.t1	XP_050468291.1	100	348	569	480	8.38e-257	710
NODE_66_length_159406_cov_30.8.g7110.t1	XP_662899.1	100	277	277	277	1.58e-201	549
NODE_66_length_159406_cov_30.8.g7111.t1	XP_662900.1	100	682	682	682	0.0	1338
NODE_66_length_159406_cov_30.8.g7113.t1	XP_662902.1	74.3	237	237	188	1.05e-106	304
NODE_66_length_159406_cov_30.8.g7114.t1	XP_050468290.1	100	782	782	782	0.0	1579
NODE_66_length_159406_cov_30.8.g7116.t1	XP_662904.1	99.9	775	778	798	0.0	1561
NODE_66_length_159406_cov_30.8.g7117.t1	XP_050468288.1	100	660	864	687	0.0	1313
NODE_66_length_159406_cov_30.8.g7118.t1	XP_662906.1	100	684	740	687	0.0	1309
NODE_66_length_159406_cov_30.8.g7119.t1	XP_662907.1	91.7	617	617	595	0.0	1034
NODE_66_length_159406_cov_30.8.g7120.t1	XP_662908.1	100	546	546	546	0.0	1096
NODE_66_length_159406_cov_30.8.g7121.t1	XP_662909.1	100	609	609	629	0.0	1263
NODE_66_length_159406_cov_30.8.g7123.t1	XP_662910.1	99.8	881	917	1429	0.0	1814
NODE_66_length_159406_cov_30.8.g7124.t1	XP_662911.2	99.0	576	1084	593	0.0	1148
NODE_66_length_159406_cov_30.8.g7126.t1	XP_662913.1	100	213	213	213	1.35e-152	420
NODE_66_length_159406_cov_30.8.g7127.t1	XP_662914.1	96.2	472	472	454	0.0	898
NODE_66_length_159406_cov_30.8.g7128.t1	XP_662915.1	100	383	383	383	1.27e-299	806
NODE_66_length_159406_cov_30.8.g7129.t1	XP_662916.1	98.5	407	402	407	1.77e-285	772
NODE_66_length_159406_cov_30.8.g7130.t1	XP_662918.1	94.1	529	499	529	0.0	981
NODE_66_length_159406_cov_30.8.g7131.t1	XP_662919.1	100	839	839	839	0.0	1661
NODE_66_length_159406_cov_30.8.g7132.t1	XP_662920.1	100	187	187	194	1.85e-150	413
NODE_66_length_159406_cov_30.8.g7133.t1	XP_662921.1	91.2	307	307	280	1.36e-190	523
NODE_66_length_159406_cov_30.8.g7134.t1	XP_662922.1	100	1270	1270	1270	0.0	2494
NODE_66_length_159406_cov_30.8.g7136.t1	XP_662925.1	100	562	562	562	0.0	1162
NODE_66_length_159406_cov_30.8.g7137.t1	XP_662926.1	100	103	103	103	1.37e-76	219
NODE_66_length_159406_cov_30.8.g7138.t1	XP_662927.1	100	662	662	662	0.0	1355
NODE_66_length_159406_cov_30.8.g7139.t1	XP_050468285.1	100	472	480	516	1.75e-171	491
NODE_66_length_159406_cov_30.8.g7140.t1	XP_662929.1	92.2	206	190	206	2.23e-132	368
NODE_66_length_159406_cov_30.8.g7141.t1	XP_662931.1	100	739	739	739	0.0	1429
NODE_66_length_159406_cov_30.8.g7142.t1	XP_662932.1	99.5	396	394	396	1.44e-277	751
NODE_66_length_159406_cov_30.8.g7143.t1	XP_662933.1	100	490	490	490	0.0	981
NODE_66_length_159406_cov_30.8.g7144.t1	XP_662934.1	100	186	186	186	1.82e-139	385
NODE_66_length_159406_cov_30.8.g7146.t1	XP_050468284.1	100	325	325	325	5.75e-244	660
NODE_66_length_159406_cov_30.8.g7147.t1	XP_662936.1	100	156	156	203	2.58e-110	310
NODE_66_length_159406_cov_30.8.g7148.t1	XP_662937.1	100	421	421	421	2.18e-308	832
NODE_67_length_151148_cov_33.6.g7149.t1	XP_661779.1	99.2	973	966	973	0.0	1885
NODE_67_length_151148_cov_33.6.g7150.t1	XP_661780.1	99.8	561	669	568	0.0	1093
NODE_67_length_151148_cov_33.6.g7151.t1	XP_661781.1	100	424	424	424	0.0	891
NODE_67_length_151148_cov_33.6.g7152.t1	XP_661782.1	100	359	359	359	1.65e-267	723
NODE_67_length_151148_cov_33.6.g7153.t1	XP_050467347.1	100	545	545	545	0.0	1091
NODE_67_length_151148_cov_33.6.g7154.t1	XP_050467346.1	100	435	435	435	1.21e-303	821
NODE_67_length_151148_cov_33.6.g7155.t1	XP_661784.1	100	561	561	561	0.0	1085
NODE_67_length_151148_cov_33.6.g7156.t1	XP_661785.1	100	508	508	508	0.0	1019
NODE_67_length_151148_cov_33.6.g7157.t1	XP_661786.1	100	323	323	323	6.99e-244	660
NODE_67_length_151148_cov_33.6.g7158.t1	XP_661787.2	99.9	828	1296	834	0.0	1662
NODE_67_length_151148_cov_33.6.g7159.t1	XP_050467344.1	100	349	349	349	1.80e-250	679
NODE_67_length_151148_cov_33.6.g7160.t1	XP_661788.2	100	418	418	418	0.0	879
NODE_67_length_151148_cov_33.6.g7161.t1	XP_050467343.1	96.6	596	607	639	0.0	1146
NODE_67_length_151148_cov_33.6.g7162.t1	XP_661790.1	98.5	271	271	267	5.47e-189	517
NODE_67_length_151148_cov_33.6.g7163.t1	XP_661791.1	100	1904	1904	1904	0.0	3662
NODE_67_length_151148_cov_33.6.g7164.t1	XP_050467342.1	100	92	92	92	4.91e-65	189
NODE_67_length_151148_cov_33.6.g7165.t1	XP_661792.1	100	945	945	945	0.0	1822
NODE_67_length_151148_cov_33.6.g7166.t1	XP_661793.1	99.6	495	499	502	0.0	977
NODE_67_length_151148_cov_33.6.g7167.t1	XP_661794.1	100	178	178	178	2.97e-107	303
NODE_67_length_151148_cov_33.6.g7168.t1	XP_661795.1	59.9	237	235	182	7.58e-79	233
NODE_67_length_151148_cov_33.6.g7169.t1	XP_661796.1	100	634	634	634	0.0	1084
NODE_67_length_151148_cov_33.6.g7170.t1	XP_661797.1	99.7	683	729	697	3.95e-312	865
NODE_67_length_151148_cov_33.6.g7171.t1	XP_050467341.1	100	996	996	996	0.0	1847
NODE_67_length_151148_cov_33.6.g7172.t1	XP_050467340.1	99.2	123	171	139	6.78e-82	237
NODE_67_length_151148_cov_33.6.g7173.t1	XP_050467339.1	99.5	598	595	598	0.0	1187
NODE_67_length_151148_cov_33.6.g7174.t1	XP_661800.1	96.9	579	579	561	0.0	1142
NODE_67_length_151148_cov_33.6.g7175.t1	XP_661801.1	99.4	635	631	668	0.0	1273
NODE_67_length_151148_cov_33.6.g7176.t1	XP_661802.1	100	428	431	428	0.0	878
NODE_67_length_151148_cov_33.6.g7177.t1	XP_661803.1	100	366	366	366	2.68e-256	695
NODE_67_length_151148_cov_33.6.g7178.t1	XP_050467337.1	100	953	953	953	0.0	1916
NODE_67_length_151148_cov_33.6.g7179.t1	XP_050467336.1	100	585	585	585	2.67e-264	734
NODE_67_length_151148_cov_33.6.g7180.t1	XP_050467335.1	98.3	592	582	592	0.0	1174
NODE_67_length_151148_cov_33.6.g7181.t1	XP_661806.1	100	202	202	202	3.88e-142	393
NODE_67_length_151148_cov_33.6.g7182.t1	XP_050467334.1	100	580	615	580	0.0	1165
NODE_67_length_151148_cov_33.6.g7183.t1	XP_661807.1	96.5	343	332	343	6.83e-240	651
NODE_67_length_151148_cov_33.6.g7184.t1	XP_050467333.1	100	385	385	385	6.05e-299	805
NODE_67_length_151148_cov_33.6.g7185.t1	XP_661810.1	100	516	516	516	0.0	947
NODE_67_length_151148_cov_33.6.g7186.t1	XP_661811.1	99.5	770	801	839	0.0	1363
NODE_67_length_151148_cov_33.6.g7187.t1	XP_050467332.1	100	530	530	530	0.0	1056
NODE_67_length_151148_cov_33.6.g7188.t1	XP_050467331.1	100	434	434	434	9.25e-319	859
NODE_67_length_151148_cov_33.6.g7189.t1	XP_661814.1	100	1490	1490	1490	0.0	2733
NODE_67_length_151148_cov_33.6.g7190.t1	XP_661815.1	100	678	681	1124	0.0	1308
NODE_67_length_151148_cov_33.6.g7192.t1	XP_661816.1	100	607	608	607	0.0	1210
NODE_67_length_151148_cov_33.6.g7193.t1	XP_661817.1	98.2	330	330	326	1.32e-246	667
NODE_67_length_151148_cov_33.6.g7194.t1	XP_050467330.1	100	524	524	524	0.0	923
NODE_67_length_151148_cov_33.6.g7195.t1	XP_661819.1	100	102	102	102	9.38e-70	202
NODE_67_length_151148_cov_33.6.g7196.t1	XP_661820.1	100	437	437	437	4.12e-312	842
NODE_67_length_151148_cov_33.6.g7197.t1	XP_661821.2	100	360	360	360	9.88e-265	716
NODE_68_length_147358_cov_37.0.g7198.t1	XP_682464.1	100	356	356	356	2.01e-246	669
NODE_68_length_147358_cov_37.0.g7199.t1	XP_682465.1	100	402	403	402	7.73e-279	755
NODE_68_length_147358_cov_37.0.g7200.t1	XP_682466.1	100	436	436	436	2.92e-284	772
NODE_68_length_147358_cov_37.0.g7201.t1	XP_682467.1	100	470	477	503	0.0	933
NODE_68_length_147358_cov_37.0.g7202.t1	XP_682468.1	100	493	493	493	0.0	961
NODE_68_length_147358_cov_37.0.g7203.t1	XP_682469.1	100	3141	3141	3141	0.0	6237
NODE_68_length_147358_cov_37.0.g7204.t1	XP_682471.1	100	164	184	170	1.56e-120	336
NODE_68_length_147358_cov_37.0.g7205.t1	XP_682472.1	100	593	593	593	0.0	1173
NODE_68_length_147358_cov_37.0.g7206.t1	XP_682473.1	100	197	197	197	1.27e-149	411
NODE_68_length_147358_cov_37.0.g7207.t1	XP_682474.1	100	260	260	260	1.22e-176	485
NODE_68_length_147358_cov_37.0.g7208.t1	XP_682475.1	100	292	292	292	6.04e-218	592
NODE_68_length_147358_cov_37.0.g7209.t1	XP_682476.1	100	310	310	310	5.75e-216	588
NODE_68_length_147358_cov_37.0.g7210.t1	XP_682477.1	100	295	295	295	7.09e-223	605
NODE_68_length_147358_cov_37.0.g7211.t1	XP_682478.1	100	264	264	264	2.10e-179	492
NODE_68_length_147358_cov_37.0.g7212.t1	XP_682479.2	100	517	517	517	0.0	1056
NODE_68_length_147358_cov_37.0.g7213.t1	XP_682480.1	100	224	237	297	1.35e-162	450
NODE_68_length_147358_cov_37.0.g7214.t1	XP_682481.1	100	100	100	100	2.24e-67	196
NODE_68_length_147358_cov_37.0.g7215.t1	XP_682482.1	99.6	847	900	847	0.0	1755
NODE_68_length_147358_cov_37.0.g7216.t1	XP_682483.2	100	571	571	571	0.0	1148
NODE_68_length_147358_cov_37.0.g7218.t1	XP_682485.1	100	567	567	567	0.0	1123
NODE_68_length_147358_cov_37.0.g7219.t1	XP_682486.2	100	2423	2423	2458	0.0	4764
NODE_68_length_147358_cov_37.0.g7220.t1	XP_050468313.1	100	449	757	452	0.0	905
NODE_68_length_147358_cov_37.0.g7221.t1	XP_682487.1	100	553	553	553	0.0	1141
NODE_68_length_147358_cov_37.0.g7222.t1	XP_682488.1	100	553	553	553	0.0	1056
NODE_68_length_147358_cov_37.0.g7223.t1	XP_682489.1	100	380	384	428	1.02e-289	783
NODE_68_length_147358_cov_37.0.g7226.t1	XP_682491.2	100	546	806	546	0.0	1122
NODE_68_length_147358_cov_37.0.g7228.t1	XP_682492.1	100	289	426	289	8.12e-211	580
NODE_68_length_147358_cov_37.0.g7229.t1	XP_682493.1	100	443	443	443	0.0	871
NODE_68_length_147358_cov_37.0.g7230.t1	XP_682494.1	99.8	433	506	478	5.25e-320	868
NODE_68_length_147358_cov_37.0.g7231.t1	XP_682495.1	97.9	2615	2778	2559	0.0	5026
NODE_68_length_147358_cov_37.0.g7232.t1	XP_682496.1	100	308	308	416	1.90e-223	612
NODE_68_length_147358_cov_37.0.g7233.t1	XP_050468311.1	100	668	668	732	0.0	1411
NODE_68_length_147358_cov_37.0.g7234.t1	XP_050468310.1	97.1	376	365	376	4.72e-275	743
NODE_68_length_147358_cov_37.0.g7236.t1	XP_682499.1	95.7	494	756	566	0.0	916
NODE_68_length_147358_cov_37.0.g7237.t1	XP_682500.1	100	575	575	575	0.0	1172
NODE_68_length_147358_cov_37.0.g7238.t1	XP_682501.1	100	271	271	271	4.65e-191	522
NODE_68_length_147358_cov_37.0.g7239.t1	XP_682502.1	100	365	365	387	5.47e-279	753
NODE_68_length_147358_cov_37.0.g7240.t1	XP_682503.1	100	347	347	347	1.52e-266	719
NODE_68_length_147358_cov_37.0.g7241.t1	XP_682504.1	61.9	197	268	138	2.55e-65	199
NODE_68_length_147358_cov_37.0.g7242.t1	XP_682505.1	100	565	565	565	0.0	1143
NODE_69_length_146832_cov_34.7.g7243.t1	XP_050467315.1	100	356	356	356	6.27e-250	678
NODE_69_length_146832_cov_34.7.g7244.t1	XP_661871.1	100	938	938	938	0.0	1723
NODE_69_length_146832_cov_34.7.g7245.t1	XP_661870.1	100	992	992	1019	0.0	1887
NODE_69_length_146832_cov_34.7.g7246.t1	XP_661869.1	98.9	886	876	886	0.0	1647
NODE_69_length_146832_cov_34.7.g7247.t1	XP_661868.1	100	463	463	494	0.0	887
NODE_69_length_146832_cov_34.7.g7248.t1	XP_661867.1	100	667	667	667	0.0	1052
NODE_69_length_146832_cov_34.7.g7249.t1	XP_050467316.1	100	930	930	930	0.0	1847
NODE_69_length_146832_cov_34.7.g7250.t1	XP_661866.2	100	343	343	343	1.01e-253	687
NODE_69_length_146832_cov_34.7.g7251.t1	XP_661865.1	100	211	211	211	2.72e-151	417
NODE_69_length_146832_cov_34.7.g7252.t1	XP_661864.1	75.9	195	170	195	5.11e-96	275
NODE_69_length_146832_cov_34.7.g7253.t1	XP_661863.1	100	459	459	459	1.35e-303	823
NODE_69_length_146832_cov_34.7.g7254.t1	XP_661862.1	100	215	215	215	1.29e-151	418
NODE_69_length_146832_cov_34.7.g7255.t1	XP_661861.1	100	632	632	632	0.0	1245
NODE_69_length_146832_cov_34.7.g7256.t1	XP_661859.1	100	549	549	549	0.0	1075
NODE_69_length_146832_cov_34.7.g7257.t1	XP_661858.1	100	162	245	162	4.09e-107	305
NODE_69_length_146832_cov_34.7.g7258.t1	XP_661857.1	100	263	263	263	1.68e-164	454
NODE_69_length_146832_cov_34.7.g7259.t1	XP_661856.1	100	189	189	189	4.41e-82	240
NODE_69_length_146832_cov_34.7.g7260.t1	XP_050467318.1	100	332	332	332	1.92e-241	655
NODE_69_length_146832_cov_34.7.g7261.t1	XP_050467319.1	98.7	303	299	303	8.50e-218	592
NODE_69_length_146832_cov_34.7.g7262.t1	XP_050467320.1	90.7	1050	1039	1062	0.0	1671
NODE_69_length_146832_cov_34.7.g7263.t1	XP_661853.1	100	248	259	311	3.04e-175	483
NODE_69_length_146832_cov_34.7.g7264.t1	XP_661852.1	84.6	266	266	225	1.43e-150	418
NODE_69_length_146832_cov_34.7.g7265.t1	XP_661851.1	100	634	634	634	0.0	1259
NODE_69_length_146832_cov_34.7.g7266.t1	XP_661850.1	100	668	668	668	7.53e-311	858
NODE_69_length_146832_cov_34.7.g7267.t1	XP_661849.1	95.4	758	758	723	0.0	1436
NODE_69_length_146832_cov_34.7.g7268.t1	XP_661848.1	100	215	215	215	8.02e-146	403
NODE_69_length_146832_cov_34.7.g7269.t1	XP_661847.1	100	376	487	428	1.65e-276	754
NODE_69_length_146832_cov_34.7.g7270.t1	XP_661845.1	100	416	572	416	1.52e-293	800
NODE_69_length_146832_cov_34.7.g7272.t1	XP_661844.1	98.5	196	222	242	2.53e-125	353
NODE_69_length_146832_cov_34.7.g7273.t1	XP_661843.1	100	595	595	595	0.0	1174
NODE_69_length_146832_cov_34.7.g7274.t1	XP_661842.1	100	898	915	919	0.0	1764
NODE_69_length_146832_cov_34.7.g7275.t1	XP_661841.1	94.1	776	730	776	0.0	1377
NODE_69_length_146832_cov_34.7.g7277.t1	XP_050467325.1	100	548	548	548	0.0	1061
NODE_69_length_146832_cov_34.7.g7278.t1	XP_661837.1	100	465	465	465	0.0	880
NODE_69_length_146832_cov_34.7.g7279.t1	XP_661836.1	100	442	442	442	2.10e-280	763
NODE_69_length_146832_cov_34.7.g7280.t1	XP_661835.1	100	234	234	234	6.09e-164	451
NODE_69_length_146832_cov_34.7.g7281.t1	XP_661834.1	98.9	451	451	446	0.0	899
NODE_69_length_146832_cov_34.7.g7282.t1	XP_661833.1	100	679	740	681	0.0	1126
NODE_69_length_146832_cov_34.7.g7283.t1	XP_661832.1	100	495	495	495	0.0	988
NODE_69_length_146832_cov_34.7.g7284.t1	XP_050467326.1	100	376	376	376	2.64e-268	726
NODE_69_length_146832_cov_34.7.g7285.t1	XP_661830.2	100	446	450	447	5.24e-298	808
NODE_69_length_146832_cov_34.7.g7287.t1	XP_661828.1	100	390	390	390	1.71e-287	776
NODE_69_length_146832_cov_34.7.g7288.t1	XP_661827.1	100.0	2397	2397	2418	0.0	3294
NODE_69_length_146832_cov_34.7.g7289.t1	XP_661826.1	100	135	135	135	8.52e-93	263
NODE_69_length_146832_cov_34.7.g7290.t1	XP_050467328.1	100	179	179	187	1.15e-120	337
NODE_69_length_146832_cov_34.7.g7291.t1	XP_050467329.1	100	339	339	339	1.97e-233	635
NODE_69_length_146832_cov_34.7.g7292.t1	XP_661824.1	99.4	168	171	245	1.27e-119	336
NODE_69_length_146832_cov_34.7.g7293.t1	XP_661823.1	100	106	146	108	8.32e-79	227
NODE_69_length_146832_cov_34.7.g7294.t1	XP_661822.2	98.3	468	460	468	0.0	909
NODE_70_length_146490_cov_35.7.g7295.t1	XP_050468620.1	100	514	514	605	0.0	1030
NODE_70_length_146490_cov_35.7.g7297.t1	XP_050468619.1	100	439	716	550	8.28e-293	810
NODE_70_length_146490_cov_35.7.g7298.t1	XP_682143.1	100	794	794	794	0.0	1486
NODE_70_length_146490_cov_35.7.g7299.t1	XP_682145.2	99.6	756	1444	766	0.0	1500
NODE_70_length_146490_cov_35.7.g7300.t1	XP_682147.1	100	353	353	353	3.40e-257	696
NODE_70_length_146490_cov_35.7.g7301.t1	XP_682148.1	93.6	885	884	845	0.0	1555
NODE_70_length_146490_cov_35.7.g7302.t1	XP_050468617.1	100	1454	1454	1470	0.0	2999
NODE_70_length_146490_cov_35.7.g7303.t1	XP_050468616.1	100	138	138	138	1.99e-97	275
NODE_70_length_146490_cov_35.7.g7304.t1	XP_682150.1	100	326	326	326	7.80e-238	645
NODE_70_length_146490_cov_35.7.g7305.t1	XP_050468614.1	98.8	333	329	333	3.30e-221	603
NODE_70_length_146490_cov_35.7.g7306.t1	XP_050468613.1	100	196	196	196	3.98e-123	344
NODE_70_length_146490_cov_35.7.g7308.t1	XP_050468611.1	99.7	314	376	423	4.44e-244	667
NODE_70_length_146490_cov_35.7.g7309.t1	XP_682154.1	99.9	872	901	915	0.0	1706
NODE_70_length_146490_cov_35.7.g7310.t1	XP_682155.1	100	804	804	804	0.0	1615
NODE_70_length_146490_cov_35.7.g7312.t1	XP_682157.2	100	139	139	139	6.66e-101	283
NODE_70_length_146490_cov_35.7.g7313.t1	XP_682158.1	97.5	514	514	501	0.0	991
NODE_70_length_146490_cov_35.7.g7314.t1	XP_682159.2	100	385	393	401	4.77e-277	750
NODE_70_length_146490_cov_35.7.g7315.t1	XP_050468609.1	98.9	1438	2316	1448	0.0	2795
NODE_70_length_146490_cov_35.7.g7316.t1	XP_682162.1	100	183	183	183	2.90e-130	361
NODE_70_length_146490_cov_35.7.g7317.t1	XP_682163.1	94.9	712	712	871	0.0	1315
NODE_70_length_146490_cov_35.7.g7319.t1	XP_682164.2	99.1	549	544	549	0.0	1094
NODE_70_length_146490_cov_35.7.g7320.t1	XP_682165.1	100	337	337	337	4.20e-243	659
NODE_70_length_146490_cov_35.7.g7321.t1	XP_682166.1	100	371	371	371	1.09e-278	752
NODE_70_length_146490_cov_35.7.g7322.t1	XP_682167.1	100	486	486	486	0.0	1003
NODE_70_length_146490_cov_35.7.g7323.t1	XP_682168.1	100	322	351	336	6.99e-234	637
NODE_70_length_146490_cov_35.7.g7324.t1	XP_682169.1	100	543	543	543	0.0	1116
NODE_70_length_146490_cov_35.7.g7325.t1	XP_682170.1	96.6	525	525	507	0.0	979
NODE_70_length_146490_cov_35.7.g7326.t1	XP_682171.1	100	723	723	723	0.0	1461
NODE_70_length_146490_cov_35.7.g7327.t1	XP_682172.1	100	628	628	628	0.0	1251
NODE_70_length_146490_cov_35.7.g7329.t1	XP_050468605.1	100	468	468	468	0.0	955
NODE_70_length_146490_cov_35.7.g7330.t1	XP_682175.1	87.7	236	245	239	1.28e-144	402
NODE_70_length_146490_cov_35.7.g7331.t1	XP_050468604.1	96.5	288	498	291	6.02e-213	588
NODE_70_length_146490_cov_35.7.g7333.t1	XP_682179.1	99.7	2449	2442	2449	0.0	4846
NODE_70_length_146490_cov_35.7.g7334.t1	XP_682180.1	99.6	489	489	489	0.0	949
NODE_70_length_146490_cov_35.7.g7335.t1	XP_682181.1	100	528	528	528	0.0	1026
NODE_70_length_146490_cov_35.7.g7336.t1	XP_682182.1	100	197	197	197	4.52e-69	207
NODE_70_length_146490_cov_35.7.g7338.t1	XP_682184.1	100	605	607	606	0.0	1210
NODE_71_length_143824_cov_32.9.g7339.t1	XP_664409.1	100	549	549	549	0.0	1117
NODE_71_length_143824_cov_32.9.g7340.t1	XP_664410.1	100	282	282	353	6.66e-202	553
NODE_71_length_143824_cov_32.9.g7341.t1	XP_664411.1	98.4	497	497	982	0.0	976
NODE_71_length_143824_cov_32.9.g7345.t1	XP_664414.1	91.2	694	687	933	0.0	1224
NODE_71_length_143824_cov_32.9.g7348.t1	XP_664415.1	100	271	434	279	4.42e-203	560
NODE_71_length_143824_cov_32.9.g7349.t1	XP_664416.1	100	307	358	352	3.02e-220	603
NODE_71_length_143824_cov_32.9.g7350.t1	XP_664417.1	89.0	173	246	271	2.79e-102	296
NODE_71_length_143824_cov_32.9.g7352.t1	XP_050467176.1	100	480	593	487	0.0	984
NODE_71_length_143824_cov_32.9.g7353.t1	XP_664421.1	100	353	353	353	3.40e-257	696
NODE_71_length_143824_cov_32.9.g7354.t1	XP_664423.1	100	296	578	296	1.63e-217	603
NODE_71_length_143824_cov_32.9.g7355.t1	XP_664424.1	98.7	1227	1227	1212	0.0	2348
NODE_71_length_143824_cov_32.9.g7356.t1	XP_664425.2	100	348	348	348	7.78e-240	652
NODE_71_length_143824_cov_32.9.g7357.t1	XP_664426.1	71.2	340	345	351	1.67e-155	439
NODE_71_length_143824_cov_32.9.g7358.t1	XP_664427.2	99.5	364	364	452	7.89e-251	685
NODE_71_length_143824_cov_32.9.g7359.t1	XP_050467178.1	100	500	548	509	0.0	974
NODE_71_length_143824_cov_32.9.g7360.t1	XP_664429.1	94.1	256	256	241	1.13e-155	431
NODE_71_length_143824_cov_32.9.g7361.t1	XP_664430.1	94.7	415	410	439	1.36e-204	569
NODE_71_length_143824_cov_32.9.g7362.t1	XP_664431.1	100	122	122	122	6.03e-89	252
NODE_71_length_143824_cov_32.9.g7363.t1	XP_664432.1	100	1136	1201	1162	0.0	2112
NODE_71_length_143824_cov_32.9.g7364.t1	XP_664433.1	100	710	710	710	0.0	1423
NODE_71_length_143824_cov_32.9.g7365.t1	XP_664434.1	87.7	457	439	455	1.48e-287	781
NODE_71_length_143824_cov_32.9.g7366.t1	XP_664435.1	100	536	536	536	0.0	1091
NODE_71_length_143824_cov_32.9.g7367.t1	XP_664436.1	99.1	693	723	704	0.0	1357
NODE_71_length_143824_cov_32.9.g7368.t1	XP_664437.1	87.6	209	191	209	3.38e-128	357
NODE_71_length_143824_cov_32.9.g7369.t1	XP_664438.1	97.7	567	570	555	0.0	1077
NODE_71_length_143824_cov_32.9.g7370.t1	XP_664439.1	99.8	1084	1084	1083	0.0	2122
NODE_71_length_143824_cov_32.9.g7371.t1	XP_664440.1	100	244	244	244	3.04e-178	488
NODE_71_length_143824_cov_32.9.g7372.t1	XP_664441.1	100	401	401	501	1.25e-294	799
NODE_71_length_143824_cov_32.9.g7373.t1	XP_664442.1	100	449	449	449	0.0	899
NODE_71_length_143824_cov_32.9.g7374.t1	XP_664443.1	100	262	284	290	3.72e-189	519
NODE_71_length_143824_cov_32.9.g7376.t1	XP_050468320.1	38.7	199	271	349	9.93e-37	132
NODE_71_length_143824_cov_32.9.g7377.t1	XP_050467180.1	97.6	254	277	254	3.40e-186	509
NODE_71_length_143824_cov_32.9.g7378.t1	XP_664445.1	100	182	182	182	1.63e-140	387
NODE_71_length_143824_cov_32.9.g7379.t1	XP_664446.1	100	418	418	418	1.14e-297	804
NODE_71_length_143824_cov_32.9.g7380.t1	XP_664447.2	100	287	287	287	9.53e-208	566
NODE_71_length_143824_cov_32.9.g7381.t1	XP_664448.2	100	481	481	505	0.0	937
NODE_71_length_143824_cov_32.9.g7382.t1	XP_664450.1	100	679	1149	681	0.0	1287
NODE_71_length_143824_cov_32.9.g7383.t1	XP_050467181.1	100	616	616	616	0.0	1288
NODE_71_length_143824_cov_32.9.g7384.t1	XP_664452.1	99.5	566	566	563	0.0	1074
NODE_71_length_143824_cov_32.9.g7385.t1	XP_664453.2	100	302	302	322	1.31e-215	588
NODE_71_length_143824_cov_32.9.g7386.t1	XP_664454.1	85.7	748	748	662	0.0	1187
NODE_71_length_143824_cov_32.9.g7387.t1	XP_050467182.1	100	431	431	431	6.92e-285	773
NODE_71_length_143824_cov_32.9.g7388.t1	XP_050467183.1	100	172	300	172	1.39e-121	344
NODE_72_length_139925_cov_32.5.g7389.t1	XP_050467819.1	100	98	130	98	2.70e-71	207
NODE_72_length_139925_cov_32.5.g7390.t1	XP_681916.1	100	310	310	310	1.98e-232	630
NODE_72_length_139925_cov_32.5.g7391.t1	XP_681915.1	100	131	171	193	3.19e-92	265
NODE_72_length_139925_cov_32.5.g7392.t1	XP_681914.2	100	462	462	462	0.0	895
NODE_72_length_139925_cov_32.5.g7393.t1	XP_681913.1	100	360	360	367	1.19e-244	665
NODE_72_length_139925_cov_32.5.g7394.t1	XP_681912.1	100	359	359	359	1.56e-256	695
NODE_72_length_139925_cov_32.5.g7395.t1	XP_681911.1	100	408	408	408	3.73e-307	827
NODE_72_length_139925_cov_32.5.g7396.t1	XP_681910.1	100	131	131	131	2.89e-89	253
NODE_72_length_139925_cov_32.5.g7397.t1	XP_681909.1	100	91	91	91	4.96e-60	176
NODE_72_length_139925_cov_32.5.g7398.t1	XP_681908.1	100	455	471	474	0.0	910
NODE_72_length_139925_cov_32.5.g7399.t1	XP_681907.1	100	228	228	228	3.16e-163	448
NODE_72_length_139925_cov_32.5.g7400.t1	XP_681906.1	100	744	744	744	0.0	1518
NODE_72_length_139925_cov_32.5.g7401.t1	XP_682066.1	44.2	446	439	480	3.31e-117	350
NODE_72_length_139925_cov_32.5.g7402.t1	XP_050467820.1	94.7	665	656	665	0.0	1256
NODE_72_length_139925_cov_32.5.g7403.t1	XP_681904.1	100	317	317	317	9.57e-248	669
NODE_72_length_139925_cov_32.5.g7404.t1	XP_681903.2	100	227	227	227	4.15e-163	448
NODE_72_length_139925_cov_32.5.g7405.t1	XP_681902.1	100	406	406	406	1.87e-290	785
NODE_72_length_139925_cov_32.5.g7406.t1	XP_681901.1	95.5	998	995	993	0.0	1775
NODE_72_length_139925_cov_32.5.g7407.t1	XP_681900.1	88.3	128	128	114	7.21e-81	231
NODE_72_length_139925_cov_32.5.g7408.t1	XP_681899.1	100	137	137	137	8.15e-101	283
NODE_72_length_139925_cov_32.5.g7409.t1	XP_681898.1	100	576	576	576	0.0	1130
NODE_72_length_139925_cov_32.5.g7410.t1	XP_681897.1	100	329	329	329	7.02e-247	668
NODE_72_length_139925_cov_32.5.g7411.t1	XP_681896.1	100	449	449	449	0.0	941
NODE_72_length_139925_cov_32.5.g7413.t1	XP_681894.1	89.0	163	281	150	1.73e-105	301
NODE_72_length_139925_cov_32.5.g7414.t1	XP_681893.1	99.0	204	204	210	5.35e-108	307
NODE_72_length_139925_cov_32.5.g7415.t1	XP_681892.1	80.5	502	445	469	4.12e-283	771
NODE_72_length_139925_cov_32.5.g7416.t1	XP_681891.1	98.3	641	631	641	0.0	1273
NODE_72_length_139925_cov_32.5.g7417.t1	XP_681890.1	93.4	560	541	542	0.0	1031
NODE_72_length_139925_cov_32.5.g7418.t1	XP_681889.1	93.7	478	472	543	0.0	892
NODE_72_length_139925_cov_32.5.g7419.t1	XP_681888.1	97.1	350	340	350	5.07e-248	672
NODE_72_length_139925_cov_32.5.g7420.t1	XP_681887.1	100	335	335	335	2.56e-252	682
NODE_72_length_139925_cov_32.5.g7421.t1	XP_050467165.1	49.8	261	387	291	2.91e-84	257
NODE_72_length_139925_cov_32.5.g7422.t1	XP_050467821.1	93.9	458	442	502	4.72e-317	858
NODE_72_length_139925_cov_32.5.g7423.t1	XP_681883.1	97.3	150	146	150	7.49e-100	281
NODE_72_length_139925_cov_32.5.g7424.t1	XP_050467822.1	93.0	603	941	624	0.0	1067
NODE_72_length_139925_cov_32.5.g7425.t1	XP_681881.1	100	324	324	324	2.87e-223	608
NODE_72_length_139925_cov_32.5.g7426.t1	XP_681880.1	79.9	343	274	343	3.25e-193	531
NODE_72_length_139925_cov_32.5.g7427.t1	XP_681879.1	100	456	527	456	0.0	881
NODE_72_length_139925_cov_32.5.g7428.t1	XP_681878.1	93.9	212	212	210	1.72e-99	286
NODE_72_length_139925_cov_32.5.g7429.t1	XP_681877.1	100	184	184	184	3.54e-136	376
NODE_72_length_139925_cov_32.5.g7430.t1	XP_681876.1	100	206	219	206	4.16e-131	366
NODE_72_length_139925_cov_32.5.g7431.t1	XP_681875.1	100	303	303	303	7.73e-231	625
NODE_72_length_139925_cov_32.5.g7432.t1	XP_681874.1	100	162	162	162	6.57e-119	331
NODE_72_length_139925_cov_32.5.g7433.t1	XP_681873.1	100	236	236	236	1.51e-174	478
NODE_72_length_139925_cov_32.5.g7434.t1	XP_050467825.1	100	322	327	417	2.18e-232	635
NODE_72_length_139925_cov_32.5.g7436.t1	XP_681871.1	100	437	437	437	0.0	908
NODE_72_length_139925_cov_32.5.g7437.t1	XP_681870.1	100	316	316	316	9.30e-225	611
NODE_72_length_139925_cov_32.5.g7438.t1	XP_050467826.1	100	713	713	713	0.0	1403
NODE_72_length_139925_cov_32.5.g7439.t1	XP_050467827.1	100	429	429	429	1.14e-314	848
NODE_72_length_139925_cov_32.5.g7440.t1	XP_681868.1	100	331	331	331	1.32e-252	683
NODE_73_length_133929_cov_33.3.g7441.t1	XP_657869.1	93.7	1646	1646	1596	0.0	3055
NODE_73_length_133929_cov_33.3.g7442.t1	XP_657870.1	100	475	475	475	5.28e-320	866
NODE_73_length_133929_cov_33.3.g7443.t1	XP_050469279.1	98.0	248	298	243	6.27e-162	449
NODE_73_length_133929_cov_33.3.g7444.t1	XP_657872.1	99.4	793	791	793	0.0	1526
NODE_73_length_133929_cov_33.3.g7445.t1	XP_657873.2	100	342	342	342	1.74e-217	595
NODE_73_length_133929_cov_33.3.g7446.t1	XP_657874.1	100	315	388	328	4.65e-226	618
NODE_73_length_133929_cov_33.3.g7447.t1	XP_657875.1	100	208	208	208	3.58e-125	350
NODE_73_length_133929_cov_33.3.g7448.t1	XP_657876.1	100	364	364	364	1.43e-275	744
NODE_73_length_133929_cov_33.3.g7449.t1	XP_050469277.1	100	378	391	492	1.09e-267	730
NODE_73_length_133929_cov_33.3.g7450.t1	XP_657878.1	99.7	305	334	380	9.63e-192	531
NODE_73_length_133929_cov_33.3.g7451.t1	XP_657879.1	100	284	284	284	1.27e-215	585
NODE_73_length_133929_cov_33.3.g7452.t1	XP_657880.1	100	762	762	762	0.0	1221
NODE_73_length_133929_cov_33.3.g7453.t1	XP_050469276.1	100	462	463	472	0.0	900
NODE_73_length_133929_cov_33.3.g7454.t1	XP_050469275.1	100	166	166	166	1.53e-110	310
NODE_73_length_133929_cov_33.3.g7455.t1	XP_657883.1	100	314	314	314	2.70e-232	630
NODE_73_length_133929_cov_33.3.g7456.t1	XP_050469273.1	100	661	661	661	0.0	1384
NODE_73_length_133929_cov_33.3.g7457.t1	XP_657885.1	100	453	453	453	0.0	867
NODE_73_length_133929_cov_33.3.g7458.t1	XP_657886.1	100	366	435	418	7.67e-273	742
NODE_73_length_133929_cov_33.3.g7459.t1	XP_657887.1	71.1	218	198	186	2.61e-73	218
NODE_73_length_133929_cov_33.3.g7460.t1	XP_050469270.1	100	265	265	265	4.51e-195	532
NODE_73_length_133929_cov_33.3.g7461.t1	XP_657890.1	100	457	457	457	8.90e-308	833
NODE_73_length_133929_cov_33.3.g7462.t1	XP_050469269.1	100	1088	1119	1089	0.0	2025
NODE_73_length_133929_cov_33.3.g7463.t1	XP_657892.1	99.5	604	610	606	0.0	1143
NODE_73_length_133929_cov_33.3.g7464.t1	XP_050469268.1	100	462	844	685	1.40e-314	876
NODE_73_length_133929_cov_33.3.g7465.t1	XP_050469267.1	100	90	90	90	6.31e-58	171
NODE_73_length_133929_cov_33.3.g7466.t1	XP_868830.1	100	1086	1086	1086	0.0	2127
NODE_73_length_133929_cov_33.3.g7467.t1	XP_868831.1	100	228	228	228	1.34e-164	452
NODE_73_length_133929_cov_33.3.g7468.t1	XP_868832.1	100	193	193	193	9.68e-81	237
NODE_73_length_133929_cov_33.3.g7469.t1	XP_050469266.1	99.9	971	1113	971	0.0	1914
NODE_73_length_133929_cov_33.3.g7470.t1	XP_657894.1	100	266	266	266	1.70e-195	533
NODE_73_length_133929_cov_33.3.g7471.t1	XP_657895.1	100	178	178	178	1.05e-116	327
NODE_73_length_133929_cov_33.3.g7472.t1	XP_050469265.1	99.3	606	715	606	0.0	954
NODE_73_length_133929_cov_33.3.g7473.t1	XP_050469264.1	100	407	407	407	3.20e-287	777
NODE_73_length_133929_cov_33.3.g7474.t1	XP_657898.1	100	522	522	522	0.0	1027
NODE_73_length_133929_cov_33.3.g7475.t1	XP_050469263.1	99.7	652	650	652	0.0	1292
NODE_73_length_133929_cov_33.3.g7476.t1	XP_657900.1	100	269	269	269	4.03e-175	482
NODE_73_length_133929_cov_33.3.g7477.t1	XP_657901.1	100	204	204	204	1.86e-150	414
NODE_73_length_133929_cov_33.3.g7478.t1	XP_657902.1	100	223	254	254	6.71e-132	371
NODE_73_length_133929_cov_33.3.g7479.t1	XP_050469262.1	100	287	287	366	8.32e-221	602
NODE_73_length_133929_cov_33.3.g7480.t1	XP_657904.1	100	378	378	378	3.03e-259	704
NODE_73_length_133929_cov_33.3.g7481.t1	XP_657905.1	100	322	322	322	8.00e-229	622
NODE_74_length_129915_cov_33.3.g7482.t1	XP_663890.1	97.3	1050	1050	1036	0.0	2088
NODE_74_length_129915_cov_33.3.g7483.t1	XP_663889.1	100	132	132	132	9.65e-84	239
NODE_74_length_129915_cov_33.3.g7484.t1	XP_663888.1	100	926	926	926	0.0	1613
NODE_74_length_129915_cov_33.3.g7487.t1	XP_663885.1	91.9	295	295	272	6.29e-191	523
NODE_74_length_129915_cov_33.3.g7488.t1	XP_050466948.1	99.6	909	1067	929	0.0	1639
NODE_74_length_129915_cov_33.3.g7489.t1	XP_663883.2	100	610	610	644	0.0	1229
NODE_74_length_129915_cov_33.3.g7490.t1	XP_663882.1	94.5	325	358	360	3.26e-196	543
NODE_74_length_129915_cov_33.3.g7491.t1	XP_050466949.1	100	607	607	607	0.0	1190
NODE_74_length_129915_cov_33.3.g7492.t1	XP_663880.1	100	121	121	121	7.65e-87	246
NODE_74_length_129915_cov_33.3.g7493.t1	XP_663879.1	100	798	798	798	0.0	1455
NODE_74_length_129915_cov_33.3.g7494.t1	XP_663878.1	99.7	291	342	345	4.29e-198	546
NODE_74_length_129915_cov_33.3.g7495.t1	XP_663877.1	100	158	158	158	5.88e-111	310
NODE_74_length_129915_cov_33.3.g7496.t1	XP_663876.1	100	458	532	458	0.0	918
NODE_74_length_129915_cov_33.3.g7497.t1	XP_663875.1	100	701	701	701	0.0	1382
NODE_74_length_129915_cov_33.3.g7498.t1	XP_663874.1	99.8	595	595	595	0.0	1191
NODE_74_length_129915_cov_33.3.g7499.t1	XP_663873.1	100	394	394	394	1.44e-219	605
NODE_74_length_129915_cov_33.3.g7500.t1	XP_663872.1	99.9	694	698	873	0.0	1265
NODE_74_length_129915_cov_33.3.g7502.t1	XP_663871.1	100	293	293	293	7.53e-176	486
NODE_74_length_129915_cov_33.3.g7503.t1	XP_663870.1	100	810	810	810	0.0	1593
NODE_74_length_129915_cov_33.3.g7504.t1	XP_663869.1	100	535	535	535	0.0	1057
NODE_74_length_129915_cov_33.3.g7505.t1	XP_050466950.1	90.6	403	664	365	2.64e-243	675
NODE_74_length_129915_cov_33.3.g7507.t1	XP_663867.1	100	952	952	956	0.0	1860
NODE_74_length_129915_cov_33.3.g7508.t1	XP_663866.1	100	451	451	451	4.88e-302	818
NODE_74_length_129915_cov_33.3.g7509.t1	XP_663865.1	100	2322	2322	2322	0.0	4479
NODE_74_length_129915_cov_33.3.g7510.t1	XP_663864.1	100	323	323	385	6.49e-160	450
NODE_74_length_129915_cov_33.3.g7511.t1	XP_663863.1	100	187	187	187	1.18e-131	365
NODE_74_length_129915_cov_33.3.g7512.t1	XP_663862.1	100	407	407	407	1.00e-274	745
NODE_74_length_129915_cov_33.3.g7513.t1	XP_050466952.1	100	1282	1282	1282	0.0	2271
NODE_74_length_129915_cov_33.3.g7514.t1	XP_663860.1	100	153	153	153	4.52e-108	303
NODE_74_length_129915_cov_33.3.g7515.t1	XP_050466953.1	100	82	82	82	5.69e-55	163
NODE_74_length_129915_cov_33.3.g7516.t1	XP_050466954.1	90.9	77	93	84	4.73e-55	164
NODE_74_length_129915_cov_33.3.g7517.t1	XP_663858.1	100	308	308	308	1.10e-228	620
NODE_74_length_129915_cov_33.3.g7518.t1	XP_663857.2	100	516	516	516	0.0	1028
NODE_74_length_129915_cov_33.3.g7519.t1	XP_663856.1	100	333	333	333	8.93e-252	681
NODE_74_length_129915_cov_33.3.g7520.t1	XP_050466955.1	86.6	456	446	433	9.71e-278	756
NODE_74_length_129915_cov_33.3.g7521.t1	XP_663853.2	100	295	295	301	3.51e-204	558
NODE_74_length_129915_cov_33.3.g7522.t1	XP_663852.1	100	252	252	252	1.78e-165	456
NODE_74_length_129915_cov_33.3.g7523.t1	XP_050466957.1	99.8	621	621	621	0.0	1182
NODE_74_length_129915_cov_33.3.g7525.t1	XP_050466959.1	100	260	260	260	3.16e-188	514
NODE_74_length_129915_cov_33.3.g7526.t1	XP_663848.1	100	391	391	391	1.18e-274	744
NODE_74_length_129915_cov_33.3.g7527.t1	XP_663847.1	100	765	765	781	0.0	1505
NODE_75_length_129616_cov_34.0.g7529.t1	XP_681684.1	100	438	438	438	0.0	872
NODE_75_length_129616_cov_34.0.g7530.t1	XP_681685.1	100	527	527	527	0.0	1049
NODE_75_length_129616_cov_34.0.g7531.t1	XP_681686.1	100	627	627	627	0.0	1244
NODE_75_length_129616_cov_34.0.g7532.t1	XP_681687.1	95.3	527	502	527	0.0	994
NODE_75_length_129616_cov_34.0.g7533.t1	XP_681688.1	100	268	304	304	3.05e-192	528
NODE_75_length_129616_cov_34.0.g7534.t1	XP_681689.1	100	135	135	135	1.72e-92	262
NODE_75_length_129616_cov_34.0.g7535.t1	XP_681690.1	100	452	452	452	0.0	918
NODE_75_length_129616_cov_34.0.g7536.t1	XP_681691.1	100	164	178	179	2.87e-112	315
NODE_75_length_129616_cov_34.0.g7537.t1	XP_681692.1	100	546	546	546	0.0	1118
NODE_75_length_129616_cov_34.0.g7538.t1	XP_681693.1	100	689	689	689	0.0	1404
NODE_75_length_129616_cov_34.0.g7539.t1	XP_681694.2	99.2	493	534	522	0.0	987
NODE_75_length_129616_cov_34.0.g7540.t1	XP_050468089.1	86.4	81	88	94	1.89e-48	147
NODE_75_length_129616_cov_34.0.g7541.t1	XP_681695.1	96.5	793	793	765	0.0	1503
NODE_75_length_129616_cov_34.0.g7542.t1	XP_681696.1	100	191	277	198	5.14e-145	403
NODE_75_length_129616_cov_34.0.g7543.t1	XP_681697.1	84.1	214	214	181	7.99e-122	341
NODE_75_length_129616_cov_34.0.g7544.t1	XP_050468090.1	100	67	67	67	5.72e-46	139
NODE_75_length_129616_cov_34.0.g7545.t1	XP_681699.1	100	337	337	337	9.34e-256	691
NODE_75_length_129616_cov_34.0.g7546.t1	XP_681700.1	100	390	390	589	1.87e-289	789
NODE_75_length_129616_cov_34.0.g7547.t1	XP_681701.1	100	637	684	637	0.0	1316
NODE_75_length_129616_cov_34.0.g7548.t1	XP_050468091.1	100	534	789	534	0.0	1068
NODE_75_length_129616_cov_34.0.g7549.t1	XP_681703.1	99.8	486	498	495	0.0	948
NODE_75_length_129616_cov_34.0.g7550.t1	XP_681704.1	97.2	850	834	850	0.0	1609
NODE_75_length_129616_cov_34.0.g7551.t1	XP_681705.1	100	150	158	175	6.87e-107	301
NODE_75_length_129616_cov_34.0.g7552.t1	XP_050468094.1	89.1	534	534	476	0.0	917
NODE_75_length_129616_cov_34.0.g7553.t1	XP_681707.1	82.1	521	518	461	1.87e-289	790
NODE_75_length_129616_cov_34.0.g7554.t1	XP_681708.1	100	216	216	216	7.19e-154	424
NODE_75_length_129616_cov_34.0.g7555.t1	XP_050468095.1	100	216	372	216	9.44e-146	410
NODE_75_length_129616_cov_34.0.g7556.t1	XP_050468096.1	100	364	364	364	1.37e-273	739
NODE_75_length_129616_cov_34.0.g7557.t1	XP_681710.2	100	697	697	749	0.0	1419
NODE_75_length_129616_cov_34.0.g7558.t1	XP_681711.1	100	182	182	187	9.21e-130	360
NODE_75_length_129616_cov_34.0.g7559.t1	XP_681712.1	100	357	384	402	8.11e-276	747
NODE_75_length_129616_cov_34.0.g7560.t1	XP_681713.1	98.1	668	656	668	0.0	1300
NODE_75_length_129616_cov_34.0.g7561.t1	XP_681714.1	100	503	503	503	0.0	975
NODE_75_length_129616_cov_34.0.g7562.t1	XP_681715.1	100	478	478	478	0.0	974
NODE_75_length_129616_cov_34.0.g7563.t1	XP_050468098.1	90.6	639	598	620	0.0	1108
NODE_75_length_129616_cov_34.0.g7564.t1	XP_681717.1	100	468	497	514	0.0	926
NODE_75_length_129616_cov_34.0.g7565.t1	XP_681718.1	96.1	1024	1011	1016	0.0	1984
NODE_75_length_129616_cov_34.0.g7567.t1	XP_681719.1	100	1688	1695	2081	0.0	3246
NODE_75_length_129616_cov_34.0.g7568.t1	XP_681720.1	100	389	389	389	3.10e-294	793
NODE_75_length_129616_cov_34.0.g7569.t1	XP_681721.1	100	143	143	143	5.64e-104	291
NODE_75_length_129616_cov_34.0.g7570.t1	XP_681722.1	100	260	260	260	2.52e-194	530
NODE_75_length_129616_cov_34.0.g7571.t1	XP_681723.1	99.0	673	673	666	0.0	1367
NODE_75_length_129616_cov_34.0.g7572.t1	XP_681724.1	96.9	611	611	636	0.0	1258
NODE_76_length_127629_cov_34.2.g7573.t1	XP_657947.1	100	263	263	263	3.14e-185	507
NODE_76_length_127629_cov_34.2.g7574.t1	XP_657945.1	80.6	165	165	159	5.45e-41	134
NODE_76_length_127629_cov_34.2.g7575.t1	XP_657944.2	100	780	780	780	0.0	1497
NODE_76_length_127629_cov_34.2.g7576.t1	XP_657943.1	100	702	703	790	0.0	1373
NODE_76_length_127629_cov_34.2.g7577.t1	XP_050469251.1	94.6	516	491	515	0.0	949
NODE_76_length_127629_cov_34.2.g7579.t1	XP_657941.1	90.4	394	390	371	2.08e-256	697
NODE_76_length_127629_cov_34.2.g7580.t1	XP_657940.1	100	280	280	280	7.45e-197	538
NODE_76_length_127629_cov_34.2.g7581.t1	XP_657939.2	100	312	312	312	8.06e-233	631
NODE_76_length_127629_cov_34.2.g7582.t1	XP_657938.1	100	372	372	395	1.87e-267	725
NODE_76_length_127629_cov_34.2.g7583.t1	XP_050469253.1	97.6	613	714	598	0.0	1180
NODE_76_length_127629_cov_34.2.g7584.t1	XP_657936.1	100	523	523	523	0.0	1061
NODE_76_length_127629_cov_34.2.g7585.t1	XP_657935.1	100	119	119	119	1.05e-83	238
NODE_76_length_127629_cov_34.2.g7586.t1	XP_657934.1	100	435	435	435	6.92e-319	859
NODE_76_length_127629_cov_34.2.g7587.t1	XP_657933.1	100	318	362	393	3.89e-227	622
NODE_76_length_127629_cov_34.2.g7588.t1	XP_657932.1	100	448	448	448	4.48e-319	861
NODE_76_length_127629_cov_34.2.g7589.t1	XP_657931.2	100	468	468	468	0.0	886
NODE_76_length_127629_cov_34.2.g7590.t1	XP_050469254.1	100	659	659	659	0.0	1219
NODE_76_length_127629_cov_34.2.g7591.t1	XP_050469255.1	100	295	295	295	5.76e-213	580
NODE_76_length_127629_cov_34.2.g7592.t1	XP_657928.1	100	216	216	216	1.11e-157	433
NODE_76_length_127629_cov_34.2.g7593.t1	XP_657927.1	100	285	285	285	1.65e-207	565
NODE_76_length_127629_cov_34.2.g7594.t1	XP_657926.1	100	331	331	331	6.74e-246	666
NODE_76_length_127629_cov_34.2.g7595.t1	XP_657925.2	100	1225	1225	1225	0.0	2378
NODE_76_length_127629_cov_34.2.g7596.t1	XP_050467225.1	31.1	473	497	561	4.99e-59	202
NODE_76_length_127629_cov_34.2.g7597.t1	XP_050469256.1	100	93	93	93	7.22e-63	184
NODE_76_length_127629_cov_34.2.g7598.t1	XP_050469257.1	100	650	1002	650	0.0	1035
NODE_76_length_127629_cov_34.2.g7599.t1	XP_050469258.1	100	544	544	544	0.0	1035
NODE_76_length_127629_cov_34.2.g7600.t1	XP_657923.1	97.7	435	436	529	1.33e-312	847
NODE_76_length_127629_cov_34.2.g7601.t1	XP_657922.1	100	931	955	931	0.0	1783
NODE_76_length_127629_cov_34.2.g7602.t1	XP_657921.1	99.1	1269	1269	1258	0.0	2182
NODE_76_length_127629_cov_34.2.g7603.t1	XP_657920.1	100	449	449	449	0.0	915
NODE_76_length_127629_cov_34.2.g7604.t1	XP_657919.1	100	141	196	234	6.23e-94	272
NODE_76_length_127629_cov_34.2.g7605.t1	XP_657918.1	100	956	956	956	0.0	1862
NODE_76_length_127629_cov_34.2.g7606.t1	XP_657917.1	100	337	337	337	8.34e-259	699
NODE_76_length_127629_cov_34.2.g7607.t1	XP_657916.1	100	666	712	666	0.0	1257
NODE_76_length_127629_cov_34.2.g7608.t1	XP_657915.1	100	247	247	247	3.24e-170	468
NODE_76_length_127629_cov_34.2.g7609.t1	XP_657914.1	100	535	535	535	0.0	917
NODE_76_length_127629_cov_34.2.g7610.t1	XP_657913.1	100	107	107	107	2.73e-69	201
NODE_76_length_127629_cov_34.2.g7611.t1	XP_050469259.1	99.2	387	733	399	7.32e-281	774
NODE_76_length_127629_cov_34.2.g7612.t1	XP_050469260.1	100	495	495	495	0.0	978
NODE_76_length_127629_cov_34.2.g7613.t1	XP_657911.1	100	346	346	379	3.28e-264	715
NODE_76_length_127629_cov_34.2.g7614.t1	XP_657910.1	100	320	320	320	2.79e-228	620
NODE_76_length_127629_cov_34.2.g7615.t1	XP_657909.1	100	963	963	963	0.0	1813
NODE_76_length_127629_cov_34.2.g7616.t1	XP_657908.1	92.6	282	272	336	2.06e-180	498
NODE_76_length_127629_cov_34.2.g7617.t1	XP_657907.1	95.5	462	441	462	3.06e-312	844
NODE_76_length_127629_cov_34.2.g7618.t1	XP_657906.1	100	734	734	734	0.0	1344
NODE_77_length_124756_cov_35.0.g7619.t1	XP_659937.1	100	279	280	282	9.48e-205	558
NODE_77_length_124756_cov_35.0.g7620.t1	XP_659936.1	100	273	273	273	8.48e-204	555
NODE_77_length_124756_cov_35.0.g7621.t1	XP_659935.1	100	392	392	392	1.92e-285	771
NODE_77_length_124756_cov_35.0.g7622.t1	XP_659934.1	100	356	356	356	2.94e-264	714
NODE_77_length_124756_cov_35.0.g7623.t1	XP_050468862.1	100	557	557	557	0.0	1087
NODE_77_length_124756_cov_35.0.g7624.t1	XP_050468861.1	97.1	1013	1026	1017	0.0	1894
NODE_77_length_124756_cov_35.0.g7627.t1	XP_659930.1	100	664	744	664	0.0	1328
NODE_77_length_124756_cov_35.0.g7628.t1	XP_659929.1	96.5	781	781	754	0.0	1529
NODE_77_length_124756_cov_35.0.g7629.t1	XP_659928.2	98.5	726	830	832	0.0	1435
NODE_77_length_124756_cov_35.0.g7630.t1	XP_659926.1	100	388	388	388	1.68e-277	751
NODE_77_length_124756_cov_35.0.g7632.t1	XP_659923.1	100	298	298	298	1.48e-196	538
NODE_77_length_124756_cov_35.0.g7633.t1	XP_659922.1	100	522	522	522	0.0	1024
NODE_77_length_124756_cov_35.0.g7634.t1	XP_659920.1	100	197	362	197	8.05e-140	394
NODE_77_length_124756_cov_35.0.g7635.t1	XP_659919.2	98.7	525	525	518	0.0	990
NODE_77_length_124756_cov_35.0.g7636.t1	XP_050468858.1	100	684	684	684	0.0	1421
NODE_77_length_124756_cov_35.0.g7637.t1	XP_659917.1	100	471	471	471	0.0	878
NODE_77_length_124756_cov_35.0.g7638.t1	XP_659916.1	100	157	157	157	1.45e-115	322
NODE_77_length_124756_cov_35.0.g7639.t1	XP_659915.1	100	440	464	480	5.23e-319	863
NODE_77_length_124756_cov_35.0.g7640.t1	XP_050468857.1	100	1272	1272	1272	0.0	2401
NODE_77_length_124756_cov_35.0.g7641.t1	XP_659914.2	100	362	362	394	4.97e-276	746
NODE_77_length_124756_cov_35.0.g7642.t1	XP_659913.1	100	151	151	151	3.20e-107	300
NODE_77_length_124756_cov_35.0.g7643.t1	XP_659912.1	96.6	851	851	828	0.0	1600
NODE_77_length_124756_cov_35.0.g7644.t1	XP_659911.1	94.7	132	186	154	5.75e-81	236
NODE_77_length_124756_cov_35.0.g7645.t1	XP_050468856.1	92.7	246	246	228	1.27e-160	442
NODE_77_length_124756_cov_35.0.g7646.t1	XP_659909.1	97.0	403	403	391	3.37e-268	728
NODE_77_length_124756_cov_35.0.g7647.t1	XP_050468855.1	100	369	369	369	2.94e-183	511
NODE_77_length_124756_cov_35.0.g7648.t1	XP_050468854.1	98.0	546	546	546	0.0	1069
NODE_77_length_124756_cov_35.0.g7649.t1	XP_659906.2	100	161	161	161	8.89e-103	290
NODE_77_length_124756_cov_35.0.g7650.t1	XP_659904.1	98.6	1343	1330	1343	0.0	2504
NODE_77_length_124756_cov_35.0.g7651.t1	XP_050468852.1	100	398	509	398	1.28e-292	795
NODE_77_length_124756_cov_35.0.g7652.t1	XP_659902.1	100	396	396	396	5.81e-273	740
NODE_77_length_124756_cov_35.0.g7653.t1	XP_659901.1	100	357	509	397	1.44e-254	698
NODE_77_length_124756_cov_35.0.g7654.t1	XP_050468851.1	100	862	862	862	0.0	1691
NODE_77_length_124756_cov_35.0.g7655.t1	XP_659899.1	100	329	329	329	6.11e-232	630
NODE_77_length_124756_cov_35.0.g7656.t1	XP_659898.1	99.8	574	574	574	0.0	1159
NODE_77_length_124756_cov_35.0.g7657.t1	XP_050468850.1	100	88	88	88	4.50e-57	169
NODE_77_length_124756_cov_35.0.g7658.t1	XP_659897.1	72.7	256	256	186	3.28e-126	354
NODE_77_length_124756_cov_35.0.g7659.t1	XP_659896.1	100	288	298	298	1.36e-192	528
NODE_78_length_124699_cov_34.6.g7660.t1	XP_658272.1	98.3	462	455	462	0.0	867
NODE_78_length_124699_cov_34.6.g7661.t1	XP_658271.1	99.8	461	461	461	0.0	907
NODE_78_length_124699_cov_34.6.g7662.t1	XP_658270.1	95.2	374	374	363	3.23e-263	713
NODE_78_length_124699_cov_34.6.g7663.t1	XP_050469171.1	94.0	315	296	315	1.08e-197	542
NODE_78_length_124699_cov_34.6.g7664.t1	XP_658268.1	100	1141	1141	1141	0.0	2177
NODE_78_length_124699_cov_34.6.g7665.t1	XP_050469173.1	96.5	367	367	354	1.00e-262	711
NODE_78_length_124699_cov_34.6.g7666.t1	XP_658265.1	100	912	912	912	0.0	1815
NODE_78_length_124699_cov_34.6.g7667.t1	XP_658264.1	85.8	557	557	478	0.0	929
NODE_78_length_124699_cov_34.6.g7668.t1	XP_658263.1	100	1482	1482	1482	0.0	2860
NODE_78_length_124699_cov_34.6.g7669.t1	XP_050469174.1	100	91	91	91	8.55e-61	178
NODE_78_length_124699_cov_34.6.g7670.t1	XP_658262.1	98.0	397	397	487	3.94e-282	767
NODE_78_length_124699_cov_34.6.g7671.t1	XP_658261.1	100	299	299	299	5.60e-222	603
NODE_78_length_124699_cov_34.6.g7672.t1	XP_658260.1	100	286	286	286	8.82e-208	566
NODE_78_length_124699_cov_34.6.g7673.t1	XP_658259.1	96.9	290	290	281	2.33e-196	537
NODE_78_length_124699_cov_34.6.g7674.t1	XP_658258.1	100	396	396	396	2.35e-288	779
NODE_78_length_124699_cov_34.6.g7675.t1	XP_658257.1	100	210	215	236	1.03e-130	366
NODE_78_length_124699_cov_34.6.g7676.t1	XP_658255.1	100	353	353	353	2.79e-256	694
NODE_78_length_124699_cov_34.6.g7677.t1	XP_658254.2	97.9	564	568	723	0.0	984
NODE_78_length_124699_cov_34.6.g7678.t1	XP_658253.1	100	560	560	560	0.0	1141
NODE_78_length_124699_cov_34.6.g7679.t1	XP_050469175.1	100	1515	1817	1515	0.0	2907
NODE_78_length_124699_cov_34.6.g7680.t1	XP_050469176.1	100	664	768	664	0.0	1283
NODE_78_length_124699_cov_34.6.g7682.t1	XP_658250.2	98.0	1077	1055	1077	0.0	2045
NODE_78_length_124699_cov_34.6.g7683.t1	XP_658248.1	100	264	264	264	9.15e-199	541
NODE_78_length_124699_cov_34.6.g7684.t1	XP_658247.1	99.6	244	257	257	5.74e-169	465
NODE_78_length_124699_cov_34.6.g7685.t1	XP_050469177.1	96.9	1140	1140	1119	0.0	2080
NODE_78_length_124699_cov_34.6.g7686.t1	XP_658245.1	100	179	179	179	4.50e-132	365
NODE_78_length_124699_cov_34.6.g7687.t1	XP_658244.1	100	430	430	430	0.0	869
NODE_78_length_124699_cov_34.6.g7688.t1	XP_658243.1	100	406	486	406	1.92e-290	788
NODE_78_length_124699_cov_34.6.g7689.t1	XP_658242.1	94.0	399	399	375	1.32e-276	748
NODE_78_length_124699_cov_34.6.g7690.t1	XP_658241.1	100	853	853	853	0.0	1415
NODE_78_length_124699_cov_34.6.g7691.t1	XP_658240.1	100	488	488	488	0.0	982
NODE_78_length_124699_cov_34.6.g7692.t1	XP_658239.1	100	177	177	177	1.24e-128	357
NODE_78_length_124699_cov_34.6.g7693.t1	XP_050469178.1	100	276	276	276	1.65e-182	501
NODE_78_length_124699_cov_34.6.g7694.t1	XP_658237.2	100	519	519	533	0.0	1057
NODE_78_length_124699_cov_34.6.g7695.t1	XP_658236.1	100	371	371	371	1.59e-223	613
NODE_78_length_124699_cov_34.6.g7696.t1	XP_658235.1	100	208	270	227	7.65e-152	421
NODE_78_length_124699_cov_34.6.g7697.t1	XP_050469180.1	88.1	84	84	74	3.75e-50	150
NODE_78_length_124699_cov_34.6.g7698.t1	XP_658233.1	100	255	255	255	7.19e-187	510
NODE_78_length_124699_cov_34.6.g7699.t1	XP_050469181.1	100	359	359	359	3.06e-263	712
NODE_78_length_124699_cov_34.6.g7700.t1	XP_658231.1	100	281	281	281	1.84e-202	552
NODE_78_length_124699_cov_34.6.g7701.t1	XP_658230.1	100	248	248	248	1.99e-185	506
NODE_78_length_124699_cov_34.6.g7702.t1	XP_658229.1	100	578	578	578	0.0	1072
NODE_78_length_124699_cov_34.6.g7703.t1	XP_658228.1	90.7	452	452	410	2.37e-290	787
NODE_78_length_124699_cov_34.6.g7704.t1	XP_658227.1	100	745	745	745	0.0	1502
NODE_79_length_122168_cov_35.6.g7707.t1	XP_661897.1	92.2	1297	1200	1293	0.0	2289
NODE_79_length_122168_cov_35.6.g7708.t1	XP_050467759.1	100	286	286	390	4.68e-205	563
NODE_79_length_122168_cov_35.6.g7709.t1	XP_050467758.1	100	228	228	228	2.06e-168	461
NODE_79_length_122168_cov_35.6.g7710.t1	XP_661902.2	100	688	688	688	0.0	1259
NODE_79_length_122168_cov_35.6.g7711.t1	XP_050467757.1	100	247	247	247	7.49e-185	504
NODE_79_length_122168_cov_35.6.g7712.t1	XP_661903.1	100	151	151	151	1.03e-103	291
NODE_79_length_122168_cov_35.6.g7713.t1	XP_661904.1	100	192	192	192	3.64e-142	392
NODE_79_length_122168_cov_35.6.g7714.t1	XP_661905.2	100	206	206	245	3.83e-144	400
NODE_79_length_122168_cov_35.6.g7715.t1	XP_661899.1	100	188	188	188	8.30e-137	378
NODE_79_length_122168_cov_35.6.g7716.t1	XP_661906.1	95.0	322	350	313	8.35e-211	577
NODE_79_length_122168_cov_35.6.g7717.t1	XP_050467756.1	88.1	447	436	442	1.56e-285	775
NODE_79_length_122168_cov_35.6.g7718.t1	XP_661908.1	100	149	149	149	3.76e-105	295
NODE_79_length_122168_cov_35.6.g7719.t1	XP_661909.1	99.1	220	242	222	1.56e-163	449
NODE_79_length_122168_cov_35.6.g7721.t1	XP_661910.1	100	720	720	720	0.0	1470
NODE_79_length_122168_cov_35.6.g7722.t1	XP_661911.1	100	184	184	184	1.33e-131	365
NODE_79_length_122168_cov_35.6.g7723.t1	XP_661912.1	100	296	296	296	1.66e-217	591
NODE_79_length_122168_cov_35.6.g7724.t1	XP_661913.1	100	246	246	246	6.87e-176	482
NODE_79_length_122168_cov_35.6.g7725.t1	XP_661914.1	99.9	939	1028	978	0.0	1855
NODE_79_length_122168_cov_35.6.g7726.t1	XP_661915.1	100	210	378	413	2.53e-144	414
NODE_79_length_122168_cov_35.6.g7727.t1	XP_661916.1	100	697	697	697	0.0	1389
NODE_79_length_122168_cov_35.6.g7728.t1	XP_661917.1	95.3	592	584	578	0.0	1100
NODE_79_length_122168_cov_35.6.g7729.t1	XP_661918.1	100	994	1005	998	0.0	1799
NODE_79_length_122168_cov_35.6.g7730.t1	XP_661919.1	100	751	751	751	0.0	1425
NODE_79_length_122168_cov_35.6.g7731.t1	XP_661920.1	100	517	517	517	0.0	983
NODE_79_length_122168_cov_35.6.g7732.t1	XP_661921.1	100	309	309	309	4.53e-242	654
NODE_79_length_122168_cov_35.6.g7733.t1	XP_661922.1	100	400	400	400	1.78e-285	772
NODE_79_length_122168_cov_35.6.g7734.t1	XP_661924.2	60.6	531	604	466	5.12e-175	503
NODE_79_length_122168_cov_35.6.g7735.t1	XP_050467753.1	100	696	1187	707	0.0	1412
NODE_79_length_122168_cov_35.6.g7736.t1	XP_661926.1	97.3	783	784	903	0.0	1444
NODE_79_length_122168_cov_35.6.g7737.t1	XP_050467752.1	100	411	411	411	7.51e-304	819
NODE_79_length_122168_cov_35.6.g7738.t1	XP_050467751.1	100	263	263	263	2.21e-185	507
NODE_79_length_122168_cov_35.6.g7739.t1	XP_050467750.1	100	368	368	368	1.22e-253	689
NODE_79_length_122168_cov_35.6.g7740.t1	XP_050467749.1	94.7	734	731	729	0.0	1354
NODE_79_length_122168_cov_35.6.g7741.t1	XP_050467748.1	100	320	320	320	2.25e-243	659
NODE_79_length_122168_cov_35.6.g7742.t1	XP_050467747.1	100	104	104	170	6.22e-67	197
NODE_79_length_122168_cov_35.6.g7743.t1	XP_661932.1	94.2	582	567	581	0.0	1063
NODE_79_length_122168_cov_35.6.g7744.t1	XP_661933.1	88.7	141	141	125	3.57e-89	253
NODE_79_length_122168_cov_35.6.g7745.t1	XP_661934.1	100	724	724	724	0.0	1224
NODE_79_length_122168_cov_35.6.g7746.t1	XP_661935.1	100	328	328	328	4.64e-231	628
NODE_79_length_122168_cov_35.6.g7747.t1	XP_661936.1	100	419	818	429	5.18e-305	840
NODE_79_length_122168_cov_35.6.g7748.t1	XP_661938.2	96.9	678	678	657	0.0	1313
NODE_79_length_122168_cov_35.6.g7749.t1	XP_050467746.1	100	797	797	797	0.0	1579
NODE_80_length_121846_cov_34.1.g7750.t1	XP_050467862.1	90.9	571	519	571	0.0	994
NODE_80_length_121846_cov_34.1.g7751.t1	XP_050467861.1	100	1602	1602	1602	0.0	3151
NODE_80_length_121846_cov_34.1.g7752.t1	XP_680547.1	100	521	521	521	0.0	1048
NODE_80_length_121846_cov_34.1.g7753.t1	XP_680548.1	100	387	387	387	3.47e-290	783
NODE_80_length_121846_cov_34.1.g7755.t1	XP_680549.1	91.1	1987	1925	1882	0.0	3178
NODE_80_length_121846_cov_34.1.g7756.t1	XP_680551.1	74.1	526	425	529	1.74e-268	735
NODE_80_length_121846_cov_34.1.g7758.t1	XP_680554.2	100	432	432	432	3.41e-297	804
NODE_80_length_121846_cov_34.1.g7759.t1	XP_680555.1	100	277	402	290	2.28e-195	540
NODE_80_length_121846_cov_34.1.g7760.t1	XP_050467858.1	92.6	323	322	323	3.63e-207	567
NODE_80_length_121846_cov_34.1.g7761.t1	XP_680557.1	94.3	685	685	671	0.0	1260
NODE_80_length_121846_cov_34.1.g7762.t1	XP_680558.2	100	339	339	339	1.29e-238	648
NODE_80_length_121846_cov_34.1.g7763.t1	XP_680560.1	96.4	308	308	302	2.59e-159	445
NODE_80_length_121846_cov_34.1.g7764.t1	XP_680561.1	100	322	322	381	2.05e-243	661
NODE_80_length_121846_cov_34.1.g7765.t1	XP_680562.1	96.0	430	413	430	9.27e-301	812
NODE_80_length_121846_cov_34.1.g7767.t1	XP_680563.2	100	614	614	614	0.0	1145
NODE_80_length_121846_cov_34.1.g7768.t1	XP_680564.1	100	544	544	544	0.0	1078
NODE_80_length_121846_cov_34.1.g7769.t1	XP_680565.1	100	1506	1506	1506	0.0	2710
NODE_80_length_121846_cov_34.1.g7770.t1	XP_680566.1	100	798	798	798	0.0	1528
NODE_80_length_121846_cov_34.1.g7771.t1	XP_680567.1	100	280	310	300	2.11e-211	577
NODE_80_length_121846_cov_34.1.g7772.t1	XP_680568.1	100	403	403	403	2.87e-272	739
NODE_80_length_121846_cov_34.1.g7773.t1	XP_680569.1	100	814	814	841	0.0	1580
NODE_80_length_121846_cov_34.1.g7774.t1	XP_680570.1	99.6	470	543	509	0.0	929
NODE_80_length_121846_cov_34.1.g7775.t1	XP_680571.1	100	419	419	419	2.72e-301	813
NODE_80_length_121846_cov_34.1.g7776.t1	XP_680572.1	93.3	1000	1000	950	0.0	1691
NODE_80_length_121846_cov_34.1.g7777.t1	XP_680573.1	99.5	435	440	433	7.07e-306	827
NODE_80_length_121846_cov_34.1.g7778.t1	XP_680574.1	100	346	346	346	1.14e-208	573
NODE_80_length_121846_cov_34.1.g7779.t1	XP_050467856.1	100	681	681	681	0.0	1354
NODE_80_length_121846_cov_34.1.g7780.t1	XP_680575.2	100	489	489	489	0.0	970
NODE_80_length_121846_cov_34.1.g7781.t1	XP_680576.1	97.2	537	537	523	0.0	1029
NODE_80_length_121846_cov_34.1.g7782.t1	XP_680577.1	94.5	438	422	438	9.04e-255	697
NODE_80_length_121846_cov_34.1.g7783.t1	XP_050467855.1	100	443	443	443	0.0	892
NODE_80_length_121846_cov_34.1.g7784.t1	XP_680579.1	100	473	473	473	0.0	887
NODE_80_length_121846_cov_34.1.g7785.t1	XP_680580.1	100	741	741	741	0.0	1449
NODE_80_length_121846_cov_34.1.g7787.t1	XP_680582.1	94.3	475	461	475	0.0	892
NODE_80_length_121846_cov_34.1.g7788.t1	XP_680583.1	100	1013	1013	1013	0.0	2011
NODE_81_length_121208_cov_34.5.g7789.t1	XP_661141.1	100	263	300	269	9.36e-189	518
NODE_81_length_121208_cov_34.5.g7790.t1	XP_661140.1	99.5	643	643	643	0.0	1290
NODE_81_length_121208_cov_34.5.g7791.t1	XP_661139.1	100	462	462	462	0.0	933
NODE_81_length_121208_cov_34.5.g7792.t1	XP_661138.1	81.2	170	157	170	1.47e-86	249
NODE_81_length_121208_cov_34.5.g7793.t1	XP_661137.1	76.7	489	465	422	3.85e-247	679
NODE_81_length_121208_cov_34.5.g7794.t1	XP_661135.1	100	555	555	555	0.0	1115
NODE_81_length_121208_cov_34.5.g7795.t1	XP_661134.1	100	437	523	437	3.95e-314	851
NODE_81_length_121208_cov_34.5.g7796.t1	XP_661133.1	88.2	272	241	272	8.95e-154	427
NODE_81_length_121208_cov_34.5.g7797.t1	XP_661132.1	100	508	508	559	0.0	978
NODE_81_length_121208_cov_34.5.g7798.t1	XP_050467540.1	97.7	485	943	485	0.0	896
NODE_81_length_121208_cov_34.5.g7799.t1	XP_661130.1	100	429	611	432	2.87e-312	850
NODE_81_length_121208_cov_34.5.g7800.t1	XP_868895.1	100	514	514	514	0.0	1055
NODE_81_length_121208_cov_34.5.g7801.t1	XP_661129.1	83.6	842	828	747	0.0	1290
NODE_81_length_121208_cov_34.5.g7802.t1	XP_661128.1	100	416	416	416	1.27e-318	857
NODE_81_length_121208_cov_34.5.g7803.t1	XP_661127.1	100	340	340	340	3.53e-257	695
NODE_81_length_121208_cov_34.5.g7804.t1	XP_661126.1	99.5	425	551	426	6.11e-311	844
NODE_81_length_121208_cov_34.5.g7805.t1	XP_661125.1	97.3	223	223	217	5.12e-156	429
NODE_81_length_121208_cov_34.5.g7806.t1	XP_661124.1	99.8	593	593	593	0.0	1088
NODE_81_length_121208_cov_34.5.g7807.t1	XP_661123.1	91.2	602	612	565	0.0	1112
NODE_81_length_121208_cov_34.5.g7808.t1	XP_661122.1	100	456	456	456	1.00e-248	684
NODE_81_length_121208_cov_34.5.g7809.t1	XP_661121.1	100	356	391	356	1.89e-228	625
NODE_81_length_121208_cov_34.5.g7810.t1	XP_050467543.1	100	569	1103	585	0.0	1202
NODE_81_length_121208_cov_34.5.g7811.t1	XP_661119.1	100	530	530	530	0.0	1065
NODE_81_length_121208_cov_34.5.g7812.t1	XP_661118.1	100	125	125	125	2.08e-86	246
NODE_81_length_121208_cov_34.5.g7813.t1	XP_661117.1	100	1262	1262	1262	0.0	2446
NODE_81_length_121208_cov_34.5.g7814.t1	XP_661116.2	100	137	137	137	1.15e-82	237
NODE_81_length_121208_cov_34.5.g7815.t1	XP_050467545.1	94.9	352	545	338	6.86e-245	673
NODE_81_length_121208_cov_34.5.g7816.t1	XP_050467546.1	100	272	272	272	1.72e-207	564
NODE_81_length_121208_cov_34.5.g7817.t1	XP_661114.1	100	297	326	507	1.05e-221	612
NODE_81_length_121208_cov_34.5.g7819.t1	XP_661113.1	93.2	310	290	310	4.10e-197	540
NODE_81_length_121208_cov_34.5.g7820.t1	XP_661112.1	100	280	280	280	5.95e-203	553
NODE_81_length_121208_cov_34.5.g7821.t1	XP_661110.1	97.3	413	576	412	1.38e-289	790
NODE_81_length_121208_cov_34.5.g7822.t1	XP_661109.1	100	380	380	380	7.50e-286	771
NODE_81_length_121208_cov_34.5.g7823.t1	XP_661108.1	98.1	830	825	830	0.0	1691
NODE_81_length_121208_cov_34.5.g7824.t1	XP_661107.1	99.6	547	545	547	0.0	1067
NODE_81_length_121208_cov_34.5.g7825.t1	XP_050467547.1	90.7	644	644	587	0.0	1113
NODE_81_length_121208_cov_34.5.g7826.t1	XP_050467548.1	100	636	680	636	0.0	1285
NODE_82_length_117536_cov_30.5.g7827.t1	XP_681068.2	100	255	255	255	5.67e-184	503
NODE_82_length_117536_cov_30.5.g7828.t1	XP_681067.1	100	463	463	463	0.0	918
NODE_82_length_117536_cov_30.5.g7829.t1	XP_681066.1	100	375	375	375	1.04e-269	730
NODE_82_length_117536_cov_30.5.g7830.t1	XP_050468046.1	90.6	350	472	335	2.12e-222	613
NODE_82_length_117536_cov_30.5.g7831.t1	XP_681064.1	100	563	563	563	0.0	1143
NODE_82_length_117536_cov_30.5.g7832.t1	XP_681063.1	100	250	250	250	2.45e-139	390
NODE_82_length_117536_cov_30.5.g7833.t1	XP_681062.1	100	513	532	717	0.0	1056
NODE_82_length_117536_cov_30.5.g7834.t1	XP_681061.1	100	618	626	618	0.0	1244
NODE_82_length_117536_cov_30.5.g7835.t1	XP_050468045.1	100	498	662	558	0.0	968
NODE_82_length_117536_cov_30.5.g7836.t1	XP_050468044.1	100	388	388	388	3.30e-284	768
NODE_82_length_117536_cov_30.5.g7837.t1	XP_681059.1	100	507	507	507	0.0	1014
NODE_82_length_117536_cov_30.5.g7838.t1	XP_681058.1	100	588	588	588	0.0	1233
NODE_82_length_117536_cov_30.5.g7839.t1	XP_681057.1	100	526	613	533	0.0	1032
NODE_82_length_117536_cov_30.5.g7840.t1	XP_681056.1	97.7	342	334	342	2.89e-264	713
NODE_82_length_117536_cov_30.5.g7841.t1	XP_681055.1	100	147	147	147	4.08e-108	302
NODE_82_length_117536_cov_30.5.g7842.t1	XP_681054.1	100	364	364	364	1.24e-228	625
NODE_82_length_117536_cov_30.5.g7843.t1	XP_681053.2	100	1120	1120	1120	0.0	2133
NODE_82_length_117536_cov_30.5.g7844.t1	XP_050468043.1	100	197	197	197	6.03e-148	407
NODE_82_length_117536_cov_30.5.g7845.t1	XP_681052.1	100	1788	1788	1788	0.0	3432
NODE_82_length_117536_cov_30.5.g7846.t1	XP_681051.1	100	335	335	335	4.76e-248	672
NODE_82_length_117536_cov_30.5.g7847.t1	XP_681050.1	100	340	340	340	2.70e-261	706
NODE_82_length_117536_cov_30.5.g7848.t1	XP_681049.1	100	135	135	135	2.44e-101	284
NODE_82_length_117536_cov_30.5.g7849.t1	XP_681048.1	99.8	428	545	469	4.98e-310	843
NODE_82_length_117536_cov_30.5.g7850.t1	XP_681047.1	100	320	320	320	9.31e-195	536
NODE_82_length_117536_cov_30.5.g7851.t1	XP_681046.1	100	580	580	580	0.0	1109
NODE_82_length_117536_cov_30.5.g7852.t1	XP_681045.1	89.4	489	489	464	8.75e-309	837
NODE_82_length_117536_cov_30.5.g7853.t1	XP_681044.1	100	348	348	369	2.09e-265	717
NODE_82_length_117536_cov_30.5.g7854.t1	XP_681043.1	100	348	348	348	6.07e-253	685
NODE_82_length_117536_cov_30.5.g7855.t1	XP_681042.1	100	516	516	516	0.0	1059
NODE_82_length_117536_cov_30.5.g7856.t1	XP_681041.1	98.2	508	513	517	0.0	1027
NODE_82_length_117536_cov_30.5.g7857.t1	XP_681040.1	100	188	188	188	1.80e-131	365
NODE_82_length_117536_cov_30.5.g7858.t1	XP_681039.1	100	315	315	315	2.57e-226	615
NODE_82_length_117536_cov_30.5.g7859.t1	XP_681038.1	100	238	238	238	9.39e-170	466
NODE_82_length_117536_cov_30.5.g7860.t1	XP_681037.1	100	611	616	681	0.0	1172
NODE_82_length_117536_cov_30.5.g7861.t1	XP_681036.1	100	415	415	415	1.63e-300	811
NODE_82_length_117536_cov_30.5.g7862.t1	XP_681035.1	100	229	271	229	1.24e-160	444
NODE_82_length_117536_cov_30.5.g7864.t1	XP_681033.1	100	312	556	356	4.43e-227	629
NODE_82_length_117536_cov_30.5.g7865.t1	XP_050468041.1	100	653	653	653	0.0	1268
NODE_82_length_117536_cov_30.5.g7866.t1	XP_050468040.1	100	442	442	442	0.0	887
NODE_82_length_117536_cov_30.5.g7867.t1	XP_681031.1	100	458	458	458	0.0	893
NODE_82_length_117536_cov_30.5.g7868.t1	XP_681030.1	100	846	846	902	0.0	1597
NODE_82_length_117536_cov_30.5.g7869.t1	XP_681029.1	100	455	455	455	3.17e-316	854
NODE_82_length_117536_cov_30.5.g7870.t1	XP_050468039.1	99.6	459	458	459	0.0	874
NODE_82_length_117536_cov_30.5.g7871.t1	XP_050468038.1	100	334	334	334	1.36e-242	658
NODE_82_length_117536_cov_30.5.g7872.t1	XP_681026.1	100	1676	1676	1676	0.0	2888
NODE_83_length_115079_cov_30.1.g7873.t1	XP_682424.2	100	101	123	161	2.62e-55	168
NODE_83_length_115079_cov_30.1.g7874.t1	XP_682425.1	100	600	600	600	0.0	1179
NODE_83_length_115079_cov_30.1.g7875.t1	XP_682426.1	100	628	628	628	0.0	1262
NODE_83_length_115079_cov_30.1.g7876.t1	XP_682427.1	100	251	251	251	5.22e-178	488
NODE_83_length_115079_cov_30.1.g7877.t1	XP_682428.1	100	244	244	280	3.16e-184	504
NODE_83_length_115079_cov_30.1.g7878.t1	XP_682429.2	96.5	621	641	629	0.0	1168
NODE_83_length_115079_cov_30.1.g7879.t1	XP_050468324.1	100	254	254	254	1.34e-186	509
NODE_83_length_115079_cov_30.1.g7880.t1	XP_682430.1	88.6	440	461	426	2.81e-286	778
NODE_83_length_115079_cov_30.1.g7881.t1	XP_682431.1	99.5	433	431	443	4.24e-314	847
NODE_83_length_115079_cov_30.1.g7882.t1	XP_682432.1	100	177	177	177	3.16e-122	340
NODE_83_length_115079_cov_30.1.g7883.t1	XP_682433.1	68.5	197	209	175	2.31e-86	251
NODE_83_length_115079_cov_30.1.g7884.t1	XP_682434.1	97.7	573	573	568	0.0	1069
NODE_83_length_115079_cov_30.1.g7885.t1	XP_682435.1	100	412	412	412	4.08e-313	843
NODE_83_length_115079_cov_30.1.g7886.t1	XP_682436.1	100	358	358	358	1.17e-271	733
NODE_83_length_115079_cov_30.1.g7887.t1	XP_682437.1	100	543	543	543	0.0	1077
NODE_83_length_115079_cov_30.1.g7888.t1	XP_868875.1	99.5	218	227	222	1.52e-157	434
NODE_83_length_115079_cov_30.1.g7889.t1	XP_682438.1	100	510	510	510	0.0	1004
NODE_83_length_115079_cov_30.1.g7891.t1	XP_682439.1	99.5	570	567	570	0.0	1201
NODE_83_length_115079_cov_30.1.g7892.t1	XP_050468322.1	100	300	401	300	2.34e-227	621
NODE_83_length_115079_cov_30.1.g7893.t1	XP_050468321.1	100	557	557	557	0.0	1062
NODE_83_length_115079_cov_30.1.g7894.t1	XP_682442.1	97.7	512	512	500	0.0	979
NODE_83_length_115079_cov_30.1.g7895.t1	XP_682443.1	82.1	537	537	469	1.27e-310	844
NODE_83_length_115079_cov_30.1.g7896.t1	XP_682444.2	99.1	553	548	553	0.0	1082
NODE_83_length_115079_cov_30.1.g7897.t1	XP_050468320.1	100	349	349	349	8.09e-263	710
NODE_83_length_115079_cov_30.1.g7898.t1	XP_050468318.1	100	865	1356	865	0.0	1735
NODE_83_length_115079_cov_30.1.g7899.t1	XP_682446.1	100	388	388	388	1.31e-290	784
NODE_83_length_115079_cov_30.1.g7900.t1	XP_682447.1	97.8	1370	1361	1350	0.0	2647
NODE_83_length_115079_cov_30.1.g7901.t1	XP_682448.1	99.7	328	328	328	9.22e-247	668
NODE_83_length_115079_cov_30.1.g7902.t1	XP_682449.1	100	640	640	640	0.0	1279
NODE_83_length_115079_cov_30.1.g7903.t1	XP_682450.1	100	344	344	344	1.17e-248	674
NODE_83_length_115079_cov_30.1.g7904.t1	XP_682451.2	100	453	453	453	0.0	935
NODE_83_length_115079_cov_30.1.g7905.t1	XP_050468317.1	100	612	612	612	0.0	1241
NODE_83_length_115079_cov_30.1.g7906.t1	XP_682452.1	94.2	617	617	581	0.0	1176
NODE_83_length_115079_cov_30.1.g7907.t1	XP_682453.1	100	531	531	531	0.0	1066
NODE_83_length_115079_cov_30.1.g7908.t1	XP_682454.1	100	157	174	157	1.18e-114	320
NODE_83_length_115079_cov_30.1.g7909.t1	XP_682455.1	100	616	616	616	0.0	1261
NODE_83_length_115079_cov_30.1.g7910.t1	XP_682456.1	100	747	747	747	0.0	1295
NODE_83_length_115079_cov_30.1.g7911.t1	XP_682458.1	93.7	426	418	426	4.43e-297	803
NODE_83_length_115079_cov_30.1.g7912.t1	XP_682460.1	100	361	361	361	6.72e-268	724
NODE_83_length_115079_cov_30.1.g7913.t1	XP_682461.1	95.6	362	420	370	3.34e-249	680
NODE_83_length_115079_cov_30.1.g7914.t1	XP_682462.2	100	278	278	280	1.03e-207	565
NODE_83_length_115079_cov_30.1.g7915.t1	XP_682463.1	100	332	332	332	6.43e-240	651
NODE_84_length_114689_cov_32.3.g7916.t1	XP_660314.1	100	191	191	191	3.38e-142	392
NODE_84_length_114689_cov_32.3.g7917.t1	XP_660313.1	87.9	355	355	313	7.84e-231	628
NODE_84_length_114689_cov_32.3.g7918.t1	XP_660312.1	98.6	208	275	393	9.90e-151	425
NODE_84_length_114689_cov_32.3.g7919.t1	XP_660311.1	100	478	478	478	0.0	929
NODE_84_length_114689_cov_32.3.g7920.t1	XP_660310.2	100	506	506	506	0.0	1016
NODE_84_length_114689_cov_32.3.g7921.t1	XP_660309.1	100	592	592	664	0.0	1165
NODE_84_length_114689_cov_32.3.g7922.t1	XP_660308.1	99.3	566	578	674	0.0	1127
NODE_84_length_114689_cov_32.3.g7923.t1	XP_660307.1	100	407	407	407	6.77e-273	741
NODE_84_length_114689_cov_32.3.g7924.t1	XP_050468563.1	100	172	235	172	8.96e-42	139
NODE_84_length_114689_cov_32.3.g7925.t1	XP_660305.1	100	1545	1545	1570	0.0	2890
NODE_84_length_114689_cov_32.3.g7926.t1	XP_660304.1	100	417	417	417	1.25e-305	824
NODE_84_length_114689_cov_32.3.g7927.t1	XP_660303.1	100	467	467	467	0.0	950
NODE_84_length_114689_cov_32.3.g7928.t1	XP_660302.1	100	401	401	401	1.18e-295	798
NODE_84_length_114689_cov_32.3.g7929.t1	XP_660301.1	95.7	604	604	584	0.0	1104
NODE_84_length_114689_cov_32.3.g7930.t1	XP_660300.1	96.5	259	318	369	9.40e-183	507
NODE_84_length_114689_cov_32.3.g7931.t1	XP_660299.1	100	285	285	317	5.09e-221	600
NODE_84_length_114689_cov_32.3.g7932.t1	XP_660298.1	100	243	243	243	1.28e-174	478
NODE_84_length_114689_cov_32.3.g7933.t1	XP_660297.1	100	466	466	466	0.0	884
NODE_84_length_114689_cov_32.3.g7934.t1	XP_660296.1	100	505	505	505	1.30e-292	799
NODE_84_length_114689_cov_32.3.g7935.t1	XP_050468564.1	100	593	593	593	0.0	1231
NODE_84_length_114689_cov_32.3.g7936.t1	XP_660295.2	100	753	753	753	0.0	1470
NODE_84_length_114689_cov_32.3.g7937.t1	XP_660294.1	100	374	388	406	2.28e-284	769
NODE_84_length_114689_cov_32.3.g7938.t1	XP_660293.1	100	965	965	965	0.0	1916
NODE_84_length_114689_cov_32.3.g7939.t1	XP_050468565.1	95.5	529	529	505	0.0	1007
NODE_84_length_114689_cov_32.3.g7940.t1	XP_660291.1	100	280	280	280	5.53e-208	566
NODE_84_length_114689_cov_32.3.g7941.t1	XP_050468566.1	91.3	103	103	94	6.79e-55	164
NODE_84_length_114689_cov_32.3.g7942.t1	XP_660289.1	100	90	90	90	9.72e-53	158
NODE_84_length_114689_cov_32.3.g7943.t1	XP_660288.1	100	488	488	488	0.0	1042
NODE_84_length_114689_cov_32.3.g7944.t1	XP_050468567.1	86.8	395	395	353	1.08e-232	636
NODE_84_length_114689_cov_32.3.g7945.t1	XP_050468568.1	96.8	412	505	412	6.28e-307	831
NODE_84_length_114689_cov_32.3.g7947.t1	XP_660284.1	82.4	347	347	294	2.41e-200	550
NODE_84_length_114689_cov_32.3.g7948.t1	XP_660283.1	100	639	639	639	0.0	924
NODE_84_length_114689_cov_32.3.g7949.t1	XP_660282.1	100	292	292	292	2.53e-210	573
NODE_84_length_114689_cov_32.3.g7950.t1	XP_050468569.1	100	826	855	883	0.0	1556
NODE_84_length_114689_cov_32.3.g7951.t1	XP_660280.1	100	719	737	1051	0.0	1384
NODE_84_length_114689_cov_32.3.g7953.t1	XP_660279.1	100	487	501	487	0.0	931
NODE_85_length_113348_cov_41.1.g7955.t1	XP_050467304.1	99.8	846	958	938	0.0	1662
NODE_85_length_113348_cov_41.1.g7956.t1	XP_681561.2	93.5	628	628	588	0.0	1140
NODE_85_length_113348_cov_41.1.g7958.t1	XP_050467303.1	100	934	934	934	0.0	1806
NODE_85_length_113348_cov_41.1.g7959.t1	XP_681558.1	100	619	619	619	0.0	1019
NODE_85_length_113348_cov_41.1.g7960.t1	XP_681557.1	99.9	935	951	1106	0.0	1875
NODE_85_length_113348_cov_41.1.g7961.t1	XP_050467302.1	99.3	305	316	310	5.76e-160	447
NODE_85_length_113348_cov_41.1.g7963.t1	XP_681555.2	100	778	778	889	0.0	1415
NODE_85_length_113348_cov_41.1.g7964.t1	XP_050467300.1	100	296	371	296	6.89e-225	613
NODE_85_length_113348_cov_41.1.g7965.t1	XP_681553.1	100	243	243	243	5.68e-178	487
NODE_85_length_113348_cov_41.1.g7966.t1	XP_681552.1	100	526	557	526	0.0	1051
NODE_85_length_113348_cov_41.1.g7967.t1	XP_681551.1	99.8	803	803	859	0.0	1604
NODE_85_length_113348_cov_41.1.g7968.t1	XP_050467299.1	100	327	342	342	6.58e-206	566
NODE_85_length_113348_cov_41.1.g7970.t1	XP_050467298.1	100	708	708	708	0.0	1409
NODE_85_length_113348_cov_41.1.g7971.t1	XP_681548.2	93.4	563	563	527	0.0	1009
NODE_85_length_113348_cov_41.1.g7972.t1	XP_050467297.1	100	155	155	155	2.93e-114	318
NODE_85_length_113348_cov_41.1.g7973.t1	XP_681546.1	100	437	437	437	5.74e-320	862
NODE_85_length_113348_cov_41.1.g7974.t1	XP_681545.1	100	720	720	720	0.0	1307
NODE_85_length_113348_cov_41.1.g7975.t1	XP_681544.1	100	474	474	474	0.0	942
NODE_85_length_113348_cov_41.1.g7976.t1	XP_050467296.1	90.8	326	326	314	3.72e-208	570
NODE_85_length_113348_cov_41.1.g7977.t1	XP_681542.2	100	459	459	459	1.09e-309	838
NODE_85_length_113348_cov_41.1.g7978.t1	XP_681541.2	100	623	623	623	0.0	1207
NODE_85_length_113348_cov_41.1.g7979.t1	XP_681540.2	100	707	707	707	0.0	1311
NODE_85_length_113348_cov_41.1.g7980.t1	XP_681539.1	90.5	718	731	650	0.0	1218
NODE_85_length_113348_cov_41.1.g7981.t1	XP_681538.1	100	700	700	700	0.0	1286
NODE_85_length_113348_cov_41.1.g7982.t1	XP_681537.1	99.0	526	521	526	1.44e-289	793
NODE_85_length_113348_cov_41.1.g7983.t1	XP_681536.1	100	108	108	121	1.28e-68	200
NODE_85_length_113348_cov_41.1.g7984.t1	XP_681535.1	100	398	398	398	0.0	862
NODE_85_length_113348_cov_41.1.g7985.t1	XP_681534.1	93.9	231	235	233	1.38e-160	442
NODE_86_length_110065_cov_33.1.g7986.t1	XP_658224.1	98.2	335	329	357	6.59e-220	601
NODE_86_length_110065_cov_33.1.g7987.t1	XP_050469182.1	100	762	762	762	0.0	1474
NODE_86_length_110065_cov_33.1.g7988.t1	XP_658222.1	100	268	268	268	1.18e-187	513
NODE_86_length_110065_cov_33.1.g7989.t1	XP_658221.1	100	325	325	325	2.22e-232	631
NODE_86_length_110065_cov_33.1.g7990.t1	XP_658220.1	100	113	113	202	2.16e-81	235
NODE_86_length_110065_cov_33.1.g7991.t1	XP_658219.1	97.4	231	294	235	4.20e-164	454
NODE_86_length_110065_cov_33.1.g7992.t1	XP_658218.1	61.5	507	321	507	5.40e-192	536
NODE_86_length_110065_cov_33.1.g7993.t1	XP_658217.1	100	424	511	424	1.18e-318	862
NODE_86_length_110065_cov_33.1.g7994.t1	XP_658216.1	100	216	216	216	6.16e-155	426
NODE_86_length_110065_cov_33.1.g7995.t1	XP_658214.1	100	344	344	344	4.44e-253	685
NODE_86_length_110065_cov_33.1.g7996.t1	XP_050469183.1	97.1	593	586	593	0.0	1150
NODE_86_length_110065_cov_33.1.g7997.t1	XP_658212.1	100	443	443	443	0.0	929
NODE_86_length_110065_cov_33.1.g7998.t1	XP_658211.1	99.0	4793	4778	4761	0.0	9260
NODE_86_length_110065_cov_33.1.g7999.t1	XP_658210.1	99.6	553	555	553	0.0	1102
NODE_86_length_110065_cov_33.1.g8000.t1	XP_658209.1	100	837	837	1058	0.0	1571
NODE_86_length_110065_cov_33.1.g8001.t1	XP_658208.1	100	591	695	591	0.0	1169
NODE_86_length_110065_cov_33.1.g8002.t1	XP_658206.1	100	346	346	346	3.45e-242	658
NODE_86_length_110065_cov_33.1.g8003.t1	XP_658205.1	100	618	618	639	0.0	1174
NODE_86_length_110065_cov_33.1.g8004.t1	XP_658204.1	100	259	259	259	1.02e-188	515
NODE_86_length_110065_cov_33.1.g8005.t1	XP_050469184.1	100	369	369	369	2.39e-281	759
NODE_86_length_110065_cov_33.1.g8006.t1	XP_658201.1	100	190	190	190	2.04e-113	319
NODE_86_length_110065_cov_33.1.g8007.t1	XP_658200.1	99.7	1132	1129	1132	0.0	2176
NODE_86_length_110065_cov_33.1.g8008.t1	XP_658199.1	100	695	695	695	0.0	1388
NODE_86_length_110065_cov_33.1.g8009.t1	XP_658198.2	100.0	2575	2575	2575	0.0	5023
NODE_86_length_110065_cov_33.1.g8010.t1	XP_658197.2	100	364	364	364	2.24e-263	713
NODE_86_length_110065_cov_33.1.g8011.t1	XP_050469186.1	100	608	608	608	0.0	1209
NODE_86_length_110065_cov_33.1.g8012.t1	XP_658195.1	100	278	278	278	2.95e-202	551
NODE_86_length_110065_cov_33.1.g8013.t1	XP_658194.1	100	210	210	210	2.20e-120	338
NODE_86_length_110065_cov_33.1.g8014.t1	XP_658193.1	100	812	812	812	0.0	1403
NODE_86_length_110065_cov_33.1.g8016.t1	XP_658192.1	100	488	488	488	0.0	953
NODE_86_length_110065_cov_33.1.g8017.t1	XP_658191.1	100	585	585	585	0.0	1179
NODE_86_length_110065_cov_33.1.g8018.t1	XP_050469188.1	87.4	540	509	536	0.0	922
NODE_87_length_109693_cov_32.9.g8019.t1	XP_661940.1	99.7	331	336	427	1.15e-241	659
NODE_87_length_109693_cov_32.9.g8020.t1	XP_661941.1	77.3	211	191	186	3.98e-108	306
NODE_87_length_109693_cov_32.9.g8021.t1	XP_661942.1	98.9	265	263	265	1.16e-176	485
NODE_87_length_109693_cov_32.9.g8022.t1	XP_661943.1	99.7	940	1064	1146	0.0	1404
NODE_87_length_109693_cov_32.9.g8023.t1	XP_661945.1	100	357	357	357	2.96e-269	727
NODE_87_length_109693_cov_32.9.g8024.t1	XP_661946.1	94.2	208	197	208	6.16e-130	362
NODE_87_length_109693_cov_32.9.g8025.t1	XP_661948.1	94.0	436	457	664	1.14e-291	801
NODE_87_length_109693_cov_32.9.g8027.t1	XP_661949.1	100	606	606	606	0.0	1203
NODE_87_length_109693_cov_32.9.g8028.t1	XP_661950.1	100	421	445	445	5.30e-236	650
NODE_87_length_109693_cov_32.9.g8029.t1	XP_661951.1	97.0	166	170	206	1.89e-105	299
NODE_87_length_109693_cov_32.9.g8030.t1	XP_661952.1	100	239	239	239	6.64e-175	479
NODE_87_length_109693_cov_32.9.g8031.t1	XP_661953.1	100	1125	1125	1125	0.0	2165
NODE_87_length_109693_cov_32.9.g8032.t1	XP_050467744.1	100	688	689	688	0.0	1350
NODE_87_length_109693_cov_32.9.g8033.t1	XP_050467743.1	95.2	1185	1159	1160	0.0	2065
NODE_87_length_109693_cov_32.9.g8034.t1	XP_661955.1	93.5	847	792	847	0.0	1501
NODE_87_length_109693_cov_32.9.g8035.t1	XP_661956.1	72.6	328	328	273	2.42e-146	412
NODE_87_length_109693_cov_32.9.g8036.t1	XP_661957.1	100	458	458	458	0.0	910
NODE_87_length_109693_cov_32.9.g8037.t1	XP_050467742.1	100	201	203	236	1.25e-114	325
NODE_87_length_109693_cov_32.9.g8038.t1	XP_661959.1	98.2	278	294	314	2.21e-187	516
NODE_87_length_109693_cov_32.9.g8039.t1	XP_661961.1	100	560	560	560	0.0	1089
NODE_87_length_109693_cov_32.9.g8040.t1	XP_661962.1	79.6	334	334	267	4.89e-174	482
NODE_87_length_109693_cov_32.9.g8041.t1	XP_661963.1	100	333	333	333	1.88e-228	622
NODE_87_length_109693_cov_32.9.g8042.t1	XP_661964.1	100	497	497	497	0.0	959
NODE_87_length_109693_cov_32.9.g8043.t1	XP_661965.1	100	294	294	294	1.48e-194	533
NODE_87_length_109693_cov_32.9.g8044.t1	XP_661966.1	97.1	346	368	353	8.89e-241	655
NODE_87_length_109693_cov_32.9.g8045.t1	XP_661967.1	100	518	518	518	0.0	1058
NODE_87_length_109693_cov_32.9.g8046.t1	XP_661968.1	100	405	405	405	2.20e-261	711
NODE_87_length_109693_cov_32.9.g8047.t1	XP_661969.1	100	870	870	870	0.0	1720
NODE_87_length_109693_cov_32.9.g8048.t1	XP_661970.1	99.3	299	297	314	2.15e-204	559
NODE_87_length_109693_cov_32.9.g8049.t1	XP_661971.1	95.8	867	1328	905	0.0	1632
NODE_87_length_109693_cov_32.9.g8050.t1	XP_661973.1	100	1181	1181	1181	0.0	2220
NODE_88_length_108408_cov_33.2.g8051.t1	XP_681477.1	99.8	1199	1197	1199	0.0	2207
NODE_88_length_108408_cov_33.2.g8052.t1	XP_050467279.1	99.1	2157	2139	2157	0.0	4242
NODE_88_length_108408_cov_33.2.g8053.t1	XP_681479.1	100	1292	1317	1789	0.0	2317
NODE_88_length_108408_cov_33.2.g8055.t1	XP_681480.1	100	1717	1717	1717	0.0	3396
NODE_88_length_108408_cov_33.2.g8056.t1	XP_681481.1	100	409	427	409	1.88e-303	819
NODE_88_length_108408_cov_33.2.g8057.t1	XP_050467280.1	95.6	227	227	223	2.40e-152	421
NODE_88_length_108408_cov_33.2.g8058.t1	XP_681483.1	100	451	526	451	0.0	895
NODE_88_length_108408_cov_33.2.g8059.t1	XP_681484.1	100	644	644	684	0.0	1319
NODE_88_length_108408_cov_33.2.g8061.t1	XP_681485.2	100	153	153	153	3.45e-112	313
NODE_88_length_108408_cov_33.2.g8062.t1	XP_681486.2	99.7	945	1524	952	0.0	1957
NODE_88_length_108408_cov_33.2.g8063.t1	XP_050467283.1	93.8	549	575	562	2.90e-279	770
NODE_88_length_108408_cov_33.2.g8064.t1	XP_681487.1	95.1	405	405	385	1.16e-274	744
NODE_88_length_108408_cov_33.2.g8065.t1	XP_662463.1	67.8	975	1088	990	0.0	1283
NODE_88_length_108408_cov_33.2.g8066.t1	XP_681489.1	98.1	105	159	134	1.81e-75	220
NODE_88_length_108408_cov_33.2.g8068.t1	XP_681491.1	100	426	426	426	1.55e-315	850
NODE_88_length_108408_cov_33.2.g8069.t1	XP_681492.1	100	204	204	204	1.07e-149	412
NODE_88_length_108408_cov_33.2.g8070.t1	XP_050467284.1	91.9	712	712	680	0.0	1264
NODE_88_length_108408_cov_33.2.g8071.t1	XP_681494.1	100	283	283	310	8.11e-193	529
NODE_88_length_108408_cov_33.2.g8072.t1	XP_681495.2	98.6	214	291	251	6.56e-134	378
NODE_88_length_108408_cov_33.2.g8073.t1	XP_681496.1	100	400	400	467	1.14e-286	778
NODE_88_length_108408_cov_33.2.g8074.t1	XP_050467285.1	100	334	334	334	5.67e-235	639
NODE_88_length_108408_cov_33.2.g8075.t1	XP_681497.2	100	373	373	373	1.01e-227	624
NODE_88_length_108408_cov_33.2.g8076.t1	XP_050467286.1	100	491	491	491	0.0	933
NODE_88_length_108408_cov_33.2.g8078.t1	XP_681499.2	100	476	879	476	0.0	984
NODE_88_length_108408_cov_33.2.g8079.t1	XP_681500.1	100	304	501	304	1.21e-223	616
NODE_88_length_108408_cov_33.2.g8080.t1	XP_681501.1	100	445	445	445	0.0	868
NODE_88_length_108408_cov_33.2.g8081.t1	XP_681502.1	90.7	389	391	409	6.90e-237	649
NODE_88_length_108408_cov_33.2.g8082.t1	XP_681503.1	100	285	285	285	9.23e-189	518
NODE_88_length_108408_cov_33.2.g8083.t1	XP_681504.1	100	1539	1539	1539	0.0	3026
NODE_88_length_108408_cov_33.2.g8084.t1	XP_681505.1	100	634	634	634	0.0	1028
NODE_88_length_108408_cov_33.2.g8085.t1	XP_681506.1	100	359	359	359	3.36e-251	682
NODE_88_length_108408_cov_33.2.g8086.t1	XP_868904.1	100	380	380	380	1.45e-283	765
NODE_88_length_108408_cov_33.2.g8087.t1	XP_868903.1	100	278	278	278	1.67e-101	296
NODE_88_length_108408_cov_33.2.g8088.t1	XP_681507.1	100	183	183	183	1.10e-134	372
NODE_89_length_104965_cov_34.0.g8089.t1	XP_682213.1	100	258	267	304	5.89e-194	531
NODE_89_length_104965_cov_34.0.g8090.t1	XP_682212.1	100	417	417	417	5.10e-305	823
NODE_89_length_104965_cov_34.0.g8091.t1	XP_682211.1	95.4	284	348	271	9.80e-197	540
NODE_89_length_104965_cov_34.0.g8092.t1	XP_682210.1	96.4	588	694	677	0.0	1088
NODE_89_length_104965_cov_34.0.g8093.t1	XP_682209.1	100	702	702	702	0.0	1401
NODE_89_length_104965_cov_34.0.g8094.t1	XP_682208.1	92.1	356	341	356	1.62e-216	593
NODE_89_length_104965_cov_34.0.g8095.t1	XP_682207.1	99.2	634	630	634	0.0	1245
NODE_89_length_104965_cov_34.0.g8096.t1	XP_660006.1	71.4	266	321	278	6.87e-136	385
NODE_89_length_104965_cov_34.0.g8097.t1	XP_682205.1	68.4	453	320	465	1.70e-192	536
NODE_89_length_104965_cov_34.0.g8098.t1	XP_682204.1	96.8	742	742	719	0.0	1436
NODE_89_length_104965_cov_34.0.g8099.t1	XP_682203.1	100	432	432	432	1.13e-311	841
NODE_89_length_104965_cov_34.0.g8100.t1	XP_682202.1	100	280	334	373	1.22e-204	563
NODE_89_length_104965_cov_34.0.g8101.t1	XP_050468598.1	100	279	279	279	5.91e-198	540
NODE_89_length_104965_cov_34.0.g8102.t1	XP_682200.1	100	442	442	442	3.15e-314	848
NODE_89_length_104965_cov_34.0.g8103.t1	XP_682199.1	100	721	723	792	0.0	1444
NODE_89_length_104965_cov_34.0.g8105.t1	XP_682197.1	100	1466	1466	1466	0.0	2887
NODE_89_length_104965_cov_34.0.g8106.t1	XP_682196.1	100	355	355	355	3.50e-251	681
NODE_89_length_104965_cov_34.0.g8107.t1	XP_682193.2	100	424	424	424	1.62e-316	852
NODE_89_length_104965_cov_34.0.g8108.t1	XP_682192.1	100	793	793	793	0.0	1650
NODE_89_length_104965_cov_34.0.g8109.t1	XP_682191.1	85.1	174	251	170	6.24e-84	246
NODE_89_length_104965_cov_34.0.g8110.t1	XP_682190.1	99.8	569	602	601	0.0	1142
NODE_89_length_104965_cov_34.0.g8111.t1	XP_682189.1	97.0	472	476	458	0.0	896
NODE_89_length_104965_cov_34.0.g8112.t1	XP_682188.1	95.8	573	573	549	0.0	1108
NODE_89_length_104965_cov_34.0.g8113.t1	XP_682187.2	95.5	618	1028	618	0.0	1165
NODE_89_length_104965_cov_34.0.g8114.t1	XP_682186.1	100	361	361	361	6.86e-286	769
NODE_89_length_104965_cov_34.0.g8115.t1	XP_682185.2	100	596	663	596	0.0	1169
NODE_89_length_104965_cov_34.0.g8119.t1	XP_868807.1	100	273	273	273	1.11e-199	544
NODE_90_length_104019_cov_34.6.g8120.t1	XP_664728.1	100	110	151	171	9.94e-79	229
NODE_90_length_104019_cov_34.6.g8121.t1	XP_664727.2	100	738	738	738	0.0	1388
NODE_90_length_104019_cov_34.6.g8122.t1	XP_664725.1	100	541	541	541	0.0	1053
NODE_90_length_104019_cov_34.6.g8124.t1	XP_050467900.1	100	74	74	74	1.01e-49	149
NODE_90_length_104019_cov_34.6.g8125.t1	XP_664724.1	100	665	667	699	0.0	1406
NODE_90_length_104019_cov_34.6.g8126.t1	XP_664723.1	96.7	546	546	619	0.0	1073
NODE_90_length_104019_cov_34.6.g8127.t1	XP_664722.1	98.4	875	1313	991	0.0	1710
NODE_90_length_104019_cov_34.6.g8128.t1	XP_664720.1	77.5	160	160	124	2.10e-79	229
NODE_90_length_104019_cov_34.6.g8129.t1	XP_664719.1	100	456	456	456	0.0	919
NODE_90_length_104019_cov_34.6.g8130.t1	XP_050467902.1	100	653	1118	654	0.0	1221
NODE_90_length_104019_cov_34.6.g8131.t1	XP_664717.1	100	522	640	522	0.0	1072
NODE_90_length_104019_cov_34.6.g8132.t1	XP_664716.1	100	579	579	579	0.0	1086
NODE_90_length_104019_cov_34.6.g8133.t1	XP_050467903.1	100	903	903	903	0.0	1790
NODE_90_length_104019_cov_34.6.g8134.t1	XP_664714.1	100	190	190	190	4.27e-140	387
NODE_90_length_104019_cov_34.6.g8135.t1	XP_664713.2	100	178	178	212	5.89e-101	288
NODE_90_length_104019_cov_34.6.g8136.t1	XP_050467904.1	100	321	321	321	1.30e-238	647
NODE_90_length_104019_cov_34.6.g8137.t1	XP_050467905.1	100	251	251	251	2.50e-160	443
NODE_90_length_104019_cov_34.6.g8138.t1	XP_664710.1	100	264	264	264	4.31e-188	514
NODE_90_length_104019_cov_34.6.g8139.t1	XP_664709.1	100	860	860	860	0.0	1465
NODE_90_length_104019_cov_34.6.g8140.t1	XP_050467906.1	99.9	886	886	885	0.0	1724
NODE_90_length_104019_cov_34.6.g8141.t1	XP_664707.1	100	1175	1211	1193	0.0	2257
NODE_90_length_104019_cov_34.6.g8142.t1	XP_664706.1	100	172	172	172	5.32e-132	365
NODE_90_length_104019_cov_34.6.g8143.t1	XP_664705.1	100	273	273	289	7.96e-137	386
NODE_90_length_104019_cov_34.6.g8145.t1	XP_664703.1	100	891	891	891	0.0	1767
NODE_90_length_104019_cov_34.6.g8148.t1	XP_664701.1	90.0	490	478	506	3.01e-312	847
NODE_90_length_104019_cov_34.6.g8149.t1	XP_050467910.1	96.9	590	1144	614	0.0	1129
NODE_90_length_104019_cov_34.6.g8150.t1	XP_050467911.1	90.4	301	319	466	7.97e-191	531
NODE_91_length_102204_cov_65.9.g8151.t1	XP_050467225.1	88.2	399	381	561	2.22e-246	679
NODE_91_length_102204_cov_65.9.g8152.t1	XP_681208.1	100	411	411	411	1.01e-317	854
NODE_91_length_102204_cov_65.9.g8153.t1	XP_681209.1	91.7	408	408	374	4.58e-270	732
NODE_91_length_102204_cov_65.9.g8154.t1	XP_681210.1	100	180	180	180	3.68e-127	353
NODE_91_length_102204_cov_65.9.g8156.t1	XP_681213.1	100	226	226	226	2.05e-158	436
NODE_91_length_102204_cov_65.9.g8157.t1	XP_681214.2	100	659	659	659	0.0	1298
NODE_91_length_102204_cov_65.9.g8158.t1	XP_681215.1	96.4	280	270	280	1.53e-191	524
NODE_91_length_102204_cov_65.9.g8159.t1	XP_681216.2	95.8	192	322	281	1.35e-129	369
NODE_91_length_102204_cov_65.9.g8160.t1	XP_681217.1	89.4	538	538	482	0.0	952
NODE_91_length_102204_cov_65.9.g8161.t1	XP_681218.1	94.8	860	940	825	0.0	1648
NODE_91_length_102204_cov_65.9.g8162.t1	XP_681219.1	100	465	465	465	3.26e-254	698
NODE_91_length_102204_cov_65.9.g8163.t1	XP_050467228.1	99.4	639	653	675	0.0	1249
NODE_91_length_102204_cov_65.9.g8164.t1	XP_681221.1	100	994	994	994	0.0	1921
NODE_91_length_102204_cov_65.9.g8165.t1	XP_681222.1	100	338	338	338	9.40e-261	704
NODE_91_length_102204_cov_65.9.g8166.t1	XP_681223.1	81.7	300	300	245	1.27e-178	491
NODE_91_length_102204_cov_65.9.g8167.t1	XP_681224.1	95.4	483	469	597	0.0	941
NODE_91_length_102204_cov_65.9.g8168.t1	XP_681225.1	100	383	383	383	1.53e-291	786
NODE_91_length_102204_cov_65.9.g8169.t1	XP_681226.1	94.0	149	233	147	1.15e-102	292
NODE_91_length_102204_cov_65.9.g8170.t1	XP_681227.1	90.2	553	553	499	0.0	935
NODE_91_length_102204_cov_65.9.g8171.t1	XP_681228.1	99.5	217	231	230	1.56e-162	447
NODE_91_length_102204_cov_65.9.g8172.t1	XP_681229.1	100	101	101	101	1.19e-67	196
NODE_91_length_102204_cov_65.9.g8173.t1	XP_681230.1	100	171	183	187	7.80e-120	335
NODE_91_length_102204_cov_65.9.g8174.t1	XP_681231.1	100	354	354	354	2.23e-226	619
NODE_91_length_102204_cov_65.9.g8175.t1	XP_681233.1	100	564	564	564	0.0	1159
NODE_91_length_102204_cov_65.9.g8177.t1	XP_681236.1	100	515	525	551	0.0	1028
NODE_91_length_102204_cov_65.9.g8178.t1	XP_681238.1	100	512	520	533	0.0	1056
NODE_91_length_102204_cov_65.9.g8179.t1	XP_681239.1	100	493	493	493	0.0	1028
NODE_91_length_102204_cov_65.9.g8180.t1	XP_681240.1	91.4	604	622	665	0.0	1074
NODE_91_length_102204_cov_65.9.g8181.t1	XP_681241.1	100	453	496	454	1.91e-316	857
NODE_91_length_102204_cov_65.9.g8182.t1	XP_681242.1	94.8	329	312	329	7.11e-222	604
NODE_91_length_102204_cov_65.9.g8183.t1	XP_050467230.1	100	235	354	235	5.45e-173	479
NODE_91_length_102204_cov_65.9.g8184.t1	XP_681245.1	100	258	289	355	1.57e-200	550
NODE_92_length_95290_cov_32.91.g8185.t1	XP_660264.1	100	505	505	505	0.0	1028
NODE_92_length_95290_cov_32.91.g8186.t1	XP_660263.2	98.6	834	822	834	0.0	959
NODE_92_length_95290_cov_32.91.g8187.t1	XP_660262.1	97.8	741	1331	746	0.0	1412
NODE_92_length_95290_cov_32.91.g8188.t1	XP_660260.1	90.2	438	442	467	5.36e-280	763
NODE_92_length_95290_cov_32.91.g8189.t1	XP_660259.1	98.5	335	365	368	2.55e-252	685
NODE_92_length_95290_cov_32.91.g8190.t1	XP_660257.1	98.7	454	450	452	0.0	905
NODE_92_length_95290_cov_32.91.g8191.t1	XP_660256.1	96.5	567	548	567	0.0	1082
NODE_92_length_95290_cov_32.91.g8193.t1	XP_660253.1	99.7	373	380	409	6.16e-251	684
NODE_92_length_95290_cov_32.91.g8194.t1	XP_660252.1	100	566	665	566	0.0	1135
NODE_92_length_95290_cov_32.91.g8195.t1	XP_660251.1	100	393	429	393	1.78e-284	770
NODE_92_length_95290_cov_32.91.g8196.t1	XP_660250.1	88.7	675	625	687	0.0	1177
NODE_92_length_95290_cov_32.91.g8197.t1	XP_660248.1	97.4	685	671	684	0.0	1318
NODE_92_length_95290_cov_32.91.g8198.t1	XP_660247.1	75.7	457	360	457	3.20e-227	625
NODE_92_length_95290_cov_32.91.g8199.t1	XP_660246.1	100	75	75	139	5.83e-53	159
NODE_92_length_95290_cov_32.91.g8200.t1	XP_050468574.1	100	211	211	211	4.39e-132	368
NODE_92_length_95290_cov_32.91.g8201.t1	XP_660245.2	100	649	649	649	0.0	1291
NODE_92_length_95290_cov_32.91.g8202.t1	XP_050468575.1	100	461	461	461	0.0	895
NODE_92_length_95290_cov_32.91.g8203.t1	XP_660244.1	100	366	366	366	2.87e-251	682
NODE_92_length_95290_cov_32.91.g8204.t1	XP_660243.2	100	365	365	365	3.99e-287	773
NODE_92_length_95290_cov_32.91.g8205.t1	XP_050468576.1	100	409	409	463	4.07e-302	817
NODE_92_length_95290_cov_32.91.g8206.t1	XP_660241.1	100	340	340	340	5.85e-256	692
NODE_92_length_95290_cov_32.91.g8207.t1	XP_660240.1	100	527	541	550	0.0	1096
NODE_92_length_95290_cov_32.91.g8209.t1	XP_868913.1	100	334	334	334	1.02e-237	645
NODE_92_length_95290_cov_32.91.g8210.t1	XP_660238.1	97.6	329	480	359	2.44e-236	649
NODE_92_length_95290_cov_32.91.g8211.t1	XP_660236.1	100	306	327	308	2.76e-227	618
NODE_92_length_95290_cov_32.91.g8212.t1	XP_660235.1	84.0	437	465	568	8.73e-249	689
NODE_93_length_94462_cov_34.35.g8213.t1	XP_663800.1	100	224	224	224	5.41e-153	422
NODE_93_length_94462_cov_34.35.g8214.t1	XP_663801.1	94.1	444	419	444	1.65e-299	810
NODE_93_length_94462_cov_34.35.g8215.t1	XP_663802.1	100	218	252	248	5.50e-159	439
NODE_93_length_94462_cov_34.35.g8216.t1	XP_663803.1	70.3	219	219	155	1.14e-98	282
NODE_93_length_94462_cov_34.35.g8217.t1	XP_663804.1	100	1287	1287	1287	0.0	2374
NODE_93_length_94462_cov_34.35.g8218.t1	XP_663805.1	100	339	339	339	2.61e-238	647
NODE_93_length_94462_cov_34.35.g8220.t1	XP_663807.1	100	171	171	171	7.22e-116	324
NODE_93_length_94462_cov_34.35.g8221.t1	XP_050466976.1	97.9	632	623	632	0.0	1292
NODE_93_length_94462_cov_34.35.g8222.t1	XP_050466975.1	93.6	750	871	804	0.0	1348
NODE_93_length_94462_cov_34.35.g8223.t1	XP_663809.1	92.5	654	614	654	0.0	1203
NODE_93_length_94462_cov_34.35.g8224.t1	XP_663810.1	98.6	215	261	230	1.32e-111	319
NODE_93_length_94462_cov_34.35.g8225.t1	XP_663811.1	93.1	435	435	405	6.85e-298	805
NODE_93_length_94462_cov_34.35.g8226.t1	XP_050466973.1	100	412	412	412	5.71e-304	820
NODE_93_length_94462_cov_34.35.g8227.t1	XP_663813.1	98.8	489	483	489	0.0	950
NODE_93_length_94462_cov_34.35.g8228.t1	XP_663814.1	100	631	631	631	0.0	1219
NODE_93_length_94462_cov_34.35.g8229.t1	XP_663815.1	100	837	837	837	0.0	1676
NODE_93_length_94462_cov_34.35.g8230.t1	XP_663816.2	97.7	532	533	603	0.0	930
NODE_93_length_94462_cov_34.35.g8231.t1	XP_050466972.1	100	159	159	159	5.65e-114	318
NODE_93_length_94462_cov_34.35.g8232.t1	XP_050466971.1	100	535	751	535	0.0	975
NODE_93_length_94462_cov_34.35.g8233.t1	XP_663818.1	98.6	496	489	496	0.0	885
NODE_93_length_94462_cov_34.35.g8234.t1	XP_663819.1	100	301	301	319	1.53e-213	582
NODE_93_length_94462_cov_34.35.g8235.t1	XP_663820.1	100	386	386	386	6.01e-270	731
NODE_93_length_94462_cov_34.35.g8237.t1	XP_050466969.1	93.5	306	306	286	8.40e-209	569
NODE_93_length_94462_cov_34.35.g8238.t1	XP_050466968.1	100	238	238	238	6.81e-163	448
NODE_93_length_94462_cov_34.35.g8239.t1	XP_050466967.1	100	510	581	510	0.0	1009
NODE_94_length_90902_cov_34.46.g8241.t1	XP_663845.1	100	638	638	659	0.0	957
NODE_94_length_90902_cov_34.46.g8242.t1	XP_663844.1	100	300	300	300	5.04e-205	560
NODE_94_length_90902_cov_34.46.g8243.t1	XP_663843.1	100	363	366	374	3.59e-272	736
NODE_94_length_90902_cov_34.46.g8244.t1	XP_663842.1	100	577	577	577	0.0	1088
NODE_94_length_90902_cov_34.46.g8245.t1	XP_663841.1	100	1377	1377	1377	0.0	2573
NODE_94_length_90902_cov_34.46.g8246.t1	XP_663840.1	100	2086	2086	2086	0.0	4086
NODE_94_length_90902_cov_34.46.g8247.t1	XP_663839.1	100	230	267	240	2.98e-165	456
NODE_94_length_90902_cov_34.46.g8248.t1	XP_663838.1	100	443	443	443	0.0	946
NODE_94_length_90902_cov_34.46.g8249.t1	XP_663837.1	100	299	299	299	1.08e-194	534
NODE_94_length_90902_cov_34.46.g8251.t1	XP_663835.1	100	723	723	723	0.0	1432
NODE_94_length_90902_cov_34.46.g8252.t1	XP_663834.2	100	607	607	658	0.0	1174
NODE_94_length_90902_cov_34.46.g8253.t1	XP_050466961.1	100	362	543	365	4.11e-257	705
NODE_94_length_90902_cov_34.46.g8254.t1	XP_663832.1	100	1524	1524	1524	0.0	2641
NODE_94_length_90902_cov_34.46.g8255.t1	XP_663831.1	100	470	470	470	0.0	941
NODE_94_length_90902_cov_34.46.g8256.t1	XP_050466962.1	100	549	549	549	0.0	1065
NODE_94_length_90902_cov_34.46.g8257.t1	XP_050466963.1	94.2	396	488	439	5.74e-231	639
NODE_94_length_90902_cov_34.46.g8258.t1	XP_663829.1	100	153	153	153	1.84e-107	301
NODE_94_length_90902_cov_34.46.g8259.t1	XP_663828.1	100	200	200	200	3.30e-133	370
NODE_94_length_90902_cov_34.46.g8261.t1	XP_663827.1	100	203	203	203	2.74e-122	343
NODE_94_length_90902_cov_34.46.g8262.t1	XP_050466964.1	100	1170	1170	1170	0.0	2267
NODE_94_length_90902_cov_34.46.g8263.t1	XP_663826.2	100	775	775	775	0.0	1566
NODE_94_length_90902_cov_34.46.g8264.t1	XP_663825.1	100	266	419	312	1.55e-153	435
NODE_94_length_90902_cov_34.46.g8265.t1	XP_663824.1	98.7	392	546	392	3.25e-280	764
NODE_95_length_90807_cov_34.30.g8266.t1	XP_681430.1	100	701	701	701	0.0	1424
NODE_95_length_90807_cov_34.30.g8267.t1	XP_681431.1	100	473	473	473	0.0	951
NODE_95_length_90807_cov_34.30.g8268.t1	XP_050467267.1	85.7	293	293	251	2.47e-171	473
NODE_95_length_90807_cov_34.30.g8269.t1	XP_681433.1	94.9	547	704	536	0.0	993
NODE_95_length_90807_cov_34.30.g8270.t1	XP_681434.1	100	635	635	635	0.0	1285
NODE_95_length_90807_cov_34.30.g8271.t1	XP_681435.1	100	449	449	449	0.0	905
NODE_95_length_90807_cov_34.30.g8272.t1	XP_681436.1	100	507	507	507	0.0	998
NODE_95_length_90807_cov_34.30.g8273.t1	XP_681437.1	100	352	352	352	7.20e-263	711
NODE_95_length_90807_cov_34.30.g8274.t1	XP_681438.1	97.0	560	560	543	0.0	1062
NODE_95_length_90807_cov_34.30.g8275.t1	XP_681439.1	100	356	356	356	3.38e-222	608
NODE_95_length_90807_cov_34.30.g8277.t1	XP_681440.1	100	669	689	923	0.0	1358
NODE_95_length_90807_cov_34.30.g8278.t1	XP_681441.1	100	590	590	590	0.0	1211
NODE_95_length_90807_cov_34.30.g8279.t1	XP_681442.1	100	341	341	341	3.71e-239	650
NODE_95_length_90807_cov_34.30.g8280.t1	XP_681443.1	90.8	530	530	722	0.0	944
NODE_95_length_90807_cov_34.30.g8281.t1	XP_681444.1	100	418	418	418	3.27e-297	803
NODE_95_length_90807_cov_34.30.g8282.t1	XP_681445.1	100	372	372	372	1.77e-264	716
NODE_95_length_90807_cov_34.30.g8283.t1	XP_681446.1	84.4	974	953	867	0.0	1563
NODE_95_length_90807_cov_34.30.g8284.t1	XP_681448.1	96.1	761	761	748	0.0	1371
NODE_95_length_90807_cov_34.30.g8285.t1	XP_681449.1	100	583	583	583	0.0	1018
NODE_95_length_90807_cov_34.30.g8286.t1	XP_681450.1	100	475	475	475	0.0	896
NODE_95_length_90807_cov_34.30.g8288.t1	XP_050467270.1	100	384	384	384	2.78e-274	742
NODE_95_length_90807_cov_34.30.g8289.t1	XP_050467271.1	92.4	899	914	851	0.0	1511
NODE_95_length_90807_cov_34.30.g8290.t1	XP_681453.1	91.7	503	503	461	0.0	912
NODE_95_length_90807_cov_34.30.g8291.t1	XP_681454.2	99.9	1292	1738	1398	0.0	2561
NODE_96_length_90756_cov_33.67.g8292.t1	XP_660004.1	100	341	341	341	4.60e-194	536
NODE_96_length_90756_cov_33.67.g8293.t1	XP_660005.1	100	564	564	1010	0.0	1103
NODE_96_length_90756_cov_33.67.g8295.t1	XP_660006.1	100	278	278	278	2.95e-202	551
NODE_96_length_90756_cov_33.67.g8296.t1	XP_050468877.1	98.4	1051	1637	1060	0.0	2026
NODE_96_length_90756_cov_33.67.g8297.t1	XP_050468878.1	100	397	397	397	5.97e-287	775
NODE_96_length_90756_cov_33.67.g8298.t1	XP_050468879.1	100	258	258	258	2.52e-193	527
NODE_96_length_90756_cov_33.67.g8300.t1	XP_050468880.1	100	224	224	224	5.29e-169	462
NODE_96_length_90756_cov_33.67.g8301.t1	XP_660011.1	92.7	701	676	675	0.0	1274
NODE_96_length_90756_cov_33.67.g8302.t1	XP_050468881.1	100	97	97	97	3.50e-65	190
NODE_96_length_90756_cov_33.67.g8303.t1	XP_660012.1	100	778	778	778	0.0	1593
NODE_96_length_90756_cov_33.67.g8304.t1	XP_050468882.1	100	424	424	424	4.37e-305	823
NODE_96_length_90756_cov_33.67.g8305.t1	XP_050468883.1	100	312	312	312	6.54e-223	606
NODE_96_length_90756_cov_33.67.g8306.t1	XP_660014.1	100	548	548	548	0.0	1101
NODE_96_length_90756_cov_33.67.g8307.t1	XP_660015.1	100	283	394	298	2.34e-204	562
NODE_96_length_90756_cov_33.67.g8308.t1	XP_660016.2	100	409	409	414	8.01e-281	761
NODE_96_length_90756_cov_33.67.g8309.t1	XP_660018.2	100	475	475	475	0.0	957
NODE_96_length_90756_cov_33.67.g8310.t1	XP_660019.1	100	373	373	373	1.19e-283	765
NODE_96_length_90756_cov_33.67.g8311.t1	XP_660020.1	100	382	382	382	2.41e-283	765
NODE_96_length_90756_cov_33.67.g8312.t1	XP_660021.1	87.0	977	862	967	0.0	1499
NODE_96_length_90756_cov_33.67.g8313.t1	XP_660022.1	100	655	655	655	0.0	1263
NODE_96_length_90756_cov_33.67.g8314.t1	XP_660023.1	96.2	446	446	429	2.46e-286	777
NODE_96_length_90756_cov_33.67.g8315.t1	XP_660024.1	99.8	1224	1224	1224	0.0	2258
NODE_96_length_90756_cov_33.67.g8316.t1	XP_660025.1	100	354	354	354	3.94e-252	684
NODE_96_length_90756_cov_33.67.g8317.t1	XP_050468886.1	100	591	646	654	0.0	1205
NODE_96_length_90756_cov_33.67.g8318.t1	XP_660027.1	98.8	254	251	254	4.27e-180	493
NODE_96_length_90756_cov_33.67.g8319.t1	XP_050468887.1	100	1253	1359	1253	0.0	2477
NODE_97_length_87515_cov_38.39.g8320.t1	XP_660946.1	100	1480	1480	1480	0.0	2924
NODE_97_length_87515_cov_38.39.g8321.t1	XP_660945.1	98.1	520	520	510	0.0	1002
NODE_97_length_87515_cov_38.39.g8322.t1	XP_660944.1	84.5	1226	1036	1541	0.0	1968
NODE_97_length_87515_cov_38.39.g8323.t1	XP_660943.1	100	342	342	342	7.88e-246	667
NODE_97_length_87515_cov_38.39.g8324.t1	XP_660942.1	100	121	166	129	2.25e-88	253
NODE_97_length_87515_cov_38.39.g8325.t1	XP_660941.1	100	254	254	254	1.63e-187	512
NODE_97_length_87515_cov_38.39.g8326.t1	XP_660940.1	94.0	334	334	315	7.14e-238	645
NODE_97_length_87515_cov_38.39.g8327.t1	XP_660939.1	100	269	269	269	3.62e-212	575
NODE_97_length_87515_cov_38.39.g8328.t1	XP_660938.1	100	328	328	328	7.17e-235	638
NODE_97_length_87515_cov_38.39.g8329.t1	XP_660937.1	100	790	790	790	0.0	1604
NODE_97_length_87515_cov_38.39.g8330.t1	XP_660935.1	100	344	344	344	1.55e-253	686
NODE_97_length_87515_cov_38.39.g8331.t1	XP_660934.1	97.6	863	863	852	0.0	1670
NODE_97_length_87515_cov_38.39.g8332.t1	XP_660933.1	100	1361	1361	1361	0.0	2715
NODE_97_length_87515_cov_38.39.g8333.t1	XP_660932.1	100	419	420	419	1.10e-298	807
NODE_97_length_87515_cov_38.39.g8334.t1	XP_660931.1	100	353	353	353	1.99e-265	717
NODE_97_length_87515_cov_38.39.g8337.t1	XP_660926.1	100	490	490	490	0.0	999
NODE_97_length_87515_cov_38.39.g8338.t1	XP_660925.1	100	483	483	483	0.0	964
NODE_98_length_84885_cov_31.95.g8339.t1	XP_681254.1	100	544	544	567	0.0	1078
NODE_98_length_84885_cov_31.95.g8340.t1	XP_681255.1	96.6	1255	1255	1212	0.0	2373
NODE_98_length_84885_cov_31.95.g8341.t1	XP_681256.1	100	377	377	377	8.07e-284	766
NODE_98_length_84885_cov_31.95.g8343.t1	XP_050467232.1	96.1	337	550	347	3.14e-235	649
NODE_98_length_84885_cov_31.95.g8344.t1	XP_681259.1	100	140	140	140	1.74e-83	239
NODE_98_length_84885_cov_31.95.g8345.t1	XP_681261.1	100	87	87	87	4.51e-61	179
NODE_98_length_84885_cov_31.95.g8346.t1	XP_681262.1	100	1062	1062	1062	0.0	2009
NODE_98_length_84885_cov_31.95.g8347.t1	XP_681263.1	100	712	718	724	0.0	1385
NODE_98_length_84885_cov_31.95.g8348.t1	XP_681264.1	100	379	379	379	7.02e-270	731
NODE_98_length_84885_cov_31.95.g8349.t1	XP_681265.1	100	334	334	334	4.09e-212	581
NODE_98_length_84885_cov_31.95.g8350.t1	XP_681266.1	100	602	602	602	0.0	1119
NODE_98_length_84885_cov_31.95.g8351.t1	XP_681267.1	100	622	622	622	0.0	1261
NODE_98_length_84885_cov_31.95.g8352.t1	XP_050467233.1	100	266	266	266	6.65e-193	526
NODE_98_length_84885_cov_31.95.g8353.t1	XP_664388.1	38.1	425	464	446	3.13e-101	308
NODE_98_length_84885_cov_31.95.g8354.t1	XP_868849.1	100	622	738	631	0.0	1213
NODE_98_length_84885_cov_31.95.g8356.t1	XP_681270.1	100	272	272	272	1.07e-176	486
NODE_98_length_84885_cov_31.95.g8357.t1	XP_681271.1	100	756	756	756	0.0	1444
NODE_98_length_84885_cov_31.95.g8358.t1	XP_681272.1	100	484	484	484	0.0	1003
NODE_98_length_84885_cov_31.95.g8359.t1	XP_681273.1	100	469	469	469	0.0	945
NODE_98_length_84885_cov_31.95.g8360.t1	XP_681274.1	100	242	242	242	6.39e-179	489
NODE_98_length_84885_cov_31.95.g8361.t1	XP_681275.1	100	135	135	135	1.53e-86	247
NODE_99_length_84229_cov_36.89.g8363.t1	XP_050467945.1	100	302	302	302	3.57e-240	649
NODE_99_length_84229_cov_36.89.g8365.t1	XP_664578.1	100	206	206	206	3.08e-150	414
NODE_99_length_84229_cov_36.89.g8366.t1	XP_682611.2	95.4	1323	1524	1323	0.0	2350
NODE_99_length_84229_cov_36.89.g8368.t1	XP_682610.1	93.4	1182	1145	1159	0.0	1912
NODE_99_length_84229_cov_36.89.g8369.t1	XP_050468965.1	82.6	460	414	457	5.88e-265	723
NODE_99_length_84229_cov_36.89.g8370.t1	XP_682609.2	100	1002	1111	1002	0.0	2024
NODE_99_length_84229_cov_36.89.g8371.t1	XP_682608.1	99.9	722	721	722	0.0	1427
NODE_99_length_84229_cov_36.89.g8372.t1	XP_682607.1	100	114	135	192	5.99e-85	245
NODE_99_length_84229_cov_36.89.g8374.t1	XP_682605.1	99.6	503	501	503	0.0	980
NODE_99_length_84229_cov_36.89.g8375.t1	XP_682604.2	100	593	1007	687	0.0	1190
NODE_99_length_84229_cov_36.89.g8376.t1	XP_682602.1	100	568	568	1072	0.0	1140
NODE_99_length_84229_cov_36.89.g8378.t1	XP_682601.1	100	324	324	324	2.53e-242	656
NODE_99_length_84229_cov_36.89.g8379.t1	XP_682600.1	69.6	207	241	226	1.25e-91	268
NODE_99_length_84229_cov_36.89.g8380.t1	XP_682599.1	100	334	334	334	2.28e-250	677
NODE_99_length_84229_cov_36.89.g8381.t1	XP_682598.1	92.3	938	938	866	0.0	1715
NODE_99_length_84229_cov_36.89.g8382.t1	XP_682597.1	100	652	652	670	0.0	1300
NODE_99_length_84229_cov_36.89.g8383.t1	XP_682596.1	100	337	337	337	8.07e-266	717
NODE_99_length_84229_cov_36.89.g8384.t1	XP_050468962.1	98.6	570	570	563	0.0	1155
NODE_99_length_84229_cov_36.89.g8385.t1	XP_050468961.1	100	442	442	442	0.0	872
NODE_99_length_84229_cov_36.89.g8386.t1	XP_682594.1	100	160	160	160	3.14e-116	324
NODE_100_length_81662_cov_34.8.g8387.t1	XP_664484.1	100	1357	1419	1357	0.0	2620
NODE_100_length_81662_cov_34.8.g8388.t1	XP_664483.1	99.5	401	615	406	4.63e-280	768
NODE_100_length_81662_cov_34.8.g8389.t1	XP_664482.1	99.8	623	657	673	0.0	1122
NODE_100_length_81662_cov_34.8.g8390.t1	XP_664481.1	94.6	279	342	287	1.31e-201	553
NODE_100_length_81662_cov_34.8.g8391.t1	XP_664480.1	87.1	488	502	438	4.85e-296	805
NODE_100_length_81662_cov_34.8.g8392.t1	XP_664479.1	100	1660	1713	1700	0.0	2784
NODE_100_length_81662_cov_34.8.g8393.t1	XP_664478.1	100	469	706	478	0.0	918
NODE_100_length_81662_cov_34.8.g8395.t1	XP_664475.1	86.4	575	562	542	0.0	940
NODE_100_length_81662_cov_34.8.g8396.t1	XP_664474.1	100	507	507	507	0.0	974
NODE_100_length_81662_cov_34.8.g8397.t1	XP_664473.1	95.4	412	393	412	8.02e-290	783
NODE_100_length_81662_cov_34.8.g8398.t1	XP_664472.1	100	608	608	608	0.0	1176
NODE_100_length_81662_cov_34.8.g8399.t1	XP_050467187.1	100	654	694	654	0.0	1169
NODE_100_length_81662_cov_34.8.g8400.t1	XP_664470.1	100	267	267	267	3.71e-195	532
NODE_100_length_81662_cov_34.8.g8401.t1	XP_664469.1	100	290	290	290	2.53e-209	570
NODE_100_length_81662_cov_34.8.g8402.t1	XP_664468.1	100	539	539	539	0.0	962
NODE_100_length_81662_cov_34.8.g8403.t1	XP_664467.1	100	644	644	670	0.0	1227
NODE_100_length_81662_cov_34.8.g8404.t1	XP_664466.1	100	100	100	100	1.30e-66	194
NODE_100_length_81662_cov_34.8.g8405.t1	XP_664465.1	100	239	261	256	8.62e-174	478
NODE_100_length_81662_cov_34.8.g8406.t1	XP_050467186.1	76.9	381	381	309	1.12e-192	533
NODE_100_length_81662_cov_34.8.g8407.t1	XP_664462.1	95.9	617	759	630	0.0	1174
NODE_100_length_81662_cov_34.8.g8408.t1	XP_664461.1	100	490	490	490	0.0	1005
NODE_100_length_81662_cov_34.8.g8409.t1	XP_664460.1	100	120	120	120	2.38e-76	220
NODE_100_length_81662_cov_34.8.g8410.t1	XP_050467185.1	100	241	241	241	3.84e-175	479
NODE_100_length_81662_cov_34.8.g8411.t1	XP_050467184.1	96.5	685	664	682	0.0	1260
NODE_100_length_81662_cov_34.8.g8412.t1	XP_664458.1	100	151	151	151	2.74e-108	303
NODE_100_length_81662_cov_34.8.g8413.t1	XP_664457.1	100	414	414	414	4.63e-295	797
NODE_101_length_81103_cov_33.8.g8414.t1	XP_663958.1	100	1418	1543	1418	0.0	2718
NODE_101_length_81103_cov_33.8.g8415.t1	XP_663960.1	100	216	216	216	1.56e-148	410
NODE_101_length_81103_cov_33.8.g8417.t1	XP_663962.1	100	238	247	238	3.88e-169	464
NODE_101_length_81103_cov_33.8.g8418.t1	XP_663963.1	100	678	678	678	0.0	1094
NODE_101_length_81103_cov_33.8.g8419.t1	XP_050466932.1	100	557	557	557	0.0	1014
NODE_101_length_81103_cov_33.8.g8420.t1	XP_663965.1	94.0	248	254	249	2.33e-179	491
NODE_101_length_81103_cov_33.8.g8421.t1	XP_663966.1	100	153	153	153	2.52e-114	318
NODE_101_length_81103_cov_33.8.g8422.t1	XP_663967.1	100	558	558	558	0.0	1053
NODE_101_length_81103_cov_33.8.g8423.t1	XP_663968.1	97.0	1215	1199	1215	0.0	2118
NODE_101_length_81103_cov_33.8.g8424.t1	XP_050466931.1	100	208	208	208	5.99e-158	433
NODE_101_length_81103_cov_33.8.g8425.t1	XP_663970.2	100	309	313	310	2.05e-228	620
NODE_101_length_81103_cov_33.8.g8426.t1	XP_663971.1	100	342	342	342	1.73e-249	676
NODE_101_length_81103_cov_33.8.g8427.t1	XP_663972.1	99.8	650	650	650	0.0	1266
NODE_101_length_81103_cov_33.8.g8428.t1	XP_663973.1	93.8	582	636	559	0.0	1027
NODE_101_length_81103_cov_33.8.g8429.t1	XP_663974.1	100	638	638	638	0.0	1026
NODE_101_length_81103_cov_33.8.g8430.t1	XP_663975.1	100	387	387	387	2.70e-262	712
NODE_101_length_81103_cov_33.8.g8431.t1	XP_663976.1	100	541	541	541	0.0	1073
NODE_101_length_81103_cov_33.8.g8432.t1	XP_663977.1	100	339	358	339	5.10e-250	678
NODE_101_length_81103_cov_33.8.g8433.t1	XP_663978.1	100	610	610	610	0.0	1157
NODE_101_length_81103_cov_33.8.g8434.t1	XP_663979.1	100	550	565	881	0.0	1107
NODE_101_length_81103_cov_33.8.g8436.t1	XP_663980.1	100	107	107	107	4.35e-75	216
NODE_101_length_81103_cov_33.8.g8437.t1	XP_663981.1	100	722	722	750	0.0	1495
NODE_101_length_81103_cov_33.8.g8438.t1	XP_663983.1	100	78	92	155	1.86e-50	154
NODE_101_length_81103_cov_33.8.g8439.t1	XP_663984.1	100	178	178	178	1.51e-134	372
NODE_101_length_81103_cov_33.8.g8440.t1	XP_663985.1	100	335	387	349	9.03e-254	689
NODE_101_length_81103_cov_33.8.g8441.t1	XP_868881.1	100	180	272	195	3.74e-129	363
NODE_101_length_81103_cov_33.8.g8442.t1	XP_868880.1	100	275	275	275	1.56e-191	524
NODE_101_length_81103_cov_33.8.g8443.t1	XP_868879.1	100	296	296	296	6.77e-217	590
NODE_101_length_81103_cov_33.8.g8444.t1	XP_868878.1	100	270	270	270	3.39e-188	515
NODE_102_length_79553_cov_35.2.g8445.t1	XP_050468977.1	100	938	938	938	0.0	1861
NODE_102_length_79553_cov_35.2.g8446.t1	XP_682678.1	97.7	307	355	307	1.88e-216	592
NODE_102_length_79553_cov_35.2.g8448.t1	XP_682677.1	100	2093	2093	2093	0.0	4170
NODE_102_length_79553_cov_35.2.g8449.t1	XP_050468976.1	100	1860	1860	1860	0.0	3599
NODE_102_length_79553_cov_35.2.g8450.t1	XP_682675.1	99.6	699	715	700	0.0	1352
NODE_102_length_79553_cov_35.2.g8451.t1	XP_682674.1	100	332	332	332	6.51e-249	674
NODE_102_length_79553_cov_35.2.g8452.t1	XP_682673.1	100	196	196	196	5.55e-139	384
NODE_102_length_79553_cov_35.2.g8453.t1	XP_050468975.1	100	375	375	375	5.36e-272	736
NODE_102_length_79553_cov_35.2.g8454.t1	XP_682671.1	93.4	617	617	580	0.0	1148
NODE_102_length_79553_cov_35.2.g8455.t1	XP_050468974.1	100	422	422	422	1.48e-311	840
NODE_102_length_79553_cov_35.2.g8456.t1	XP_682669.1	100	506	506	559	0.0	984
NODE_102_length_79553_cov_35.2.g8457.t1	XP_682668.1	100	607	607	607	0.0	1215
NODE_102_length_79553_cov_35.2.g8458.t1	XP_682667.1	100	492	492	492	0.0	946
NODE_102_length_79553_cov_35.2.g8461.t1	XP_682662.1	100	468	468	468	0.0	882
NODE_102_length_79553_cov_35.2.g8462.t1	XP_682661.1	86.4	487	487	568	1.08e-290	796
NODE_102_length_79553_cov_35.2.g8463.t1	XP_682660.1	100	375	375	375	6.53e-273	738
NODE_102_length_79553_cov_35.2.g8464.t1	XP_682659.1	97.6	1092	1092	1132	0.0	2223
NODE_102_length_79553_cov_35.2.g8465.t1	XP_682658.1	97.1	589	573	589	0.0	1125
NODE_102_length_79553_cov_35.2.g8466.t1	XP_682657.1	100	340	340	340	9.11e-269	724
NODE_102_length_79553_cov_35.2.g8467.t1	XP_682656.1	86.7	360	360	312	7.22e-212	580
NODE_102_length_79553_cov_35.2.g8468.t1	XP_682655.1	98.9	357	353	357	3.48e-251	681
NODE_103_length_78610_cov_34.4.g8469.t1	XP_662697.1	91.2	386	413	384	1.13e-195	545
NODE_103_length_78610_cov_34.4.g8471.t1	XP_662695.2	97.2	288	293	334	6.18e-210	573
NODE_103_length_78610_cov_34.4.g8472.t1	XP_662694.1	100	236	236	236	5.05e-148	410
NODE_103_length_78610_cov_34.4.g8473.t1	XP_662693.1	100	204	204	204	6.17e-140	387
NODE_103_length_78610_cov_34.4.g8474.t1	XP_662692.1	99.9	1058	1197	1134	0.0	2016
NODE_103_length_78610_cov_34.4.g8475.t1	XP_050467551.1	100	264	264	264	6.65e-192	524
NODE_103_length_78610_cov_34.4.g8476.t1	XP_662690.1	100	151	151	151	9.90e-102	286
NODE_103_length_78610_cov_34.4.g8477.t1	XP_050467552.1	100	359	359	456	1.53e-266	724
NODE_103_length_78610_cov_34.4.g8478.t1	XP_050467554.1	100	561	561	561	0.0	1096
NODE_103_length_78610_cov_34.4.g8479.t1	XP_662687.2	99.8	557	562	782	0.0	1111
NODE_103_length_78610_cov_34.4.g8481.t1	XP_050467556.1	53.1	382	407	353	2.81e-108	321
NODE_103_length_78610_cov_34.4.g8482.t1	XP_662685.1	73.2	291	302	333	3.61e-139	395
NODE_103_length_78610_cov_34.4.g8483.t1	XP_050467558.1	87.2	366	378	486	1.07e-225	623
NODE_103_length_78610_cov_34.4.g8484.t1	XP_050467559.1	92.2	308	454	389	1.39e-203	566
NODE_103_length_78610_cov_34.4.g8485.t1	XP_662682.1	100	210	213	304	2.91e-143	400
NODE_103_length_78610_cov_34.4.g8488.t1	XP_662681.1	96.2	1318	1348	1782	0.0	2486
NODE_103_length_78610_cov_34.4.g8489.t1	XP_662680.1	99.4	632	628	632	0.0	1242
NODE_103_length_78610_cov_34.4.g8490.t1	XP_662679.1	100	508	514	793	0.0	1043
NODE_103_length_78610_cov_34.4.g8491.t1	XP_662678.1	100	275	275	275	1.02e-196	537
NODE_103_length_78610_cov_34.4.g8492.t1	XP_662677.1	100	180	224	240	4.99e-139	387
NODE_104_length_78579_cov_33.2.g8493.t1	XP_681508.1	100	280	280	280	4.74e-209	568
NODE_104_length_78579_cov_33.2.g8494.t1	XP_681509.1	100	506	506	506	0.0	1000
NODE_104_length_78579_cov_33.2.g8495.t1	XP_681510.1	100	961	961	961	0.0	1129
NODE_104_length_78579_cov_33.2.g8496.t1	XP_681511.1	100	337	337	337	1.09e-254	689
NODE_104_length_78579_cov_33.2.g8497.t1	XP_681512.2	100	128	128	128	4.15e-92	260
NODE_104_length_78579_cov_33.2.g8498.t1	XP_050467288.1	100	497	497	589	0.0	952
NODE_104_length_78579_cov_33.2.g8499.t1	XP_681513.2	99.9	811	811	811	0.0	1202
NODE_104_length_78579_cov_33.2.g8500.t1	XP_050467290.1	100	599	927	619	0.0	1201
NODE_104_length_78579_cov_33.2.g8501.t1	XP_681515.1	98.5	475	535	542	0.0	880
NODE_104_length_78579_cov_33.2.g8502.t1	XP_681516.1	100	283	283	283	1.64e-158	441
NODE_104_length_78579_cov_33.2.g8504.t1	XP_681517.1	100	508	508	508	0.0	955
NODE_104_length_78579_cov_33.2.g8505.t1	XP_681518.1	96.4	743	743	716	0.0	1420
NODE_104_length_78579_cov_33.2.g8506.t1	XP_681519.1	100	510	510	510	0.0	1011
NODE_104_length_78579_cov_33.2.g8507.t1	XP_681520.1	100	475	475	475	0.0	907
NODE_104_length_78579_cov_33.2.g8508.t1	XP_050467293.1	99.8	500	942	519	0.0	999
NODE_104_length_78579_cov_33.2.g8509.t1	XP_681522.1	100	431	431	431	1.25e-287	780
NODE_104_length_78579_cov_33.2.g8511.t1	XP_681524.1	97.8	1446	1446	1851	0.0	2669
NODE_104_length_78579_cov_33.2.g8512.t1	XP_681525.1	100	276	276	317	4.87e-187	514
NODE_104_length_78579_cov_33.2.g8514.t1	XP_681526.1	88.7	540	522	497	7.93e-301	820
NODE_104_length_78579_cov_33.2.g8515.t1	XP_681527.1	100	165	180	166	1.25e-124	346
NODE_104_length_78579_cov_33.2.g8516.t1	XP_681528.1	84.3	389	389	328	1.07e-229	627
NODE_104_length_78579_cov_33.2.g8517.t1	XP_681529.2	100	749	749	749	0.0	1598
NODE_104_length_78579_cov_33.2.g8518.t1	XP_050467294.1	100	465	465	540	1.75e-309	841
NODE_104_length_78579_cov_33.2.g8519.t1	XP_050468204.1	34.7	366	370	318	1.68e-53	178
NODE_104_length_78579_cov_33.2.g8520.t1	XP_050467295.1	100	383	383	406	2.64e-284	768
NODE_104_length_78579_cov_33.2.g8521.t1	XP_681530.1	100	366	366	366	2.97e-269	728
NODE_104_length_78579_cov_33.2.g8522.t1	XP_681531.1	100	298	311	404	1.40e-216	594
NODE_104_length_78579_cov_33.2.g8523.t1	XP_681532.1	100	135	232	151	1.39e-78	231
NODE_104_length_78579_cov_33.2.g8524.t1	XP_681533.1	100	497	497	497	0.0	942
NODE_105_length_77905_cov_34.6.g8525.t1	XP_660403.1	74.2	503	513	557	3.63e-253	701
NODE_105_length_77905_cov_34.6.g8526.t1	XP_660404.1	100	462	469	485	0.0	941
NODE_105_length_77905_cov_34.6.g8527.t1	XP_050468538.1	100	282	282	282	6.47e-208	566
NODE_105_length_77905_cov_34.6.g8528.t1	XP_660406.1	100	152	152	152	6.70e-114	317
NODE_105_length_77905_cov_34.6.g8529.t1	XP_660407.1	100	126	143	126	4.00e-98	276
NODE_105_length_77905_cov_34.6.g8530.t1	XP_660408.1	82.3	566	566	466	0.0	907
NODE_105_length_77905_cov_34.6.g8531.t1	XP_660409.1	82.8	746	710	726	0.0	1191
NODE_105_length_77905_cov_34.6.g8532.t1	XP_660410.1	100	434	434	463	0.0	877
NODE_105_length_77905_cov_34.6.g8533.t1	XP_660412.1	97.7	523	523	511	0.0	1038
NODE_105_length_77905_cov_34.6.g8534.t1	XP_660413.2	100	275	293	299	9.39e-208	566
NODE_105_length_77905_cov_34.6.g8535.t1	XP_050468537.1	100	429	634	722	3.39e-309	855
NODE_105_length_77905_cov_34.6.g8536.t1	XP_050468536.1	99.8	580	1125	580	0.0	1153
NODE_105_length_77905_cov_34.6.g8537.t1	XP_660417.1	100	249	306	268	1.52e-177	489
NODE_105_length_77905_cov_34.6.g8538.t1	XP_660418.1	99.5	553	626	553	0.0	1115
NODE_105_length_77905_cov_34.6.g8539.t1	XP_050468533.1	100	502	502	502	0.0	1028
NODE_105_length_77905_cov_34.6.g8540.t1	XP_660422.1	99.9	679	679	679	0.0	1315
NODE_105_length_77905_cov_34.6.g8541.t1	XP_050468532.1	100	685	759	726	0.0	1387
NODE_105_length_77905_cov_34.6.g8542.t1	XP_868839.1	100	366	366	486	1.96e-262	716
NODE_105_length_77905_cov_34.6.g8543.t1	XP_050468531.1	100	494	494	494	0.0	978
NODE_105_length_77905_cov_34.6.g8544.t1	XP_660423.1	100	167	190	180	3.85e-118	331
NODE_106_length_74463_cov_30.4.g8545.t1	XP_681097.1	100	383	383	383	4.25e-298	802
NODE_106_length_74463_cov_30.4.g8546.t1	XP_681096.1	99.4	174	232	231	2.99e-110	315
NODE_106_length_74463_cov_30.4.g8547.t1	XP_681095.1	97.7	389	398	396	9.74e-261	709
NODE_106_length_74463_cov_30.4.g8548.t1	XP_050468055.1	99.6	2211	2208	2211	0.0	4360
NODE_106_length_74463_cov_30.4.g8549.t1	XP_681093.1	99.7	382	416	517	5.96e-287	781
NODE_106_length_74463_cov_30.4.g8550.t1	XP_681092.1	100	305	305	305	1.56e-231	627
NODE_106_length_74463_cov_30.4.g8551.t1	XP_681091.1	100	129	129	129	5.65e-95	268
NODE_106_length_74463_cov_30.4.g8552.t1	XP_050468054.1	100	263	263	263	1.33e-186	510
NODE_106_length_74463_cov_30.4.g8553.t1	XP_681089.1	100	433	433	433	3.23e-291	789
NODE_106_length_74463_cov_30.4.g8554.t1	XP_681088.2	100	370	378	389	3.67e-265	719
NODE_106_length_74463_cov_30.4.g8555.t1	XP_050468053.1	100	483	483	483	0.0	973
NODE_106_length_74463_cov_30.4.g8556.t1	XP_681086.1	93.0	328	328	305	8.23e-224	609
NODE_106_length_74463_cov_30.4.g8557.t1	XP_050468052.1	100	102	102	102	3.01e-75	216
NODE_106_length_74463_cov_30.4.g8558.t1	XP_681085.1	100	286	315	286	4.27e-218	593
NODE_106_length_74463_cov_30.4.g8559.t1	XP_681084.1	99.9	1560	1618	1559	0.0	3070
NODE_106_length_74463_cov_30.4.g8560.t1	XP_681083.1	100	1914	1914	1914	0.0	3835
NODE_106_length_74463_cov_30.4.g8561.t1	XP_681082.2	100	486	625	496	0.0	984
NODE_106_length_74463_cov_30.4.g8562.t1	XP_050468050.1	100	639	639	639	0.0	1283
NODE_106_length_74463_cov_30.4.g8564.t1	XP_681078.1	100	491	491	491	0.0	1013
NODE_106_length_74463_cov_30.4.g8565.t1	XP_681077.2	100	488	525	488	0.0	1003
NODE_106_length_74463_cov_30.4.g8567.t1	XP_681076.1	98.2	219	219	215	4.05e-156	429
NODE_106_length_74463_cov_30.4.g8568.t1	XP_681075.1	100	264	264	264	1.44e-186	510
NODE_106_length_74463_cov_30.4.g8569.t1	XP_681074.1	100	387	387	387	2.09e-291	786
NODE_106_length_74463_cov_30.4.g8570.t1	XP_050468049.1	94.5	601	568	601	0.0	1195
NODE_106_length_74463_cov_30.4.g8571.t1	XP_681072.2	78.5	456	456	370	9.09e-254	693
NODE_106_length_74463_cov_30.4.g8572.t1	XP_681070.1	100	287	287	303	2.66e-211	575
NODE_106_length_74463_cov_30.4.g8573.t1	XP_681069.1	100	629	629	629	0.0	1229
NODE_107_length_73680_cov_35.2.g8574.t1	XP_657971.1	100	419	420	419	1.09e-314	847
NODE_107_length_73680_cov_35.2.g8575.t1	XP_657970.1	100	242	242	242	8.99e-170	466
NODE_107_length_73680_cov_35.2.g8576.t1	XP_657969.1	100	133	133	133	1.08e-85	244
NODE_107_length_73680_cov_35.2.g8577.t1	XP_050469241.1	100	310	310	396	5.04e-233	635
NODE_107_length_73680_cov_35.2.g8578.t1	XP_657967.2	100	351	351	369	5.38e-246	669
NODE_107_length_73680_cov_35.2.g8579.t1	XP_657966.1	100	195	195	195	3.36e-144	397
NODE_107_length_73680_cov_35.2.g8580.t1	XP_050469242.1	100	442	518	518	5.31e-254	702
NODE_107_length_73680_cov_35.2.g8581.t1	XP_050469243.1	99.3	767	762	767	0.0	1436
NODE_107_length_73680_cov_35.2.g8582.t1	XP_657964.1	99.2	253	253	279	6.80e-156	433
NODE_107_length_73680_cov_35.2.g8583.t1	XP_657963.1	100	738	738	738	0.0	1466
NODE_107_length_73680_cov_35.2.g8584.t1	XP_657962.2	100	855	1175	880	0.0	1650
NODE_107_length_73680_cov_35.2.g8585.t1	XP_657961.1	100	316	316	316	1.82e-231	628
NODE_107_length_73680_cov_35.2.g8586.t1	XP_657960.1	100	374	374	394	2.42e-277	750
NODE_107_length_73680_cov_35.2.g8587.t1	XP_657959.1	100	550	550	876	0.0	1067
NODE_107_length_73680_cov_35.2.g8588.t1	XP_050469245.1	100	374	374	374	1.88e-276	747
NODE_107_length_73680_cov_35.2.g8589.t1	XP_657957.1	96.4	759	759	732	0.0	1473
NODE_107_length_73680_cov_35.2.g8590.t1	XP_657956.2	99.8	834	834	834	0.0	1637
NODE_107_length_73680_cov_35.2.g8591.t1	XP_050469246.1	99.4	1527	1529	1537	0.0	3101
NODE_107_length_73680_cov_35.2.g8592.t1	XP_657955.2	100	417	417	485	8.48e-307	830
NODE_107_length_73680_cov_35.2.g8593.t1	XP_657954.1	100	172	172	172	2.92e-111	312
NODE_107_length_73680_cov_35.2.g8594.t1	XP_657953.1	100	630	630	630	0.0	1180
NODE_107_length_73680_cov_35.2.g8595.t1	XP_657952.2	97.9	1036	1014	1036	0.0	2009
NODE_107_length_73680_cov_35.2.g8596.t1	XP_050469247.1	100	210	210	210	2.42e-149	412
NODE_107_length_73680_cov_35.2.g8597.t1	XP_657950.1	94.0	351	330	351	1.61e-228	623
NODE_107_length_73680_cov_35.2.g8598.t1	XP_050469248.1	100	360	360	408	1.83e-274	743
NODE_107_length_73680_cov_35.2.g8599.t1	XP_657949.2	100	359	359	359	3.22e-249	677
NODE_107_length_73680_cov_35.2.g8600.t1	XP_050469249.1	100	264	308	317	8.56e-194	533
NODE_108_length_72138_cov_33.5.g8601.t1	XP_050467850.1	98.5	339	339	334	1.66e-242	658
NODE_108_length_72138_cov_33.5.g8602.t1	XP_680609.1	95.0	441	420	441	3.28e-310	837
NODE_108_length_72138_cov_33.5.g8603.t1	XP_680608.1	100	359	359	359	4.72e-267	722
NODE_108_length_72138_cov_33.5.g8604.t1	XP_680607.1	85.6	334	291	334	5.57e-178	493
NODE_108_length_72138_cov_33.5.g8605.t1	XP_050467851.1	91.9	530	514	529	0.0	987
NODE_108_length_72138_cov_33.5.g8606.t1	XP_050467852.1	100	503	503	503	0.0	1041
NODE_108_length_72138_cov_33.5.g8607.t1	XP_680605.1	100	149	153	149	4.97e-102	287
NODE_108_length_72138_cov_33.5.g8608.t1	XP_680604.2	100	677	677	677	0.0	1292
NODE_108_length_72138_cov_33.5.g8609.t1	XP_680603.1	99.6	1124	1120	1219	0.0	2107
NODE_108_length_72138_cov_33.5.g8610.t1	XP_680601.1	96.1	775	775	745	0.0	1428
NODE_108_length_72138_cov_33.5.g8611.t1	XP_680599.1	72.1	319	467	353	7.23e-132	384
NODE_108_length_72138_cov_33.5.g8612.t1	XP_680598.2	100	86	86	164	2.01e-59	177
NODE_108_length_72138_cov_33.5.g8613.t1	XP_680597.1	99.1	214	217	218	2.48e-148	410
NODE_108_length_72138_cov_33.5.g8614.t1	XP_680596.1	100	178	178	178	1.69e-122	341
NODE_108_length_72138_cov_33.5.g8615.t1	XP_680595.1	100	499	499	499	1.75e-317	861
NODE_108_length_72138_cov_33.5.g8616.t1	XP_680594.1	94.5	1090	1697	1044	0.0	2023
NODE_108_length_72138_cov_33.5.g8617.t1	XP_680591.1	100	289	289	289	6.27e-166	460
NODE_108_length_72138_cov_33.5.g8618.t1	XP_680590.1	100	756	756	756	0.0	1486
NODE_108_length_72138_cov_33.5.g8619.t1	XP_680589.1	92.7	441	446	476	1.62e-298	810
NODE_108_length_72138_cov_33.5.g8620.t1	XP_680587.1	100	199	199	199	2.45e-148	408
NODE_108_length_72138_cov_33.5.g8621.t1	XP_680586.1	96.4	221	249	221	2.99e-149	414
NODE_108_length_72138_cov_33.5.g8622.t1	XP_680585.1	100	294	294	294	1.14e-232	629
NODE_108_length_72138_cov_33.5.g8623.t1	XP_680584.1	100	492	492	492	0.0	956
NODE_109_length_69340_cov_34.0.g8624.t1	XP_681475.1	100	445	445	488	0.0	913
NODE_109_length_69340_cov_34.0.g8625.t1	XP_681474.1	98.3	1354	1354	1347	0.0	2380
NODE_109_length_69340_cov_34.0.g8626.t1	XP_681473.1	100	398	398	415	1.10e-289	783
NODE_109_length_69340_cov_34.0.g8627.t1	XP_681472.1	94.6	717	717	678	0.0	1357
NODE_109_length_69340_cov_34.0.g8628.t1	XP_681471.1	100	503	503	503	0.0	990
NODE_109_length_69340_cov_34.0.g8629.t1	XP_050467278.1	98.2	833	833	818	0.0	1570
NODE_109_length_69340_cov_34.0.g8630.t1	XP_681469.2	98.0	151	151	163	2.38e-98	278
NODE_109_length_69340_cov_34.0.g8631.t1	XP_681468.1	100	469	469	469	0.0	972
NODE_109_length_69340_cov_34.0.g8632.t1	XP_681467.1	85.6	500	505	509	7.10e-291	795
NODE_109_length_69340_cov_34.0.g8633.t1	XP_681466.1	100	333	531	527	3.12e-237	660
NODE_109_length_69340_cov_34.0.g8634.t1	XP_681465.1	88.6	219	194	219	4.08e-123	345
NODE_109_length_69340_cov_34.0.g8635.t1	XP_681464.1	100	149	149	149	2.91e-84	242
NODE_109_length_69340_cov_34.0.g8637.t1	XP_868843.1	100	442	442	442	0.0	886
NODE_109_length_69340_cov_34.0.g8638.t1	XP_868842.2	100	246	247	247	2.66e-169	465
NODE_109_length_69340_cov_34.0.g8639.t1	XP_050467275.1	100	206	221	224	3.47e-146	405
NODE_109_length_69340_cov_34.0.g8640.t1	XP_681461.1	91.4	1122	1122	1051	0.0	1917
NODE_109_length_69340_cov_34.0.g8641.t1	XP_681460.1	100	350	350	350	3.46e-228	623
NODE_109_length_69340_cov_34.0.g8644.t1	XP_681458.1	100	741	741	751	0.0	1492
NODE_109_length_69340_cov_34.0.g8645.t1	XP_681457.2	100	329	329	329	2.82e-237	644
NODE_109_length_69340_cov_34.0.g8646.t1	XP_050467274.1	94.0	436	436	411	1.85e-244	670
NODE_110_length_69231_cov_32.8.g8647.t1	XP_662961.1	100	308	308	308	8.90e-104	304
NODE_110_length_69231_cov_32.8.g8648.t1	XP_662960.1	100	326	326	326	2.57e-227	619
NODE_110_length_69231_cov_32.8.g8649.t1	XP_662959.1	100	359	359	359	5.58e-275	742
NODE_110_length_69231_cov_32.8.g8650.t1	XP_662958.1	93.6	344	344	329	1.04e-236	643
NODE_110_length_69231_cov_32.8.g8651.t1	XP_662957.1	100	235	235	235	2.62e-179	489
NODE_110_length_69231_cov_32.8.g8652.t1	XP_050468277.1	91.3	426	807	426	4.20e-274	761
NODE_110_length_69231_cov_32.8.g8653.t1	XP_050468279.1	98.2	171	171	168	3.64e-122	340
NODE_110_length_69231_cov_32.8.g8654.t1	XP_662954.1	100	289	289	289	1.95e-217	590
NODE_110_length_69231_cov_32.8.g8655.t1	XP_662953.1	100	315	315	315	1.06e-234	636
NODE_110_length_69231_cov_32.8.g8656.t1	XP_662952.1	100	413	413	413	1.25e-303	819
NODE_110_length_69231_cov_32.8.g8657.t1	XP_662951.1	97.1	560	566	841	0.0	1028
NODE_110_length_69231_cov_32.8.g8658.t1	XP_662950.1	100	461	461	461	0.0	918
NODE_110_length_69231_cov_32.8.g8659.t1	XP_662949.1	96.3	647	734	656	0.0	1216
NODE_110_length_69231_cov_32.8.g8660.t1	XP_050468279.1	38.3	162	151	168	1.78e-29	104
NODE_110_length_69231_cov_32.8.g8661.t1	XP_662947.1	100	966	966	966	0.0	1709
NODE_110_length_69231_cov_32.8.g8662.t1	XP_662946.1	100	380	446	467	4.03e-276	753
NODE_110_length_69231_cov_32.8.g8663.t1	XP_050468265.1	34.4	674	885	699	1.03e-105	341
NODE_110_length_69231_cov_32.8.g8664.t1	XP_662944.1	100	385	385	390	1.85e-221	609
NODE_110_length_69231_cov_32.8.g8665.t1	XP_050468281.1	99.5	211	242	215	7.53e-158	435
NODE_110_length_69231_cov_32.8.g8666.t1	XP_662942.1	100	519	519	519	0.0	1056
NODE_110_length_69231_cov_32.8.g8667.t1	XP_662941.1	100	628	628	628	0.0	1233
NODE_110_length_69231_cov_32.8.g8668.t1	XP_662940.2	100	666	1250	666	0.0	1288
NODE_110_length_69231_cov_32.8.g8669.t1	XP_050468283.1	91.7	433	413	432	2.93e-277	753
NODE_111_length_67162_cov_31.5.g8670.t1	XP_682531.1	100	792	792	792	0.0	1659
NODE_111_length_67162_cov_31.5.g8671.t1	XP_682530.1	100	143	143	221	5.05e-97	277
NODE_111_length_67162_cov_31.5.g8672.t1	XP_682529.1	95.1	914	914	869	0.0	1768
NODE_111_length_67162_cov_31.5.g8673.t1	XP_682528.1	100	313	395	330	3.64e-223	611
NODE_111_length_67162_cov_31.5.g8674.t1	XP_682527.2	98.5	453	592	479	0.0	885
NODE_111_length_67162_cov_31.5.g8675.t1	XP_682526.1	100	204	204	204	1.71e-146	404
NODE_111_length_67162_cov_31.5.g8676.t1	XP_050468944.1	99.2	122	142	143	1.06e-76	223
NODE_111_length_67162_cov_31.5.g8677.t1	XP_050468943.1	100	398	398	398	1.22e-291	787
NODE_111_length_67162_cov_31.5.g8678.t1	XP_682524.2	100	162	162	162	1.09e-117	328
NODE_111_length_67162_cov_31.5.g8680.t1	XP_682522.2	99.8	500	500	499	0.0	996
NODE_111_length_67162_cov_31.5.g8681.t1	XP_682521.2	100	140	140	140	2.23e-95	270
NODE_111_length_67162_cov_31.5.g8682.t1	XP_050468942.1	100	535	535	535	0.0	1077
NODE_111_length_67162_cov_31.5.g8683.t1	XP_682519.1	100	516	516	516	0.0	1024
NODE_111_length_67162_cov_31.5.g8684.t1	XP_682518.1	99.2	131	147	174	1.05e-91	262
NODE_111_length_67162_cov_31.5.g8685.t1	XP_682517.1	93.8	372	395	529	1.23e-246	679
NODE_111_length_67162_cov_31.5.g8686.t1	XP_682516.1	98.9	177	175	177	1.75e-123	343
NODE_111_length_67162_cov_31.5.g8687.t1	XP_682515.1	100	298	298	298	7.13e-229	620
NODE_111_length_67162_cov_31.5.g8688.t1	XP_682514.1	93.3	390	431	538	1.12e-256	706
NODE_111_length_67162_cov_31.5.g8691.t1	XP_682513.1	98.3	2117	2117	2242	0.0	4090
NODE_111_length_67162_cov_31.5.g8692.t1	XP_682512.1	90.2	990	1027	948	0.0	1694
NODE_112_length_66741_cov_32.9.g8693.t1	XP_664009.1	100	223	246	245	1.41e-161	446
NODE_112_length_66741_cov_32.9.g8694.t1	XP_664008.1	100	441	441	441	2.45e-306	828
NODE_112_length_66741_cov_32.9.g8695.t1	XP_664007.1	100	483	483	483	0.0	963
NODE_112_length_66741_cov_32.9.g8697.t1	XP_664006.1	100	472	472	816	0.0	953
NODE_112_length_66741_cov_32.9.g8698.t1	XP_664005.1	100	162	162	162	9.67e-112	313
NODE_112_length_66741_cov_32.9.g8699.t1	XP_664004.1	88.5	811	817	725	0.0	1415
NODE_112_length_66741_cov_32.9.g8700.t1	XP_664003.1	100	518	518	518	0.0	1037
NODE_112_length_66741_cov_32.9.g8701.t1	XP_664002.2	100	280	280	280	9.97e-211	573
NODE_112_length_66741_cov_32.9.g8702.t1	XP_664001.1	100	502	504	518	0.0	996
NODE_112_length_66741_cov_32.9.g8703.t1	XP_664000.1	99.0	779	779	772	0.0	1518
NODE_112_length_66741_cov_32.9.g8704.t1	XP_663999.1	99.4	664	660	664	0.0	1352
NODE_112_length_66741_cov_32.9.g8705.t1	XP_663998.1	100	512	512	512	0.0	1028
NODE_112_length_66741_cov_32.9.g8706.t1	XP_663997.1	100	205	205	205	5.34e-155	426
NODE_112_length_66741_cov_32.9.g8707.t1	XP_663996.1	92.8	400	400	471	1.25e-268	732
NODE_112_length_66741_cov_32.9.g8709.t1	XP_663995.1	100	329	329	329	1.89e-260	702
NODE_112_length_66741_cov_32.9.g8710.t1	XP_663994.1	97.4	455	488	462	0.0	901
NODE_112_length_66741_cov_32.9.g8711.t1	XP_663993.1	100	501	501	501	0.0	1012
NODE_112_length_66741_cov_32.9.g8712.t1	XP_663992.1	96.1	895	885	891	0.0	1751
NODE_112_length_66741_cov_32.9.g8713.t1	XP_663991.1	91.3	529	507	525	0.0	912
NODE_112_length_66741_cov_32.9.g8714.t1	XP_663990.1	100	304	304	304	4.27e-224	608
NODE_112_length_66741_cov_32.9.g8715.t1	XP_663987.1	100	526	534	624	0.0	1062
NODE_112_length_66741_cov_32.9.g8716.t1	XP_663986.1	100	630	630	630	0.0	1236
NODE_113_length_65897_cov_36.4.g8717.t1	XP_661975.1	100	652	665	652	0.0	1275
NODE_113_length_65897_cov_36.4.g8718.t1	XP_661976.1	98.9	364	364	361	3.26e-253	687
NODE_113_length_65897_cov_36.4.g8719.t1	XP_661977.1	100	417	417	417	1.54e-290	786
NODE_113_length_65897_cov_36.4.g8720.t1	XP_050467741.1	87.5	457	457	400	2.00e-267	729
NODE_113_length_65897_cov_36.4.g8721.t1	XP_050467740.1	100	213	213	250	4.08e-158	436
NODE_113_length_65897_cov_36.4.g8722.t1	XP_661980.1	100	459	459	459	0.0	907
NODE_113_length_65897_cov_36.4.g8723.t1	XP_050467739.1	100	985	1062	985	0.0	1759
NODE_113_length_65897_cov_36.4.g8725.t1	XP_661982.1	99.1	893	893	885	0.0	1666
NODE_113_length_65897_cov_36.4.g8726.t1	XP_661983.1	100	284	284	284	1.85e-160	446
NODE_113_length_65897_cov_36.4.g8727.t1	XP_661984.1	100	865	865	865	0.0	1726
NODE_113_length_65897_cov_36.4.g8728.t1	XP_661985.1	100	174	174	174	9.46e-72	213
NODE_113_length_65897_cov_36.4.g8729.t1	XP_661986.1	100	234	234	234	6.90e-170	466
NODE_113_length_65897_cov_36.4.g8730.t1	XP_661987.1	100	421	421	425	1.44e-298	807
NODE_113_length_65897_cov_36.4.g8731.t1	XP_661988.1	99.8	415	415	415	2.94e-303	818
NODE_113_length_65897_cov_36.4.g8732.t1	XP_661989.1	97.3	1352	1346	1322	0.0	2464
NODE_113_length_65897_cov_36.4.g8733.t1	XP_661990.2	99.5	588	647	615	0.0	1163
NODE_113_length_65897_cov_36.4.g8734.t1	XP_661991.1	88.4	414	414	366	4.21e-261	709
NODE_113_length_65897_cov_36.4.g8735.t1	XP_050467737.1	96.9	128	128	124	3.23e-86	245
NODE_113_length_65897_cov_36.4.g8736.t1	XP_661993.1	97.5	401	401	391	3.18e-277	751
NODE_113_length_65897_cov_36.4.g8737.t1	XP_661994.1	100	396	396	396	1.74e-258	703
NODE_114_length_65894_cov_38.0.g8738.t1	XP_682302.1	100	437	465	458	2.73e-302	820
NODE_114_length_65894_cov_38.0.g8739.t1	XP_682303.1	98.4	511	503	511	0.0	994
NODE_114_length_65894_cov_38.0.g8740.t1	XP_682304.1	100	726	726	726	0.0	1485
NODE_114_length_65894_cov_38.0.g8741.t1	XP_682305.1	100	401	401	401	2.01e-287	777
NODE_114_length_65894_cov_38.0.g8742.t1	XP_682306.1	98.0	1009	989	1009	0.0	2014
NODE_114_length_65894_cov_38.0.g8743.t1	XP_682307.1	100	442	442	442	0.0	894
NODE_114_length_65894_cov_38.0.g8745.t1	XP_050468587.1	99.5	435	864	446	0.0	916
NODE_114_length_65894_cov_38.0.g8746.t1	XP_682310.2	100	295	295	295	4.60e-219	595
NODE_114_length_65894_cov_38.0.g8747.t1	XP_050468586.1	97.3	660	660	642	0.0	1168
NODE_114_length_65894_cov_38.0.g8749.t1	XP_682313.1	100	199	199	199	1.12e-144	399
NODE_114_length_65894_cov_38.0.g8750.t1	XP_682314.1	100	449	449	449	0.0	941
NODE_114_length_65894_cov_38.0.g8751.t1	XP_682316.1	99.1	453	450	453	0.0	911
NODE_114_length_65894_cov_38.0.g8752.t1	XP_682317.1	96.6	1125	1125	1109	0.0	2113
NODE_114_length_65894_cov_38.0.g8753.t1	XP_682318.1	100	396	396	396	3.53e-299	806
NODE_114_length_65894_cov_38.0.g8754.t1	XP_682319.1	100	538	538	538	0.0	1066
NODE_114_length_65894_cov_38.0.g8755.t1	XP_682320.1	100	356	356	356	3.16e-259	702
NODE_114_length_65894_cov_38.0.g8756.t1	XP_682321.1	100	198	198	198	5.16e-154	422
NODE_114_length_65894_cov_38.0.g8758.t1	XP_682322.1	100	143	143	230	1.30e-101	289
NODE_114_length_65894_cov_38.0.g8760.t1	XP_682323.1	99.6	285	319	290	1.74e-219	597
NODE_115_length_61428_cov_31.6.g8762.t1	XP_050468935.1	90.8	382	351	423	5.77e-238	650
NODE_115_length_61428_cov_31.6.g8763.t1	XP_660192.1	100	448	448	448	2.61e-316	854
NODE_115_length_61428_cov_31.6.g8765.t1	XP_660194.1	100	488	488	488	0.0	980
NODE_115_length_61428_cov_31.6.g8766.t1	XP_660195.1	100	435	469	483	5.87e-318	860
NODE_115_length_61428_cov_31.6.g8767.t1	XP_660196.1	100	271	271	271	6.22e-205	557
NODE_115_length_61428_cov_31.6.g8768.t1	XP_050468936.1	98.1	422	422	414	1.26e-301	814
NODE_115_length_61428_cov_31.6.g8769.t1	XP_660198.1	100	218	218	218	2.73e-168	460
NODE_115_length_61428_cov_31.6.g8771.t1	XP_050468937.1	91.7	528	525	506	0.0	931
NODE_115_length_61428_cov_31.6.g8772.t1	XP_660201.1	99.8	409	444	431	6.42e-282	766
NODE_115_length_61428_cov_31.6.g8773.t1	XP_050468938.1	95.7	680	652	680	0.0	1247
NODE_115_length_61428_cov_31.6.g8774.t1	XP_660203.1	80.2	329	344	385	7.54e-174	486
NODE_115_length_61428_cov_31.6.g8775.t1	XP_660205.1	100	540	540	540	0.0	1078
NODE_115_length_61428_cov_31.6.g8776.t1	XP_660206.2	90.7	322	351	377	9.22e-203	560
NODE_115_length_61428_cov_31.6.g8779.t1	XP_660209.1	100	202	202	223	8.23e-142	393
NODE_115_length_61428_cov_31.6.g8780.t1	XP_660210.1	98.7	670	670	661	0.0	1353
NODE_115_length_61428_cov_31.6.g8781.t1	XP_660211.1	100	505	505	505	0.0	1028
NODE_116_length_60470_cov_34.8.g8782.t1	XP_682641.1	100	625	625	625	0.0	1220
NODE_116_length_60470_cov_34.8.g8783.t1	XP_682640.1	100	1630	1630	1630	0.0	3259
NODE_116_length_60470_cov_34.8.g8784.t1	XP_682639.1	100	514	514	608	0.0	1021
NODE_116_length_60470_cov_34.8.g8785.t1	XP_682638.2	95.7	445	440	454	2.43e-309	836
NODE_116_length_60470_cov_34.8.g8786.t1	XP_682636.1	100	286	553	314	2.76e-207	577
NODE_116_length_60470_cov_34.8.g8787.t1	XP_682635.1	99.0	307	360	312	2.37e-217	594
NODE_116_length_60470_cov_34.8.g8788.t1	XP_682634.1	100	221	221	221	6.91e-159	437
NODE_116_length_60470_cov_34.8.g8789.t1	XP_682633.1	97.0	236	274	285	4.06e-164	455
NODE_116_length_60470_cov_34.8.g8790.t1	XP_682632.1	100	334	334	334	5.59e-251	679
NODE_116_length_60470_cov_34.8.g8792.t1	XP_682631.1	87.6	209	184	209	8.60e-136	376
NODE_116_length_60470_cov_34.8.g8793.t1	XP_682630.1	100	601	601	601	0.0	1035
NODE_116_length_60470_cov_34.8.g8794.t1	XP_682629.1	100	335	335	335	8.65e-203	557
NODE_116_length_60470_cov_34.8.g8795.t1	XP_682628.1	100	667	667	667	0.0	1210
NODE_116_length_60470_cov_34.8.g8796.t1	XP_050468969.1	100	145	145	145	6.80e-97	274
NODE_116_length_60470_cov_34.8.g8797.t1	XP_050468968.1	97.7	258	252	258	3.20e-174	478
NODE_116_length_60470_cov_34.8.g8798.t1	XP_682625.1	100	412	683	436	1.61e-293	806
NODE_116_length_60470_cov_34.8.g8799.t1	XP_682623.1	95.7	325	325	311	4.15e-220	600
NODE_116_length_60470_cov_34.8.g8800.t1	XP_682621.1	100	328	328	435	3.76e-233	638
NODE_116_length_60470_cov_34.8.g8801.t1	XP_682619.1	100	292	292	292	4.61e-222	602
NODE_117_length_58740_cov_34.4.g8803.t1	XP_658120.2	97.8	317	310	353	1.23e-225	615
NODE_117_length_58740_cov_34.4.g8804.t1	XP_658121.1	98.3	1771	2836	1776	0.0	3592
NODE_117_length_58740_cov_34.4.g8805.t1	XP_659809.1	82.1	184	169	184	6.97e-105	296
NODE_117_length_58740_cov_34.4.g8806.t1	XP_658124.1	71.0	310	309	310	2.37e-143	405
NODE_117_length_58740_cov_34.4.g8807.t1	XP_658125.1	100	165	229	233	7.36e-120	339
NODE_117_length_58740_cov_34.4.g8808.t1	XP_658126.1	100	140	140	140	1.13e-79	230
NODE_117_length_58740_cov_34.4.g8809.t1	XP_658127.1	95.9	2559	2570	2476	0.0	4823
NODE_117_length_58740_cov_34.4.g8810.t1	XP_658128.1	100	318	318	318	9.05e-233	632
NODE_117_length_58740_cov_34.4.g8811.t1	XP_658129.1	100	263	263	263	3.56e-191	522
NODE_117_length_58740_cov_34.4.g8812.t1	XP_658130.1	100	332	332	332	3.13e-256	692
NODE_117_length_58740_cov_34.4.g8813.t1	XP_658131.1	100	108	108	108	2.06e-78	224
NODE_117_length_58740_cov_34.4.g8814.t1	XP_658132.1	100	428	428	428	1.57e-300	812
NODE_117_length_58740_cov_34.4.g8815.t1	XP_658133.1	100	265	265	265	2.95e-200	545
NODE_117_length_58740_cov_34.4.g8816.t1	XP_658134.1	95.4	456	456	435	0.0	867
NODE_117_length_58740_cov_34.4.g8817.t1	XP_658135.1	100	139	139	139	8.76e-97	273
NODE_117_length_58740_cov_34.4.g8818.t1	XP_658137.1	100	641	641	641	0.0	1291
NODE_117_length_58740_cov_34.4.g8819.t1	XP_658138.1	100	191	191	191	6.04e-136	376
NODE_118_length_57778_cov_31.6.g8820.t1	XP_661088.1	99.6	519	609	527	0.0	1063
NODE_118_length_57778_cov_31.6.g8821.t1	XP_661089.1	100	398	398	398	4.62e-296	798
NODE_118_length_57778_cov_31.6.g8822.t1	XP_661090.1	89.3	335	324	361	3.24e-222	607
NODE_118_length_57778_cov_31.6.g8823.t1	XP_661091.1	97.8	315	326	341	3.23e-220	601
NODE_118_length_57778_cov_31.6.g8824.t1	XP_661092.1	100	550	550	554	0.0	1153
NODE_118_length_57778_cov_31.6.g8825.t1	XP_661093.1	100	978	986	978	0.0	1899
NODE_118_length_57778_cov_31.6.g8826.t1	XP_661094.1	95.5	577	570	583	0.0	1082
NODE_118_length_57778_cov_31.6.g8827.t1	XP_661095.1	47.2	517	263	517	8.55e-120	350
NODE_118_length_57778_cov_31.6.g8828.t1	XP_661096.1	100	277	286	277	1.81e-207	565
NODE_118_length_57778_cov_31.6.g8829.t1	XP_661097.1	100	215	215	215	3.44e-156	429
NODE_118_length_57778_cov_31.6.g8830.t1	XP_661098.1	100	437	437	437	2.18e-307	830
NODE_118_length_57778_cov_31.6.g8831.t1	XP_661099.1	99.9	1455	1495	1480	0.0	2871
NODE_118_length_57778_cov_31.6.g8832.t1	XP_661100.1	100	2326	2326	2326	0.0	4538
NODE_118_length_57778_cov_31.6.g8833.t1	XP_661101.1	100	523	523	523	0.0	1036
NODE_118_length_57778_cov_31.6.g8834.t1	XP_661102.1	99.8	529	529	561	0.0	1040
NODE_118_length_57778_cov_31.6.g8835.t1	XP_661103.1	100	438	438	438	0.0	889
NODE_119_length_57652_cov_48.3.g8836.t1	XP_664074.1	100	216	216	216	1.12e-166	456
NODE_119_length_57652_cov_48.3.g8837.t1	XP_664075.1	100	151	202	202	1.03e-98	283
NODE_119_length_57652_cov_48.3.g8838.t1	XP_664076.1	98.2	392	392	385	2.66e-288	778
NODE_119_length_57652_cov_48.3.g8839.t1	XP_664077.1	92.6	713	735	668	0.0	1281
NODE_119_length_57652_cov_48.3.g8840.t1	XP_664079.1	90.4	135	152	242	5.90e-82	240
NODE_119_length_57652_cov_48.3.g8841.t1	XP_664080.1	100	134	134	134	3.48e-96	271
NODE_119_length_57652_cov_48.3.g8842.t1	XP_664081.1	100	543	543	543	0.0	1054
NODE_119_length_57652_cov_48.3.g8843.t1	XP_664082.1	86.7	210	210	182	5.93e-114	321
NODE_119_length_57652_cov_48.3.g8844.t1	XP_664083.1	100	622	622	622	0.0	1199
NODE_119_length_57652_cov_48.3.g8845.t1	XP_050466910.1	90.5	420	650	479	3.52e-257	714
NODE_119_length_57652_cov_48.3.g8847.t1	XP_664086.1	100	302	302	302	1.87e-217	592
NODE_119_length_57652_cov_48.3.g8848.t1	XP_664087.2	100	424	424	424	2.57e-313	844
NODE_119_length_57652_cov_48.3.g8849.t1	XP_050466909.1	99.8	474	475	491	0.0	939
NODE_119_length_57652_cov_48.3.g8850.t1	XP_664088.1	86.8	302	348	305	2.84e-188	520
NODE_119_length_57652_cov_48.3.g8851.t1	XP_664089.1	100	520	520	520	0.0	1061
NODE_119_length_57652_cov_48.3.g8852.t1	XP_664090.2	92.7	465	781	560	7.33e-308	851
NODE_120_length_57169_cov_37.9.g8855.t1	XP_050467308.1	100	303	303	355	3.04e-220	601
NODE_120_length_57169_cov_37.9.g8856.t1	XP_868796.1	100	172	172	172	8.49e-129	357
NODE_120_length_57169_cov_37.9.g8857.t1	XP_868795.1	99.0	974	974	965	0.0	1860
NODE_120_length_57169_cov_37.9.g8858.t1	XP_050467311.1	93.3	345	384	349	3.61e-211	581
NODE_120_length_57169_cov_37.9.g8859.t1	XP_868793.1	100	738	738	738	0.0	1466
NODE_120_length_57169_cov_37.9.g8860.t1	XP_661891.1	100	388	388	388	1.68e-277	751
NODE_120_length_57169_cov_37.9.g8862.t1	XP_661889.1	86.1	770	816	802	0.0	1010
NODE_120_length_57169_cov_37.9.g8863.t1	XP_050467312.1	86.4	397	580	455	1.10e-234	653
NODE_120_length_57169_cov_37.9.g8864.t1	XP_050467313.1	99.8	881	879	881	0.0	1742
NODE_120_length_57169_cov_37.9.g8865.t1	XP_661885.2	99.5	198	200	201	1.71e-142	394
NODE_120_length_57169_cov_37.9.g8866.t1	XP_661884.1	100	320	320	320	2.86e-221	603
NODE_120_length_57169_cov_37.9.g8867.t1	XP_661883.2	100	565	565	630	0.0	1127
NODE_120_length_57169_cov_37.9.g8868.t1	XP_661882.1	99.7	1877	2441	1918	0.0	3677
NODE_120_length_57169_cov_37.9.g8869.t1	XP_050467314.1	78.4	269	274	506	8.05e-129	374
NODE_121_length_56587_cov_35.6.g8870.t1	XP_050467388.1	99.0	103	108	145	6.86e-69	201
NODE_121_length_56587_cov_35.6.g8871.t1	XP_050467389.1	100	327	327	327	1.25e-239	650
NODE_121_length_56587_cov_35.6.g8872.t1	XP_050467390.1	92.2	678	641	678	0.0	1231
NODE_121_length_56587_cov_35.6.g8873.t1	XP_661581.1	100	251	251	379	5.07e-174	483
NODE_121_length_56587_cov_35.6.g8874.t1	XP_661580.2	100	339	339	339	2.76e-249	675
NODE_121_length_56587_cov_35.6.g8875.t1	XP_661579.1	100	300	300	300	1.22e-221	602
NODE_121_length_56587_cov_35.6.g8876.t1	XP_661578.1	100	320	320	320	1.70e-238	646
NODE_121_length_56587_cov_35.6.g8877.t1	XP_661577.1	100	261	261	261	8.74e-191	521
NODE_121_length_56587_cov_35.6.g8878.t1	XP_661576.1	100	1274	1274	1274	0.0	2538
NODE_121_length_56587_cov_35.6.g8879.t1	XP_050467391.1	100	309	309	309	1.23e-230	625
NODE_121_length_56587_cov_35.6.g8880.t1	XP_661575.2	100	367	367	367	4.43e-276	745
NODE_121_length_56587_cov_35.6.g8881.t1	XP_661574.1	100	484	484	484	0.0	944
NODE_121_length_56587_cov_35.6.g8884.t1	XP_661571.1	97.3	220	221	234	5.64e-152	420
NODE_121_length_56587_cov_35.6.g8885.t1	XP_661570.1	100	119	119	224	2.00e-81	236
NODE_121_length_56587_cov_35.6.g8887.t1	XP_661568.2	88.6	167	169	195	2.44e-96	275
NODE_121_length_56587_cov_35.6.g8888.t1	XP_661567.1	100	311	311	311	3.26e-227	617
NODE_122_length_56164_cov_35.2.g8889.t1	XP_664663.1	100	135	135	135	3.21e-97	274
NODE_122_length_56164_cov_35.2.g8890.t1	XP_664664.1	100	578	591	674	0.0	1217
NODE_122_length_56164_cov_35.2.g8891.t1	XP_050467917.1	97.3	753	733	753	0.0	1383
NODE_122_length_56164_cov_35.2.g8892.t1	XP_664666.1	100	555	555	555	0.0	1174
NODE_122_length_56164_cov_35.2.g8893.t1	XP_664667.1	99.6	551	549	551	0.0	1119
NODE_122_length_56164_cov_35.2.g8894.t1	XP_664668.1	82.6	317	281	313	7.79e-182	501
NODE_122_length_56164_cov_35.2.g8895.t1	XP_050467916.1	98.6	355	350	355	4.00e-267	721
NODE_122_length_56164_cov_35.2.g8896.t1	XP_664669.2	100	552	631	559	0.0	1146
NODE_122_length_56164_cov_35.2.g8897.t1	XP_664670.1	99.8	543	542	543	0.0	1099
NODE_122_length_56164_cov_35.2.g8898.t1	XP_664671.1	99.3	536	532	536	0.0	1004
NODE_122_length_56164_cov_35.2.g8899.t1	XP_664672.1	100	572	585	588	0.0	1190
NODE_122_length_56164_cov_35.2.g8900.t1	XP_664673.2	99.7	645	971	647	0.0	1227
NODE_122_length_56164_cov_35.2.g8901.t1	XP_664674.1	100	318	339	340	1.01e-233	636
NODE_122_length_56164_cov_35.2.g8902.t1	XP_664675.1	98.8	1882	1882	1870	0.0	3656
NODE_122_length_56164_cov_35.2.g8903.t1	XP_664676.1	100	336	380	336	4.59e-242	659
NODE_122_length_56164_cov_35.2.g8904.t1	XP_664677.1	99.0	309	341	321	4.07e-213	583
NODE_122_length_56164_cov_35.2.g8905.t1	XP_664678.1	100	310	310	310	7.00e-217	591
NODE_122_length_56164_cov_35.2.g8906.t1	XP_664679.1	100	486	486	486	0.0	997
NODE_123_length_52135_cov_33.5.g8907.t1	XP_657625.2	100	239	239	239	3.72e-181	494
NODE_123_length_52135_cov_33.5.g8908.t1	XP_657624.1	100	141	141	157	1.56e-99	281
NODE_123_length_52135_cov_33.5.g8909.t1	XP_657623.2	100	317	317	417	1.97e-230	630
NODE_123_length_52135_cov_33.5.g8910.t1	XP_681364.1	35.1	388	438	539	3.42e-63	211
NODE_123_length_52135_cov_33.5.g8911.t1	XP_657621.2	100	260	260	260	2.42e-192	525
NODE_123_length_52135_cov_33.5.g8912.t1	XP_657620.1	99.7	5930	5930	5935	0.0	11663
NODE_123_length_52135_cov_33.5.g8913.t1	XP_050469366.1	98.7	1472	1472	1456	0.0	2783
NODE_123_length_52135_cov_33.5.g8914.t1	XP_657618.1	100	246	246	246	1.37e-166	458
NODE_123_length_52135_cov_33.5.g8915.t1	XP_681616.1	39.4	497	533	470	1.32e-119	359
NODE_123_length_52135_cov_33.5.g8916.t1	XP_657616.1	100	252	252	252	6.93e-188	513
NODE_124_length_46836_cov_31.3.g8917.t1	XP_050468930.1	100	266	266	266	2.07e-196	535
NODE_124_length_46836_cov_31.3.g8918.t1	XP_660181.1	100	279	307	316	1.32e-208	570
NODE_124_length_46836_cov_31.3.g8920.t1	XP_660180.1	99.8	462	480	481	0.0	941
NODE_124_length_46836_cov_31.3.g8921.t1	XP_660179.1	94.6	354	353	354	5.06e-241	655
NODE_124_length_46836_cov_31.3.g8922.t1	XP_660178.1	98.3	516	507	516	0.0	998
NODE_124_length_46836_cov_31.3.g8923.t1	XP_660177.1	98.5	275	277	313	7.56e-204	556
NODE_124_length_46836_cov_31.3.g8924.t1	XP_660176.1	100	722	722	722	0.0	1468
NODE_124_length_46836_cov_31.3.g8926.t1	XP_660174.1	96.4	338	338	326	1.14e-224	612
NODE_124_length_46836_cov_31.3.g8927.t1	XP_660173.1	100	379	379	379	9.31e-275	743
NODE_124_length_46836_cov_31.3.g8928.t1	XP_660172.1	100	136	176	143	2.13e-94	269
NODE_124_length_46836_cov_31.3.g8929.t1	XP_660171.1	100	108	108	108	1.02e-69	202
NODE_124_length_46836_cov_31.3.g8930.t1	XP_660170.1	90.0	520	498	510	0.0	880
NODE_125_length_46711_cov_34.6.g8932.t1	XP_682230.1	100	874	874	874	0.0	1526
NODE_125_length_46711_cov_34.6.g8933.t1	XP_682229.1	99.1	214	372	300	1.22e-147	418
NODE_125_length_46711_cov_34.6.g8934.t1	XP_682226.1	99.8	1550	2000	1611	0.0	2942
NODE_125_length_46711_cov_34.6.g8935.t1	XP_682225.1	100	571	571	571	0.0	1157
NODE_125_length_46711_cov_34.6.g8936.t1	XP_682224.1	87.3	473	428	473	8.36e-291	790
NODE_125_length_46711_cov_34.6.g8937.t1	XP_682223.1	96.0	480	471	480	0.0	913
NODE_125_length_46711_cov_34.6.g8938.t1	XP_682222.1	100	955	955	955	0.0	1996
NODE_125_length_46711_cov_34.6.g8939.t1	XP_682221.1	99.4	537	537	534	0.0	1093
NODE_125_length_46711_cov_34.6.g8940.t1	XP_682220.1	95.7	372	372	357	3.40e-247	672
NODE_126_length_43869_cov_33.7.g8942.t1	XP_658429.1	100	317	336	394	2.88e-227	622
NODE_126_length_43869_cov_33.7.g8943.t1	XP_658428.2	100	439	439	439	4.93e-305	825
NODE_126_length_43869_cov_33.7.g8944.t1	XP_658427.1	100	504	504	504	0.0	965
NODE_126_length_43869_cov_33.7.g8945.t1	XP_658426.1	98.3	1089	1070	1091	0.0	1953
NODE_126_length_43869_cov_33.7.g8946.t1	XP_658425.2	100	436	436	436	5.75e-320	862
NODE_126_length_43869_cov_33.7.g8947.t1	XP_658424.1	100	78	78	78	6.37e-48	145
NODE_126_length_43869_cov_33.7.g8948.t1	XP_050469124.1	100	215	215	215	5.41e-144	399
NODE_126_length_43869_cov_33.7.g8949.t1	XP_658422.1	100	714	714	714	0.0	1416
NODE_126_length_43869_cov_33.7.g8950.t1	XP_658421.1	100	566	566	566	0.0	1106
NODE_126_length_43869_cov_33.7.g8951.t1	XP_658420.1	99.0	419	415	419	2.31e-269	733
NODE_126_length_43869_cov_33.7.g8952.t1	XP_658419.1	100	256	256	256	2.16e-193	527
NODE_126_length_43869_cov_33.7.g8953.t1	XP_658418.1	100	618	618	618	0.0	1214
NODE_126_length_43869_cov_33.7.g8954.t1	XP_658417.1	100	713	713	713	0.0	1432
NODE_127_length_43748_cov_35.1.g8955.t1	XP_050467814.1	100	194	281	266	3.95e-143	401
NODE_127_length_43748_cov_35.1.g8956.t1	XP_681969.2	100	546	855	583	0.0	1072
NODE_127_length_43748_cov_35.1.g8957.t1	XP_681970.1	100	1462	1462	1462	0.0	2850
NODE_127_length_43748_cov_35.1.g8958.t1	XP_050467812.1	94.1	153	153	150	2.09e-101	286
NODE_127_length_43748_cov_35.1.g8959.t1	XP_681972.1	99.7	299	526	336	5.40e-206	573
NODE_127_length_43748_cov_35.1.g8960.t1	XP_050467810.1	100	173	173	173	1.99e-123	343
NODE_127_length_43748_cov_35.1.g8961.t1	XP_681976.1	100	544	544	544	0.0	1033
NODE_127_length_43748_cov_35.1.g8962.t1	XP_681978.1	100	416	416	416	2.89e-315	848
NODE_127_length_43748_cov_35.1.g8963.t1	XP_681979.1	100	425	425	425	3.88e-235	647
NODE_127_length_43748_cov_35.1.g8964.t1	XP_681980.1	100	216	216	216	9.94e-136	378
NODE_127_length_43748_cov_35.1.g8965.t1	XP_050467809.1	100	149	149	149	4.19e-93	265
NODE_127_length_43748_cov_35.1.g8966.t1	XP_050467808.1	96.5	989	984	985	0.0	1812
NODE_127_length_43748_cov_35.1.g8967.t1	XP_050467807.1	100	639	657	657	2.25e-253	712
NODE_127_length_43748_cov_35.1.g8968.t1	XP_681984.2	100	594	594	594	0.0	1107
NODE_127_length_43748_cov_35.1.g8969.t1	XP_681985.1	100	415	415	415	5.54e-308	830
NODE_128_length_40020_cov_33.8.g8970.t1	XP_681592.1	100	208	211	379	2.70e-151	423
NODE_128_length_40020_cov_33.8.g8972.t1	XP_681588.1	87.2	288	317	312	8.65e-172	477
NODE_128_length_40020_cov_33.8.g8973.t1	XP_681587.1	96.3	492	474	492	0.0	949
NODE_128_length_40020_cov_33.8.g8974.t1	XP_681586.1	100	542	554	560	0.0	1074
NODE_128_length_40020_cov_33.8.g8975.t1	XP_681585.1	96.9	572	561	572	0.0	1064
NODE_128_length_40020_cov_33.8.g8976.t1	XP_681584.1	82.3	345	284	345	7.17e-207	566
NODE_128_length_40020_cov_33.8.g8977.t1	XP_681583.1	90.3	1334	1330	1282	0.0	2342
NODE_128_length_40020_cov_33.8.g8978.t1	XP_681581.1	100	210	210	210	1.46e-150	415
NODE_129_length_35838_cov_33.6.g8979.t1	XP_050468561.1	99.9	676	702	676	0.0	1314
NODE_129_length_35838_cov_33.6.g8980.t1	XP_660330.1	100	214	330	253	2.00e-150	421
NODE_129_length_35838_cov_33.6.g8981.t1	XP_660331.1	100	537	537	537	0.0	1088
NODE_129_length_35838_cov_33.6.g8982.t1	XP_050468560.1	99.0	598	911	703	0.0	1181
NODE_129_length_35838_cov_33.6.g8983.t1	XP_660333.1	73.5	465	342	465	1.98e-225	620
NODE_129_length_35838_cov_33.6.g8984.t1	XP_660334.1	100	827	827	827	0.0	1613
NODE_129_length_35838_cov_33.6.g8985.t1	XP_050468558.1	100	412	412	412	5.52e-286	774
NODE_130_length_35788_cov_37.1.g8986.t1	XP_681567.1	99.7	375	375	488	1.32e-279	759
NODE_130_length_35788_cov_37.1.g8987.t1	XP_681568.1	84.4	179	221	205	1.68e-98	283
NODE_130_length_35788_cov_37.1.g8988.t1	XP_681569.1	97.0	1996	2010	1977	0.0	2620
NODE_130_length_35788_cov_37.1.g8989.t1	XP_681570.1	93.0	561	569	641	0.0	1027
NODE_130_length_35788_cov_37.1.g8990.t1	XP_681571.1	100	618	618	618	0.0	1216
NODE_130_length_35788_cov_37.1.g8991.t1	XP_681572.1	89.1	579	573	543	0.0	991
NODE_130_length_35788_cov_37.1.g8992.t1	XP_681573.1	100	1198	1198	1198	0.0	2075
NODE_131_length_34747_cov_35.1.g8994.t1	XP_664696.1	96.1	670	685	658	0.0	1259
NODE_131_length_34747_cov_35.1.g8995.t1	XP_664695.2	97.8	764	980	753	0.0	1409
NODE_131_length_34747_cov_35.1.g8996.t1	XP_662831.1	66.3	857	1277	886	0.0	1091
NODE_131_length_34747_cov_35.1.g8997.t1	XP_664693.1	95.1	735	771	699	0.0	1368
NODE_131_length_34747_cov_35.1.g8998.t1	XP_664692.1	100	432	443	471	0.0	877
NODE_131_length_34747_cov_35.1.g8999.t1	XP_664691.1	100	273	273	273	3.34e-210	571
NODE_131_length_34747_cov_35.1.g9000.t1	XP_664690.1	98.7	471	465	471	0.0	892
NODE_132_length_33451_cov_33.8.g9004.t1	XP_681848.1	99.1	328	362	429	5.23e-243	664
NODE_132_length_33451_cov_33.8.g9005.t1	XP_681849.1	100	253	253	486	3.60e-137	393
NODE_132_length_33451_cov_33.8.g9006.t1	XP_681850.1	100	502	508	673	0.0	1032
NODE_132_length_33451_cov_33.8.g9007.t1	XP_681851.2	100	603	914	624	0.0	1249
NODE_132_length_33451_cov_33.8.g9008.t1	XP_681852.1	100	339	392	341	8.16e-254	689
NODE_132_length_33451_cov_33.8.g9009.t1	XP_681853.1	100	111	111	111	6.55e-81	231
NODE_132_length_33451_cov_33.8.g9010.t1	XP_681854.1	100	321	341	333	4.88e-233	634
NODE_132_length_33451_cov_33.8.g9011.t1	XP_681856.1	100	400	409	400	6.94e-299	806
NODE_134_length_32179_cov_28.4.g9012.t1	XP_660190.1	100	759	770	759	0.0	1557
NODE_134_length_32179_cov_28.4.g9013.t1	XP_050468934.1	100	499	563	499	0.0	1000
NODE_134_length_32179_cov_28.4.g9014.t1	XP_660188.1	100	524	524	524	0.0	1020
NODE_134_length_32179_cov_28.4.g9015.t1	XP_660187.1	100	354	354	354	2.04e-254	689
NODE_134_length_32179_cov_28.4.g9016.t1	XP_660186.1	100	441	441	441	2.84e-266	727
NODE_134_length_32179_cov_28.4.g9017.t1	XP_050468933.1	100	1282	1282	1282	0.0	2457
NODE_134_length_32179_cov_28.4.g9018.t1	XP_050468932.1	98.1	260	365	277	2.11e-176	489
NODE_134_length_32179_cov_28.4.g9019.t1	XP_050468931.1	100	431	431	431	0.0	873
NODE_134_length_32179_cov_28.4.g9020.t1	XP_660183.2	100	487	487	487	0.0	938
NODE_135_length_31918_cov_35.4.g9021.t1	XP_661736.1	100	343	343	343	1.72e-245	666
NODE_135_length_31918_cov_35.4.g9022.t1	XP_661737.1	84.8	277	272	272	5.76e-165	456
NODE_135_length_31918_cov_35.4.g9023.t1	XP_661739.1	100	449	449	449	0.0	951
NODE_135_length_31918_cov_35.4.g9024.t1	XP_661740.1	100	417	417	417	4.81e-278	754
NODE_135_length_31918_cov_35.4.g9025.t1	XP_661742.1	92.4	223	206	223	1.32e-139	387
NODE_135_length_31918_cov_35.4.g9026.t1	XP_661743.1	100	650	659	1041	0.0	1350
NODE_135_length_31918_cov_35.4.g9028.t1	XP_661744.1	97.7	736	719	736	0.0	1418
NODE_136_length_31563_cov_34.7.g9031.t1	XP_658286.1	100	141	150	230	2.14e-88	256
NODE_136_length_31563_cov_34.7.g9032.t1	XP_658285.1	100	399	399	399	7.09e-296	798
NODE_136_length_31563_cov_34.7.g9033.t1	XP_658284.1	95.1	618	596	618	0.0	1128
NODE_136_length_31563_cov_34.7.g9034.t1	XP_050469167.1	100	251	251	251	7.73e-180	492
NODE_136_length_31563_cov_34.7.g9035.t1	XP_658283.2	100	420	420	420	1.28e-295	799
NODE_136_length_31563_cov_34.7.g9037.t1	XP_658280.2	100	454	454	454	0.0	897
NODE_136_length_31563_cov_34.7.g9038.t1	XP_050469169.1	100	295	295	295	6.73e-212	577
NODE_136_length_31563_cov_34.7.g9040.t1	XP_050469170.1	100	388	388	388	1.78e-288	778
NODE_136_length_31563_cov_34.7.g9041.t1	XP_658276.1	97.2	318	313	314	2.63e-216	590
NODE_136_length_31563_cov_34.7.g9042.t1	XP_658275.1	100	552	552	552	0.0	1067
NODE_136_length_31563_cov_34.7.g9043.t1	XP_658274.1	100	383	406	385	4.59e-279	755
NODE_137_length_31368_cov_36.7.g9044.t1	XP_050468303.1	100	342	342	342	1.22e-249	676
NODE_137_length_31368_cov_36.7.g9045.t1	XP_662862.1	100	502	502	502	0.0	1019
NODE_137_length_31368_cov_36.7.g9046.t1	XP_050468302.1	80.4	382	326	668	1.07e-211	592
NODE_137_length_31368_cov_36.7.g9047.t1	XP_662864.1	100	550	550	550	0.0	1150
NODE_137_length_31368_cov_36.7.g9048.t1	XP_662866.1	100	419	420	419	0.0	875
NODE_137_length_31368_cov_36.7.g9049.t1	XP_662867.1	93.2	725	721	700	0.0	1338
NODE_138_length_30922_cov_29.6.g9050.t1	XP_681857.1	100	386	397	541	5.21e-291	791
NODE_138_length_30922_cov_29.6.g9051.t1	XP_681859.1	99.4	959	959	953	0.0	1861
NODE_138_length_30922_cov_29.6.g9052.t1	XP_681860.1	100	378	378	378	1.56e-222	611
NODE_138_length_30922_cov_29.6.g9053.t1	XP_681861.1	99.8	606	606	606	0.0	1208
NODE_138_length_30922_cov_29.6.g9054.t1	XP_681862.1	96.3	483	483	465	0.0	937
NODE_138_length_30922_cov_29.6.g9055.t1	XP_681863.2	92.5	361	650	372	1.59e-240	667
NODE_138_length_30922_cov_29.6.g9056.t1	XP_681864.1	99.0	523	518	523	0.0	1019
NODE_138_length_30922_cov_29.6.g9057.t1	XP_681865.2	91.7	544	646	521	0.0	960
NODE_138_length_30922_cov_29.6.g9058.t1	XP_681866.1	93.8	353	349	341	1.31e-241	656
NODE_138_length_30922_cov_29.6.g9059.t1	XP_681867.2	100	698	698	720	0.0	1416
NODE_139_length_30299_cov_34.6.g9060.t1	XP_050468058.1	97.9	1511	1481	1511	0.0	2777
NODE_139_length_30299_cov_34.6.g9061.t1	XP_681107.1	100	2218	2413	2221	0.0	4351
NODE_139_length_30299_cov_34.6.g9062.t1	XP_681105.1	100	335	335	335	4.38e-244	662
NODE_139_length_30299_cov_34.6.g9063.t1	XP_050468057.1	100	92	100	102	5.21e-62	182
NODE_139_length_30299_cov_34.6.g9064.t1	XP_681103.1	97.9	815	815	800	0.0	1637
NODE_140_length_28950_cov_44.2.g9065.t1	XP_662871.1	100	270	270	270	1.47e-207	564
NODE_140_length_28950_cov_44.2.g9066.t1	XP_662872.1	99.6	263	274	266	2.02e-196	536
NODE_140_length_28950_cov_44.2.g9067.t1	XP_662873.1	99.4	309	308	309	5.11e-216	588
NODE_140_length_28950_cov_44.2.g9068.t1	XP_662874.1	100	425	425	425	8.67e-317	853
NODE_140_length_28950_cov_44.2.g9069.t1	XP_050468299.1	99.7	795	1402	795	0.0	1551
NODE_140_length_28950_cov_44.2.g9070.t1	XP_662877.1	100	597	1161	599	0.0	1168
NODE_140_length_28950_cov_44.2.g9071.t1	XP_662878.2	95.3	645	626	636	0.0	1217
NODE_141_length_28167_cov_34.3.g9073.t1	XP_662831.1	98.8	807	807	886	0.0	1617
NODE_141_length_28167_cov_34.3.g9074.t1	XP_662832.1	100	379	379	379	3.44e-286	772
NODE_141_length_28167_cov_34.3.g9075.t1	XP_662833.1	99.1	885	888	883	0.0	1453
NODE_141_length_28167_cov_34.3.g9076.t1	XP_662834.1	100	310	310	310	3.78e-221	602
NODE_141_length_28167_cov_34.3.g9077.t1	XP_662835.1	100	367	367	367	2.93e-290	781
NODE_141_length_28167_cov_34.3.g9078.t1	XP_662836.1	100	234	234	234	8.30e-162	445
NODE_141_length_28167_cov_34.3.g9079.t1	XP_662837.1	99.8	612	633	627	0.0	1122
NODE_141_length_28167_cov_34.3.g9080.t1	XP_662838.1	100	414	414	414	4.03e-305	823
NODE_141_length_28167_cov_34.3.g9081.t1	XP_662839.1	99.4	469	474	469	0.0	928
NODE_141_length_28167_cov_34.3.g9082.t1	XP_662840.1	100	399	399	399	3.10e-290	784
NODE_142_length_27823_cov_46.0.g9083.t1	XP_664680.1	100	463	463	463	0.0	917
NODE_142_length_27823_cov_46.0.g9085.t1	XP_660223.1	100	253	253	314	1.01e-179	494
NODE_142_length_27823_cov_46.0.g9087.t1	XP_660222.1	100	173	173	173	3.87e-121	337
NODE_142_length_27823_cov_46.0.g9088.t1	XP_660221.1	100	228	228	257	1.02e-168	463
NODE_142_length_27823_cov_46.0.g9089.t1	XP_660220.2	95.9	707	707	768	0.0	1384
NODE_143_length_27413_cov_34.6.g9091.t1	XP_660225.1	100	3770	3770	3770	0.0	7450
NODE_143_length_27413_cov_34.6.g9092.t1	XP_660226.1	100	331	331	331	4.80e-255	689
NODE_143_length_27413_cov_34.6.g9093.t1	XP_050468582.1	100	357	357	357	1.79e-270	730
NODE_143_length_27413_cov_34.6.g9095.t1	XP_660229.1	100	520	520	520	0.0	1027
NODE_145_length_27369_cov_36.0.g9096.t1	XP_661873.1	100	123	123	129	1.04e-84	241
NODE_145_length_27369_cov_36.0.g9097.t1	XP_661874.1	100	1462	1462	1484	0.0	2339
NODE_145_length_27369_cov_36.0.g9098.t1	XP_661875.1	100	586	586	586	0.0	1145
NODE_145_length_27369_cov_36.0.g9099.t1	XP_661876.1	84.7	966	966	849	0.0	1499
NODE_145_length_27369_cov_36.0.g9100.t1	XP_661877.1	100	584	584	584	0.0	1149
NODE_145_length_27369_cov_36.0.g9101.t1	XP_661878.1	100	1113	1113	1113	0.0	2131
NODE_145_length_27369_cov_36.0.g9102.t1	XP_050467306.1	100	630	630	630	0.0	1187
NODE_146_length_27109_cov_32.1.g9104.t1	XP_659394.1	100	376	446	659	2.70e-262	726
NODE_146_length_27109_cov_32.1.g9105.t1	XP_659395.1	89.0	318	304	403	1.87e-212	583
NODE_146_length_27109_cov_32.1.g9106.t1	XP_659396.1	100	341	341	341	2.40e-260	703
NODE_146_length_27109_cov_32.1.g9107.t1	XP_659397.1	99.4	168	306	184	2.15e-113	324
NODE_146_length_27109_cov_32.1.g9108.t1	XP_050468733.1	100	531	531	531	0.0	1082
NODE_146_length_27109_cov_32.1.g9109.t1	XP_659399.1	100	459	459	500	1.50e-319	865
NODE_146_length_27109_cov_32.1.g9110.t1	XP_659400.1	100	628	628	668	0.0	1272
NODE_146_length_27109_cov_32.1.g9111.t1	XP_659401.1	95.7	532	532	512	0.0	994
NODE_147_length_26945_cov_32.6.g9112.t1	XP_659193.1	95.7	823	823	788	0.0	1575
NODE_147_length_26945_cov_32.6.g9113.t1	XP_659192.1	89.7	712	712	670	0.0	1127
NODE_147_length_26945_cov_32.6.g9114.t1	XP_659191.1	100	511	511	511	0.0	975
NODE_147_length_26945_cov_32.6.g9115.t1	XP_659190.2	100	682	682	682	0.0	1413
NODE_147_length_26945_cov_32.6.g9116.t1	XP_659189.1	100	461	498	502	0.0	909
NODE_147_length_26945_cov_32.6.g9117.t1	XP_659188.2	100	631	631	712	0.0	1239
NODE_147_length_26945_cov_32.6.g9118.t1	XP_659187.1	100	393	393	393	2.26e-289	781
NODE_147_length_26945_cov_32.6.g9119.t1	XP_659186.1	100	461	461	461	0.0	909
NODE_147_length_26945_cov_32.6.g9120.t1	XP_659185.1	100	519	519	519	0.0	964
NODE_148_length_25960_cov_30.8.g9121.t1	XP_681366.2	97.5	590	581	590	0.0	1169
NODE_148_length_25960_cov_30.8.g9122.t1	XP_050467256.1	93.0	515	495	503	1.03e-302	824
NODE_148_length_25960_cov_30.8.g9123.t1	XP_050467257.1	99.6	228	228	228	3.55e-128	360
NODE_148_length_25960_cov_30.8.g9124.t1	XP_681367.1	100	276	384	276	7.83e-202	555
NODE_148_length_25960_cov_30.8.g9125.t1	XP_681368.1	99.0	477	472	477	0.0	952
NODE_148_length_25960_cov_30.8.g9126.t1	XP_681369.1	99.8	581	809	583	0.0	1090
NODE_148_length_25960_cov_30.8.g9127.t1	XP_681371.1	100	458	458	458	0.0	890
NODE_148_length_25960_cov_30.8.g9128.t1	XP_681372.1	94.8	426	405	426	1.44e-262	715
NODE_148_length_25960_cov_30.8.g9129.t1	XP_681373.1	100	283	283	283	4.04e-207	564
NODE_149_length_25880_cov_43.1.g9131.t1	XP_664402.1	100	539	539	539	0.0	1074
NODE_149_length_25880_cov_43.1.g9132.t1	XP_664401.1	100	103	109	106	2.02e-69	201
NODE_149_length_25880_cov_43.1.g9133.t1	XP_050467172.1	100	237	237	237	1.57e-172	473
NODE_149_length_25880_cov_43.1.g9134.t1	XP_664399.1	100	188	188	188	2.64e-124	347
NODE_149_length_25880_cov_43.1.g9135.t1	XP_661404.1	97.0	168	211	185	7.82e-120	336
NODE_149_length_25880_cov_43.1.g9136.t1	XP_664397.1	100	375	375	375	5.67e-283	763
NODE_149_length_25880_cov_43.1.g9137.t1	XP_664396.1	100	407	407	407	1.35e-304	821
NODE_149_length_25880_cov_43.1.g9138.t1	XP_664395.1	99.3	2577	2577	2568	0.0	5037
NODE_151_length_24739_cov_36.2.g9139.t1	XP_682612.1	100	244	282	261	7.46e-161	446
NODE_151_length_24739_cov_36.2.g9140.t1	XP_682613.1	98.5	1486	1464	1486	0.0	2881
NODE_151_length_24739_cov_36.2.g9141.t1	XP_682614.1	99.5	375	376	410	3.09e-273	740
NODE_151_length_24739_cov_36.2.g9142.t1	XP_682615.1	97.5	475	463	475	0.0	894
NODE_151_length_24739_cov_36.2.g9143.t1	XP_682616.1	96.6	296	286	296	5.58e-202	551
NODE_151_length_24739_cov_36.2.g9144.t1	XP_682617.1	98.9	663	666	672	0.0	1309
NODE_152_length_24331_cov_33.3.g9145.t1	XP_682294.1	99.8	870	870	891	0.0	1671
NODE_152_length_24331_cov_33.3.g9146.t1	XP_050468588.1	93.2	811	757	811	0.0	1484
NODE_152_length_24331_cov_33.3.g9147.t1	XP_682296.1	96.9	288	288	279	9.75e-213	578
NODE_152_length_24331_cov_33.3.g9148.t1	XP_682297.1	100	376	376	376	5.10e-291	784
NODE_152_length_24331_cov_33.3.g9149.t1	XP_682298.1	100	579	579	579	0.0	1193
NODE_152_length_24331_cov_33.3.g9150.t1	XP_682299.1	100	507	507	507	0.0	1032
NODE_152_length_24331_cov_33.3.g9151.t1	XP_682300.1	100	295	298	295	6.86e-224	607
NODE_152_length_24331_cov_33.3.g9152.t1	XP_682301.1	100	320	320	320	7.60e-251	677
NODE_153_length_24163_cov_36.6.g9153.t1	XP_050468562.1	97.9	331	331	324	6.41e-231	628
NODE_153_length_24163_cov_36.6.g9154.t1	XP_660320.1	96.8	280	280	271	1.92e-190	521
NODE_153_length_24163_cov_36.6.g9155.t1	XP_660321.1	96.5	1241	1235	1203	0.0	2383
NODE_153_length_24163_cov_36.6.g9156.t1	XP_660322.1	99.0	290	296	412	2.27e-135	388
NODE_153_length_24163_cov_36.6.g9157.t1	XP_660323.1	100	186	186	186	8.32e-136	375
NODE_153_length_24163_cov_36.6.g9158.t1	XP_660324.1	100	295	295	295	2.12e-224	608
NODE_153_length_24163_cov_36.6.g9159.t1	XP_660325.1	100	260	260	260	1.27e-178	490
NODE_153_length_24163_cov_36.6.g9160.t1	XP_660327.1	100	438	438	438	9.37e-314	847
NODE_154_length_23720_cov_32.7.g9161.t1	XP_050469233.1	91.0	233	233	223	4.34e-152	420
NODE_154_length_23720_cov_32.7.g9162.t1	XP_050469234.1	91.0	279	279	541	1.41e-176	496
NODE_154_length_23720_cov_32.7.g9163.t1	XP_050469235.1	100	504	504	504	0.0	988
NODE_154_length_23720_cov_32.7.g9164.t1	XP_657978.1	100	594	594	594	0.0	1165
NODE_154_length_23720_cov_32.7.g9165.t1	XP_657977.2	100	725	1236	725	0.0	1466
NODE_154_length_23720_cov_32.7.g9166.t1	XP_657976.1	100	242	242	242	1.83e-178	488
NODE_154_length_23720_cov_32.7.g9167.t1	XP_050469238.1	99.8	505	788	554	0.0	983
NODE_154_length_23720_cov_32.7.g9168.t1	XP_657974.1	93.9	310	310	291	8.36e-209	570
NODE_154_length_23720_cov_32.7.g9169.t1	XP_050469239.1	100	458	458	458	0.0	877
NODE_155_length_23621_cov_35.4.g9170.t1	XP_681575.1	100	174	174	174	8.34e-112	314
NODE_155_length_23621_cov_35.4.g9171.t1	XP_681576.1	100	288	291	288	2.80e-224	608
NODE_155_length_23621_cov_35.4.g9172.t1	XP_681577.1	100	130	130	130	1.56e-88	251
NODE_155_length_23621_cov_35.4.g9173.t1	XP_681578.2	97.0	531	515	531	0.0	1050
NODE_155_length_23621_cov_35.4.g9175.t1	XP_681579.1	98.5	406	467	462	4.01e-301	817
NODE_155_length_23621_cov_35.4.g9176.t1	XP_681580.1	100	268	268	268	1.02e-172	476
NODE_156_length_21243_cov_31.5.g9177.t1	XP_660266.1	100	536	536	536	0.0	1077
NODE_156_length_21243_cov_31.5.g9178.t1	XP_660267.1	100	472	472	472	0.0	952
NODE_156_length_21243_cov_31.5.g9179.t1	XP_660268.1	99.4	488	485	488	0.0	1001
NODE_156_length_21243_cov_31.5.g9180.t1	XP_660269.2	100	541	541	541	0.0	1066
NODE_156_length_21243_cov_31.5.g9181.t1	XP_660270.1	98.7	373	368	373	5.96e-269	728
NODE_156_length_21243_cov_31.5.g9182.t1	XP_050468573.1	99.3	714	1116	760	0.0	1411
NODE_156_length_21243_cov_31.5.g9183.t1	XP_660273.1	100	341	341	341	4.92e-244	662
NODE_157_length_20971_cov_29.8.g9184.t1	XP_664688.1	95.2	2425	2425	2388	0.0	4488
NODE_157_length_20971_cov_29.8.g9185.t1	XP_664687.1	100	269	323	269	1.01e-198	544
NODE_157_length_20971_cov_29.8.g9186.t1	XP_050467913.1	100	517	517	517	0.0	1030
NODE_157_length_20971_cov_29.8.g9187.t1	XP_664686.2	99.7	354	387	371	6.59e-250	680
NODE_157_length_20971_cov_29.8.g9188.t1	XP_664685.1	100	574	574	574	0.0	1144
NODE_158_length_20825_cov_39.3.g9189.t1	XP_657609.1	99.0	103	175	151	7.97e-66	197
NODE_158_length_20825_cov_39.3.g9190.t1	XP_657611.1	100	311	311	311	1.14e-227	618
NODE_158_length_20825_cov_39.3.g9191.t1	XP_658210.1	33.2	328	297	553	6.32e-42	150
NODE_158_length_20825_cov_39.3.g9192.t1	XP_657613.1	100	1362	1362	1362	0.0	2729
NODE_158_length_20825_cov_39.3.g9193.t1	XP_050469050.1	83.5	424	459	460	3.71e-262	718
NODE_158_length_20825_cov_39.3.g9194.t1	XP_050468567.1	40.5	311	365	353	8.57e-63	203
NODE_159_length_20439_cov_38.3.g9195.t1	XP_682649.1	100	237	237	237	1.23e-169	465
NODE_159_length_20439_cov_38.3.g9196.t1	XP_682648.1	100	184	211	184	1.29e-136	379
NODE_159_length_20439_cov_38.3.g9197.t1	XP_682647.1	100	282	282	282	3.59e-205	559
NODE_159_length_20439_cov_38.3.g9198.t1	XP_682646.1	100	210	274	274	3.75e-155	432
NODE_159_length_20439_cov_38.3.g9199.t1	XP_050468972.1	98.6	370	557	547	4.68e-265	733
NODE_159_length_20439_cov_38.3.g9200.t1	XP_682644.1	100	399	399	399	4.71e-310	834
NODE_159_length_20439_cov_38.3.g9201.t1	XP_050468971.1	93.6	295	328	281	2.33e-183	506
NODE_159_length_20439_cov_38.3.g9202.t1	XP_050468970.1	95.1	448	454	448	4.51e-314	848
NODE_160_length_20321_cov_34.3.g9203.t1	XP_050467806.1	100	710	770	711	0.0	1263
NODE_160_length_20321_cov_34.3.g9204.t1	XP_681988.1	100	90	90	116	1.31e-53	161
NODE_160_length_20321_cov_34.3.g9205.t1	XP_681989.1	100	239	239	239	8.76e-180	491
NODE_160_length_20321_cov_34.3.g9206.t1	XP_681990.1	98.7	554	742	606	0.0	1024
NODE_160_length_20321_cov_34.3.g9207.t1	XP_050467805.1	100	338	442	369	1.40e-244	669
NODE_160_length_20321_cov_34.3.g9208.t1	XP_681992.1	100	167	167	167	3.42e-103	291
NODE_160_length_20321_cov_34.3.g9209.t1	XP_681993.1	100	280	280	280	5.52e-183	503
NODE_161_length_20198_cov_31.6.g9210.t1	XP_050469358.1	97.1	519	509	519	0.0	1001
NODE_161_length_20198_cov_31.6.g9211.t1	XP_050469359.1	95.5	359	343	359	6.98e-258	698
NODE_161_length_20198_cov_31.6.g9212.t1	XP_050469360.1	100	544	544	544	0.0	1146
NODE_161_length_20198_cov_31.6.g9213.t1	XP_657630.1	100	703	707	703	0.0	1345
NODE_161_length_20198_cov_31.6.g9214.t1	XP_657629.1	100	603	603	603	0.0	1254
NODE_161_length_20198_cov_31.6.g9215.t1	XP_050469361.1	93.7	319	309	376	4.06e-211	579
NODE_161_length_20198_cov_31.6.g9216.t1	XP_050469362.1	100	289	316	289	3.45e-209	571
NODE_161_length_20198_cov_31.6.g9217.t1	XP_050469363.1	96.0	325	325	313	1.93e-230	626
NODE_161_length_20198_cov_31.6.g9218.t1	XP_050469364.1	99.5	192	204	320	1.37e-140	394
NODE_162_length_20172_cov_35.2.g9219.t1	XP_682218.1	76.3	925	854	778	0.0	1264
NODE_162_length_20172_cov_35.2.g9220.t1	XP_682216.1	96.9	546	541	584	0.0	1043
NODE_162_length_20172_cov_35.2.g9221.t1	XP_050468595.1	100	524	582	524	0.0	957
NODE_162_length_20172_cov_35.2.g9222.t1	XP_050468597.1	99.7	331	331	330	1.55e-253	685
NODE_163_length_20164_cov_34.4.g9223.t1	XP_664408.1	100	619	619	619	0.0	1249
NODE_163_length_20164_cov_34.4.g9224.t1	XP_664407.1	94.5	778	801	790	0.0	1068
NODE_163_length_20164_cov_34.4.g9225.t1	XP_658537.2	52.2	278	438	405	7.80e-93	285
NODE_163_length_20164_cov_34.4.g9226.t1	XP_664405.1	92.9	255	255	237	5.77e-166	457
NODE_165_length_19657_cov_38.2.g9229.t1	XP_664086.1	39.3	331	312	302	7.06e-62	197
NODE_165_length_19657_cov_38.2.g9230.t1	XP_661145.1	97.9	568	556	568	0.0	1036
NODE_165_length_19657_cov_38.2.g9231.t1	XP_661144.1	98.9	262	265	491	9.18e-186	517
NODE_165_length_19657_cov_38.2.g9232.t1	XP_050467536.1	100	488	488	488	0.0	988
NODE_167_length_18060_cov_36.1.g9234.t1	XP_050468219.1	100	254	254	489	2.48e-189	526
NODE_167_length_18060_cov_36.1.g9235.t1	XP_663255.2	96.2	657	679	677	0.0	1244
NODE_167_length_18060_cov_36.1.g9236.t1	XP_663256.1	100	1307	1307	1307	0.0	2595
NODE_167_length_18060_cov_36.1.g9237.t1	XP_663257.1	100	340	340	360	1.43e-245	667
NODE_167_length_18060_cov_36.1.g9238.t1	XP_663258.1	99.1	107	157	123	1.11e-73	215
NODE_168_length_17935_cov_69.4.g9239.t1	XP_681250.1	70.3	454	467	489	2.02e-202	568
NODE_168_length_17935_cov_69.4.g9240.t1	XP_681251.1	75.1	201	225	160	3.10e-101	289
NODE_168_length_17935_cov_69.4.g9241.t1	XP_681252.1	87.6	217	412	395	3.04e-127	371
NODE_168_length_17935_cov_69.4.g9242.t1	XP_681253.1	100	491	505	503	0.0	971
NODE_169_length_17580_cov_35.7.g9243.t1	XP_661081.1	81.6	255	244	274	3.01e-144	403
NODE_169_length_17580_cov_35.7.g9244.t1	XP_661080.1	100	463	463	463	0.0	947
NODE_169_length_17580_cov_35.7.g9245.t1	XP_661079.1	100	760	760	760	0.0	1554
NODE_169_length_17580_cov_35.7.g9246.t1	XP_661078.1	100	237	237	237	2.24e-181	495
NODE_169_length_17580_cov_35.7.g9247.t1	XP_661076.1	77.2	815	747	740	0.0	1149
NODE_170_length_16684_cov_35.0.g9248.t1	XP_660215.1	96.1	622	705	645	0.0	1187
NODE_170_length_16684_cov_35.0.g9249.t1	XP_660214.2	100	414	414	506	9.98e-308	833
NODE_170_length_16684_cov_35.0.g9250.t1	XP_660213.1	100	419	419	419	6.32e-316	850
NODE_170_length_16684_cov_35.0.g9251.t1	XP_660212.1	100	508	508	508	0.0	1019
NODE_171_length_15338_cov_33.8.g9253.t1	XP_661021.2	95.6	619	606	634	0.0	1150
NODE_171_length_15338_cov_33.8.g9254.t1	XP_661022.1	100	430	430	430	0.0	882
NODE_171_length_15338_cov_33.8.g9255.t1	XP_661023.1	100	233	233	233	6.18e-177	483
NODE_171_length_15338_cov_33.8.g9256.t1	XP_661024.1	100	510	510	510	0.0	1014
NODE_171_length_15338_cov_33.8.g9257.t1	XP_661025.1	100	249	249	249	3.28e-180	493
NODE_174_length_14393_cov_34.6.g9258.t1	XP_662882.1	91.4	1400	1406	1579	0.0	2603
NODE_174_length_14393_cov_34.6.g9259.t1	XP_662883.1	100	494	494	494	0.0	987
NODE_174_length_14393_cov_34.6.g9260.t1	XP_662884.1	99.5	770	780	849	0.0	1636
NODE_174_length_14393_cov_34.6.g9261.t1	XP_050468297.1	100	596	596	601	0.0	1205
NODE_175_length_14253_cov_35.5.g9262.t1	XP_682652.1	100	378	378	378	4.20e-291	784
NODE_175_length_14253_cov_35.5.g9263.t1	XP_682653.1	100	512	512	512	0.0	1039
NODE_176_length_13962_cov_42.7.g9264.t1	XP_661083.1	100	691	723	792	0.0	1318
NODE_176_length_13962_cov_42.7.g9265.t1	XP_661085.1	100	106	106	106	3.33e-74	213
NODE_176_length_13962_cov_42.7.g9266.t1	XP_661086.1	95.8	189	269	277	5.92e-121	345
NODE_178_length_12863_cov_32.4.g9267.t1	XP_050468570.1	97.5	635	686	713	0.0	1235
NODE_178_length_12863_cov_32.4.g9268.t1	XP_660277.1	71.2	466	430	385	4.39e-207	574
NODE_178_length_12863_cov_32.4.g9269.t1	XP_660278.1	100	458	458	554	0.0	910
NODE_179_length_12575_cov_20.5.g9270.t1	XP_661894.1	100	370	391	379	8.21e-263	713
NODE_180_length_12545_cov_36.0.g9271.t1	XP_681841.1	100	345	345	345	6.82e-253	685
NODE_180_length_12545_cov_36.0.g9273.t1	XP_050468124.1	100	108	137	108	1.86e-75	218
NODE_180_length_12545_cov_36.0.g9275.t1	XP_681839.1	63.7	237	237	171	4.99e-87	254
NODE_180_length_12545_cov_36.0.g9277.t1	XP_681838.1	100	209	217	226	6.28e-162	444
NODE_180_length_12545_cov_36.0.g9278.t1	XP_681837.1	100	179	237	194	8.56e-119	335
NODE_181_length_12400_cov_33.8.g9279.t1	XP_664732.1	100	275	275	275	1.16e-202	552
NODE_181_length_12400_cov_33.8.g9281.t1	XP_664730.1	100	843	843	876	0.0	1746
NODE_184_length_10822_cov_40.4.g9282.t1	XP_664570.1	64.0	283	337	356	6.69e-130	374
NODE_185_length_10770_cov_31.2.g9284.t1	XP_681276.1	100	234	234	320	3.51e-181	498
NODE_185_length_10770_cov_31.2.g9285.t1	XP_681277.1	100	472	472	472	0.0	972
NODE_185_length_10770_cov_31.2.g9286.t1	XP_681278.1	100	341	341	341	7.39e-255	689
NODE_185_length_10770_cov_31.2.g9287.t1	XP_681279.1	100	711	711	711	0.0	1435
NODE_185_length_10770_cov_31.2.g9288.t1	XP_050469152.1	30.2	414	558	587	1.20e-45	168
NODE_186_length_10737_cov_44.3.g9289.t1	XP_664733.1	96.3	560	1017	997	0.0	1066
NODE_186_length_10737_cov_44.3.g9290.t1	XP_664734.1	100	245	245	245	8.75e-183	499
NODE_186_length_10737_cov_44.3.g9291.t1	XP_664735.1	100	456	458	474	0.0	933
NODE_187_length_10734_cov_39.5.g9292.t1	XP_658910.1	100	400	400	400	1.10e-304	820
NODE_187_length_10734_cov_39.5.g9293.t1	XP_658911.1	99.2	124	148	141	5.47e-87	249
NODE_187_length_10734_cov_39.5.g9294.t1	XP_658912.1	93.5	186	184	177	2.96e-122	341
NODE_187_length_10734_cov_39.5.g9295.t1	XP_658913.1	97.2	738	738	717	0.0	1349
NODE_188_length_10509_cov_78.1.g9296.t1	XP_662847.2	89.8	521	503	493	0.0	880
NODE_189_length_10500_cov_42.5.g9298.t1	XP_682511.1	96.8	630	630	610	0.0	1209
NODE_189_length_10500_cov_42.5.g9299.t1	XP_682510.1	65.8	383	282	397	1.53e-157	443
NODE_192_length_10325_cov_31.5.g9300.t1	XP_662671.1	100	531	531	531	0.0	1063
NODE_192_length_10325_cov_31.5.g9301.t1	XP_662672.1	98.7	319	326	347	4.57e-242	657
NODE_192_length_10325_cov_31.5.g9302.t1	XP_662673.1	100	356	356	356	6.42e-243	660
NODE_193_length_10120_cov_38.0.g9303.t1	XP_661150.1	100	806	806	806	0.0	1578
NODE_196_length_9811_cov_31.79.g9305.t1	XP_657637.1	91.1	358	327	358	1.29e-212	583
NODE_196_length_9811_cov_31.79.g9306.t1	XP_657636.1	100	154	154	154	2.82e-107	301
NODE_196_length_9811_cov_31.79.g9307.t1	XP_657634.1	100	435	718	443	2.14e-304	835
NODE_197_length_9717_cov_35.61.g9308.t1	XP_664564.1	62.0	1317	1603	1878	0.0	1256
NODE_198_length_9677_cov_34.02.g9310.t1	XP_660216.1	100	838	838	838	0.0	1657
NODE_198_length_9677_cov_34.02.g9311.t1	XP_660217.1	97.7	518	518	506	0.0	983
NODE_198_length_9677_cov_34.02.g9312.t1	XP_660218.1	100	528	528	528	0.0	1048
NODE_200_length_9450_cov_31.52.g9314.t1	XP_662675.1	71.4	402	370	399	2.33e-185	517
NODE_200_length_9450_cov_31.52.g9315.t1	XP_662674.1	100	646	656	691	0.0	1264
NODE_202_length_9286_cov_43.66.g9316.t1	XP_682325.1	100	303	320	535	1.17e-204	569
NODE_202_length_9286_cov_43.66.g9317.t1	XP_868890.1	94.8	212	201	212	1.80e-149	412
NODE_202_length_9286_cov_43.66.g9318.t1	XP_050468585.1	100	68	68	68	4.32e-46	139
NODE_206_length_7468_cov_31.48.g9320.t1	XP_660401.1	96.0	1644	1644	1579	0.0	2871
NODE_207_length_7347_cov_36.83.g9323.t1	XP_662845.1	90.4	250	262	288	1.14e-163	453
NODE_209_length_6891_cov_34.03.g9324.t1	XP_660233.1	100	613	613	613	0.0	1269
NODE_215_length_6286_cov_29.66.g9326.t1	XP_661735.1	94.4	708	680	698	0.0	1319
NODE_216_length_6257_cov_44.22.g9327.t1	XP_050468127.1	100	85	150	89	1.36e-56	170
NODE_218_length_6100_cov_31.82.g9329.t1	XP_660219.1	99.9	683	683	682	0.0	1362
NODE_219_length_5928_cov_32.31.g9331.t1	XP_681206.1	94.0	117	117	110	4.36e-76	219
NODE_219_length_5928_cov_32.31.g9332.t1	XP_681205.2	97.5	475	480	504	0.0	905
NODE_220_length_5808_cov_32.99.g9333.t1	XP_681116.1	100	356	409	646	8.85e-214	600
NODE_222_length_5462_cov_38.97.g9334.t1	XP_681847.1	87.3	251	264	243	1.94e-154	428
NODE_222_length_5462_cov_38.97.g9335.t1	XP_681846.1	100	782	791	941	0.0	1561
NODE_226_length_5166_cov_31.75.g9336.t1	XP_660230.1	100	416	416	416	0.0	872
NODE_229_length_4951_cov_39.57.g9337.t1	XP_050467305.1	95.5	1478	1478	1460	0.0	2762
NODE_232_length_4755_cov_30.31.g9338.t1	XP_681101.1	100	648	648	648	0.0	1316
NODE_236_length_4082_cov_36.59.g9341.t1	XP_681112.1	73.5	155	153	138	1.64e-42	136
NODE_240_length_3504_cov_29.30.g9344.t1	XP_868883.1	100	434	434	434	0.0	913
NODE_245_length_3364_cov_31.84.g9346.t1	XP_868866.1	100	324	349	554	1.69e-221	614
NODE_249_length_2879_cov_30.90.g9348.t1	XP_050468061.1	100	330	330	330	3.09e-246	667
NODE_268_length_1643_cov_29.61.g9349.t1	XP_664573.1	100	290	290	290	2.19e-219	595
